{
  "type": "FeatureCollection",
  "features": [
    {
      "type": "Feature",
      "geometry": {
        "type": "Polygon",
        "coordinates": [
          [
            [
              -42.59989033158949,
              -19.43692169213265,
              0
            ],
            [
              -42.60012276525599,
              -19.43759403080534,
              0
            ],
            [
              -42.59978062958687,
              -19.43774425025016,
              0
            ],
            [
              -42.59974909898198,
              -19.43782194575519,
              0
            ],
            [
              -42.59976447670151,
              -19.43797554391711,
              0
            ],
            [
              -42.59974420931377,
              -19.43810486977634,
              0
            ],
            [
              -42.59967936592874,
              -19.43827459963978,
              0
            ],
            [
              -42.59982803119639,
              -19.43857729143817,
              0
            ],
            [
              -42.60001615648879,
              -19.43851988696252,
              0
            ],
            [
              -42.60056922888064,
              -19.43844478592698,
              0
            ],
            [
              -42.60074818839443,
              -19.43901795916324,
              0
            ],
            [
              -42.600346957565,
              -19.4393422258894,
              0
            ],
            [
              -42.60002211681977,
              -19.4391208378765,
              0
            ],
            [
              -42.59988067715785,
              -19.43891513097086,
              0
            ],
            [
              -42.5997567189318,
              -19.4389263771637,
              0
            ],
            [
              -42.59952978909363,
              -19.43886677011706,
              0
            ],
            [
              -42.5994705899146,
              -19.43877875755156,
              0
            ],
            [
              -42.59944934152192,
              -19.43863269735044,
              0
            ],
            [
              -42.59941110596672,
              -19.43844864612744,
              0
            ],
            [
              -42.59936194307199,
              -19.43830198823124,
              0
            ],
            [
              -42.599416620399,
              -19.43811472144055,
              0
            ],
            [
              -42.59935385209265,
              -19.43770322174629,
              0
            ],
            [
              -42.59925353579289,
              -19.43742411284587,
              0
            ],
            [
              -42.59921583603823,
              -19.43730056767178,
              0
            ],
            [
              -42.59924492988766,
              -19.43694895909591,
              0
            ],
            [
              -42.59989033158949,
              -19.43692169213265,
              0
            ]
          ]
        ]
      },
      "properties": {
        "name": "CENARIO 1 - 1",
        "styleUrl": "#__managed_style_0ECDBFD8563BEDCFC013",
        "styleMapHash": {
          "normal": "#__managed_style_1DC5DE21733BEDCFC013",
          "highlight": "#__managed_style_26E15BA7FB3BEDCFC013"
        }
      },
      "id": "04D41F07603B41C64C13"
    },
    {
      "type": "Feature",
      "geometry": {
        "type": "LineString",
        "coordinates": [
          [
            -42.59872542377521,
            -19.43784200996738,
            0
          ],
          [
            -42.59859419264681,
            -19.4378642507993,
            0
          ],
          [
            -42.59848600729744,
            -19.43779930639622,
            0
          ],
          [
            -42.59841470343068,
            -19.43781867126734,
            0
          ],
          [
            -42.59835909882923,
            -19.43768246427392,
            0
          ],
          [
            -42.59823835137745,
            -19.43758097250958,
            0
          ],
          [
            -42.59817599772055,
            -19.43742881417317,
            0
          ],
          [
            -42.59809945234391,
            -19.43733749280406,
            0
          ],
          [
            -42.5979177092543,
            -19.4372598144312,
            0
          ],
          [
            -42.59723266393026,
            -19.43786015992138,
            0
          ],
          [
            -42.59682883157483,
            -19.43836234527006,
            0
          ],
          [
            -42.59663451158323,
            -19.43834194218185,
            0
          ],
          [
            -42.59662375931033,
            -19.43804837844894,
            0
          ],
          [
            -42.59666309423259,
            -19.43798530041851,
            0
          ],
          [
            -42.59674424144437,
            -19.43792297449685,
            0
          ],
          [
            -42.59677845006082,
            -19.43785356719483,
            0
          ],
          [
            -42.59737821925777,
            -19.43718460197624,
            0
          ],
          [
            -42.59742406854962,
            -19.43714082718135,
            0
          ],
          [
            -42.59801707221303,
            -19.43683196748486,
            0
          ],
          [
            -42.59848923935069,
            -19.43686652333255,
            0
          ],
          [
            -42.59848790041906,
            -19.43686524794542,
            0
          ],
          [
            -42.59880669321324,
            -19.43737074097444,
            0
          ],
          [
            -42.59879863522857,
            -19.43741865509518,
            0
          ],
          [
            -42.59872297493984,
            -19.43757452378604,
            0
          ],
          [
            -42.59872295837105,
            -19.43764658621338,
            0
          ],
          [
            -42.59875184162717,
            -19.4377430126573,
            0
          ],
          [
            -42.59872563140848,
            -19.43784220341219,
            0
          ]
        ]
      },
      "properties": {
        "name": "CENÁRIO 1 - 2",
        "styleUrl": "#__managed_style_30F84B542F3BEDCFBF9C",
        "styleMapHash": {
          "normal": "#__managed_style_4BB088C9B63BEDCFBF9C",
          "highlight": "#__managed_style_5BC47251923BEDCFBF9C"
        }
      },
      "id": "02F66F300E3AFEAA1B37"
    },
    {
      "type": "Feature",
      "geometry": {
        "type": "LineString",
        "coordinates": [
          [
            -42.59855296271012,
            -19.43685763642268,
            0
          ],
          [
            -42.59885050006213,
            -19.43735560150211,
            0
          ],
          [
            -42.59876657650844,
            -19.43762417737173,
            0
          ],
          [
            -42.59879563321988,
            -19.43784815372199,
            0
          ],
          [
            -42.59857491838293,
            -19.43790151814057,
            0
          ],
          [
            -42.59848214248333,
            -19.43784869003025,
            0
          ],
          [
            -42.59840845527305,
            -19.43785690755623,
            0
          ],
          [
            -42.59837986912778,
            -19.43829951175256,
            0
          ],
          [
            -42.59833387399025,
            -19.43874384522816,
            0
          ],
          [
            -42.59814185496214,
            -19.4389843162143,
            0
          ],
          [
            -42.59858584620322,
            -19.43954591077727,
            0
          ],
          [
            -42.59912185611665,
            -19.43925789017254,
            0
          ],
          [
            -42.5991957553709,
            -19.4391896060521,
            0
          ],
          [
            -42.59934453056768,
            -19.43887868434115,
            0
          ],
          [
            -42.59937340598546,
            -19.43865168059802,
            0
          ],
          [
            -42.59930563091095,
            -19.43831853390287,
            0
          ],
          [
            -42.59936546847734,
            -19.43801677185782,
            0
          ],
          [
            -42.59930305636117,
            -19.43770597788911,
            0
          ],
          [
            -42.59915088654079,
            -19.43744296392651,
            0
          ],
          [
            -42.59917470572131,
            -19.43695763844429,
            0
          ],
          [
            -42.59855346600661,
            -19.43685760261316,
            0
          ]
        ]
      },
      "properties": {
        "name": "CENARIO 1 - 3",
        "styleUrl": "#__managed_style_30F84B542F3BEDCFBF9C",
        "styleMapHash": {
          "normal": "#__managed_style_4BB088C9B63BEDCFBF9C",
          "highlight": "#__managed_style_5BC47251923BEDCFBF9C"
        }
      },
      "id": "0463D2CBC03AFEAEBB8E"
    },
    {
      "type": "Feature",
      "geometry": {
        "type": "Polygon",
        "coordinates": [
          [
            [
              -42.56621962390568,
              -19.45375638147302,
              0
            ],
            [
              -42.56618336606195,
              -19.45385225148158,
              0
            ],
            [
              -42.56608450394426,
              -19.45399562162198,
              0
            ],
            [
              -42.56618771029066,
              -19.4540629208825,
              0
            ],
            [
              -42.56612458562211,
              -19.45441985807748,
              0
            ],
            [
              -42.56596769681639,
              -19.45463887760825,
              0
            ],
            [
              -42.56579380780007,
              -19.45469369317403,
              0
            ],
            [
              -42.56583227896394,
              -19.45489598536786,
              0
            ],
            [
              -42.56576388683916,
              -19.45500464310151,
              0
            ],
            [
              -42.56561726221729,
              -19.45506090468431,
              0
            ],
            [
              -42.56540435659944,
              -19.4550274172615,
              0
            ],
            [
              -42.5652349493452,
              -19.45506806728285,
              0
            ],
            [
              -42.56513595467283,
              -19.45514250833337,
              0
            ],
            [
              -42.56485092535215,
              -19.4552604859007,
              0
            ],
            [
              -42.56471586761503,
              -19.45494443317417,
              0
            ],
            [
              -42.56451682079856,
              -19.45503324952481,
              0
            ],
            [
              -42.56471682084305,
              -19.45563009757475,
              0
            ],
            [
              -42.56417276148168,
              -19.45593633287794,
              0
            ],
            [
              -42.56380228482787,
              -19.4561079196165,
              0
            ],
            [
              -42.56320167042217,
              -19.45610190223606,
              0
            ],
            [
              -42.56289478985619,
              -19.45599576524373,
              0
            ],
            [
              -42.56297348141462,
              -19.45567042482733,
              0
            ],
            [
              -42.56312348023144,
              -19.4556012946741,
              0
            ],
            [
              -42.5634684557444,
              -19.45563832529186,
              0
            ],
            [
              -42.56395719997988,
              -19.45529843800811,
              0
            ],
            [
              -42.5641259407528,
              -19.45516700362021,
              0
            ],
            [
              -42.56390610624982,
              -19.45482179765893,
              0
            ],
            [
              -42.56415018560089,
              -19.45464519760036,
              0
            ],
            [
              -42.56513024766551,
              -19.45427476079236,
              0
            ],
            [
              -42.56557460974827,
              -19.45429630697329,
              0
            ],
            [
              -42.5656560539833,
              -19.45417887134979,
              0
            ],
            [
              -42.56559249768485,
              -19.45392219785786,
              0
            ],
            [
              -42.56617783802292,
              -19.45349900950261,
              0
            ],
            [
              -42.56621962390568,
              -19.45375638147302,
              0
            ]
          ]
        ]
      },
      "properties": {
        "name": "CENÁRIO 2 - 1",
        "styleUrl": "#__managed_style_30F84B542F3BEDCFBF9C",
        "styleMapHash": {
          "normal": "#__managed_style_4BB088C9B63BEDCFBF9C",
          "highlight": "#__managed_style_5BC47251923BEDCFBF9C"
        }
      },
      "id": "0CEB07D5043B422956A4"
    },
    {
      "type": "Feature",
      "geometry": {
        "type": "Polygon",
        "coordinates": [
          [
            [
              -42.56938967025663,
              -19.45491481008577,
              0
            ],
            [
              -42.56827452142433,
              -19.45547153198306,
              0
            ],
            [
              -42.56723915411092,
              -19.45549775735184,
              0
            ],
            [
              -42.56725631982133,
              -19.4551525381994,
              0
            ],
            [
              -42.56709831218171,
              -19.45511760910067,
              0
            ],
            [
              -42.56714998295905,
              -19.45484971434747,
              0
            ],
            [
              -42.56699781802256,
              -19.45478497963756,
              0
            ],
            [
              -42.56711784188212,
              -19.45459276260544,
              0
            ],
            [
              -42.56702707262085,
              -19.45452032638502,
              0
            ],
            [
              -42.56690989092952,
              -19.45425523737766,
              0
            ],
            [
              -42.56668667737134,
              -19.45407062342262,
              0
            ],
            [
              -42.56670786759776,
              -19.45393359206652,
              0
            ],
            [
              -42.56652745399355,
              -19.45390119374117,
              0
            ],
            [
              -42.56636124378008,
              -19.45391411465846,
              0
            ],
            [
              -42.56629232320339,
              -19.45379254126842,
              0
            ],
            [
              -42.56637351618326,
              -19.45345116049481,
              0
            ],
            [
              -42.5671504950284,
              -19.45360129498123,
              0
            ],
            [
              -42.56821667108945,
              -19.45404746322794,
              0
            ],
            [
              -42.56839249102445,
              -19.45414864857082,
              0
            ],
            [
              -42.56856455152916,
              -19.45414841285635,
              0
            ],
            [
              -42.56870797721049,
              -19.45441187790104,
              0
            ],
            [
              -42.56884730908807,
              -19.45416217328174,
              0
            ],
            [
              -42.56938967025663,
              -19.45491481008577,
              0
            ]
          ]
        ]
      },
      "properties": {
        "name": "CENÁRIO 2 - 2",
        "styleUrl": "#__managed_style_30F84B542F3BEDCFBF9C",
        "styleMapHash": {
          "normal": "#__managed_style_4BB088C9B63BEDCFBF9C",
          "highlight": "#__managed_style_5BC47251923BEDCFBF9C"
        }
      },
      "id": "0D6A67F3033B423762D4"
    },
    {
      "type": "Feature",
      "geometry": {
        "type": "Polygon",
        "coordinates": [
          [
            [
              -42.56256591481021,
              -19.4550339367372,
              2
            ],
            [
              -42.56235948719512,
              -19.45479381141983,
              2
            ],
            [
              -42.5623990910518,
              -19.45476255928052,
              2
            ],
            [
              -42.56233289908877,
              -19.45467623837558,
              2
            ],
            [
              -42.56241493057789,
              -19.45460442701626,
              2
            ],
            [
              -42.56245346305564,
              -19.45458876067941,
              2
            ],
            [
              -42.5625464209723,
              -19.45459296722778,
              2
            ],
            [
              -42.56257765876649,
              -19.45463262952676,
              2
            ],
            [
              -42.56259642714304,
              -19.45467033087839,
              2
            ],
            [
              -42.56259644031701,
              -19.4546718241346,
              2
            ],
            [
              -42.56261073958718,
              -19.45472730823916,
              2
            ],
            [
              -42.56265245270725,
              -19.45478428774747,
              2
            ],
            [
              -42.56267889371259,
              -19.45483699698621,
              2
            ],
            [
              -42.56270792362562,
              -19.45487622500159,
              2
            ],
            [
              -42.56258653458671,
              -19.45502031020029,
              2
            ],
            [
              -42.56256591481021,
              -19.4550339367372,
              2
            ]
          ]
        ]
      },
      "properties": {
        "name": "CENÁRIO 2 - 3",
        "styleUrl": "#__managed_style_6DB59F26183BEDCFBF9C",
        "styleMapHash": {
          "normal": "#__managed_style_7C927D31F13BEDCFBF9C",
          "highlight": "#__managed_style_02B8C32B333BEDCFBF9E"
        }
      },
      "id": "0A7624FA2B3B89BB630E"
    },
    {
      "type": "Feature",
      "geometry": {
        "type": "Polygon",
        "coordinates": [
          [
            [
              -42.56164283599926,
              -19.44820012899978,
              0
            ],
            [
              -42.56182655999921,
              -19.44803981799979,
              0
            ],
            [
              -42.56212985699927,
              -19.44837874399983,
              0
            ],
            [
              -42.56205335899924,
              -19.44876228999977,
              0
            ],
            [
              -42.56169998499927,
              -19.44864126299979,
              0
            ],
            [
              -42.56133402199927,
              -19.44864133699984,
              0
            ],
            [
              -42.56132694099924,
              -19.4485741869998,
              0
            ],
            [
              -42.56129511499925,
              -19.44847607299977,
              0
            ],
            [
              -42.56107280199928,
              -19.44847649599979,
              0
            ],
            [
              -42.56107219599923,
              -19.4485870639998,
              0
            ],
            [
              -42.56082346999924,
              -19.4486149759998,
              0
            ],
            [
              -42.56081963999927,
              -19.44833693299977,
              0
            ],
            [
              -42.56164283599926,
              -19.44820012899978,
              0
            ]
          ]
        ]
      },
      "properties": {
        "name": "CENARIO 2-4",
        "styleUrl": "#__managed_style_0C4591BE703BEDCFC01C",
        "styleMapHash": {
          "normal": "#__managed_style_14002E4C003BEDCFC01C",
          "highlight": "#__managed_style_247533C68F3BEDCFC01C"
        },
        "COL57AEA9CD36881276": "MG",
        "COL57AEA9CD36748081": "Ipatinga",
        "COL57AEA9CD36B5E632": "Tiradentes",
        "COL57AEA9CD36981A1F": "2014/06/18",
        "COL57AEA9CD36BA6F38": "MG_IPA_SR_52_CPRM",
        "COL57AEA9CD36A922FE": "Processo erosivo e deslizamento planar",
        "COL57AEA9CD3667ED79": "Instalado",
        "COL57AEA9CD36CC5824": "Feição erosiva que chega a cerca de seis metros de profundidade e trinta metros de comprimento está se aproximando da base de moradia. Recentes deslizamentos de solo predominantemente silto-argiloso atingiu algumas casas.",
        "COL57AEA9CD366D00A9": "7",
        "COL57AEA9CD363141AD": "40",
        "COL57AEA9CD36D3D257": "O número de pessoas é aproximado.",
        "COL57AEA9CD36B113D3": "Médio",
        "COL57AEA9CD3629F9FC": "Alto",
        "COL57AEA9CD36F3835E": "Obras de contenção ao longo da encosta; Construção e manutençãode sistemas de drenagem; Inibir construções em áreas de risco; Sistema de alerta e monitoramento periódico das áreas de risco; Remoção de moradores em períodos chuvosos.",
        "COL57AEA9CD36409B50": "CPRM",
        "COL57AEA9CD3659AC63": "Ação Emergencial para Reconhecimento de Áreas de Alto e Muito Alto Risco a Movimentos de Massa e Enchentes",
        "COL57AEA9CD36EA7EDA": "756014",
        "COL57AEA9CD3658BE0F": "7847740",
        "COL57AEA9CD36C0DBC1": "23"
      },
      "id": "0E65CBBC313B8AEF22D8"
    },
    {
      "type": "Feature",
      "geometry": {
        "type": "Polygon",
        "coordinates": [
          [
            [
              -42.5611476878267,
              -19.45030631050521,
              0
            ],
            [
              -42.560914696584,
              -19.45041218151528,
              0
            ],
            [
              -42.56074034550803,
              -19.45057219998212,
              0
            ],
            [
              -42.56041704831389,
              -19.45082272672257,
              0
            ],
            [
              -42.56009126497931,
              -19.45111639309001,
              0
            ],
            [
              -42.55978637567781,
              -19.45141488936234,
              0
            ],
            [
              -42.55966718806432,
              -19.45130897013554,
              0
            ],
            [
              -42.55957836318262,
              -19.45116103119584,
              0
            ],
            [
              -42.55970893255648,
              -19.45101486501383,
              0
            ],
            [
              -42.55975840961946,
              -19.45090497740891,
              0
            ],
            [
              -42.55975884373155,
              -19.45083203756434,
              0
            ],
            [
              -42.55947190419872,
              -19.45081168968932,
              0
            ],
            [
              -42.55937405488779,
              -19.45090346350482,
              0
            ],
            [
              -42.55922011471777,
              -19.45101209826027,
              0
            ],
            [
              -42.55929939700054,
              -19.45107338057603,
              0
            ],
            [
              -42.55936003208603,
              -19.45114378509701,
              0
            ],
            [
              -42.55925966462853,
              -19.45124809771598,
              0
            ],
            [
              -42.55908956302728,
              -19.45111808449252,
              0
            ],
            [
              -42.55900972732172,
              -19.45116585343535,
              0
            ],
            [
              -42.55899294630279,
              -19.45121356563962,
              0
            ],
            [
              -42.55911236741124,
              -19.45131032903016,
              0
            ],
            [
              -42.55917103098689,
              -19.45136983295351,
              0
            ],
            [
              -42.55925024255743,
              -19.45142479895648,
              0
            ],
            [
              -42.55927140387208,
              -19.45149775933053,
              0
            ],
            [
              -42.55922716091938,
              -19.45158805517708,
              0
            ],
            [
              -42.55934200699041,
              -19.45171848629695,
              0
            ],
            [
              -42.55927922569582,
              -19.45175638530715,
              0
            ],
            [
              -42.5592165982859,
              -19.45170130207278,
              0
            ],
            [
              -42.55917152145989,
              -19.4516453962691,
              0
            ],
            [
              -42.55909137878265,
              -19.45163291965353,
              0
            ],
            [
              -42.55901217776683,
              -19.45160246380306,
              0
            ],
            [
              -42.55904694274327,
              -19.45153215569187,
              0
            ],
            [
              -42.55897678441446,
              -19.45148576024227,
              0
            ],
            [
              -42.5589121296695,
              -19.45143687080792,
              0
            ],
            [
              -42.55887987684156,
              -19.45137305986963,
              0
            ],
            [
              -42.55887883111281,
              -19.4513288422086,
              0
            ],
            [
              -42.55877301247904,
              -19.45128342420245,
              0
            ],
            [
              -42.55857648889027,
              -19.45118011429983,
              0
            ],
            [
              -42.55861182426293,
              -19.45112070517113,
              0
            ],
            [
              -42.55865941057323,
              -19.4509474806865,
              0
            ],
            [
              -42.55869967226609,
              -19.45089207809045,
              0
            ],
            [
              -42.55883167087998,
              -19.45081557216655,
              0
            ],
            [
              -42.55890106223906,
              -19.45080552167206,
              0
            ],
            [
              -42.55909648097025,
              -19.45076027968168,
              0
            ],
            [
              -42.55919807419848,
              -19.45075045123752,
              0
            ],
            [
              -42.559258001387,
              -19.45067894343283,
              0
            ],
            [
              -42.55935929431112,
              -19.45061423789284,
              0
            ],
            [
              -42.55944229722226,
              -19.45065115535552,
              0
            ],
            [
              -42.55951961055697,
              -19.45076616582125,
              0
            ],
            [
              -42.55978787064845,
              -19.45079192443737,
              0
            ],
            [
              -42.55986529568267,
              -19.45078157447685,
              0
            ],
            [
              -42.5599847012513,
              -19.45071688601293,
              0
            ],
            [
              -42.56006862227289,
              -19.45065975582288,
              0
            ],
            [
              -42.56028409397087,
              -19.4505070424746,
              0
            ],
            [
              -42.56036298076951,
              -19.45040499303553,
              0
            ],
            [
              -42.5606907452623,
              -19.45011519198133,
              0
            ],
            [
              -42.56082059540441,
              -19.45003343117442,
              0
            ],
            [
              -42.56096064597602,
              -19.44998345670361,
              0
            ],
            [
              -42.56122845266658,
              -19.44995699284768,
              0
            ],
            [
              -42.56138314925303,
              -19.44998955719651,
              0
            ],
            [
              -42.56144926372156,
              -19.45004044150273,
              0
            ],
            [
              -42.5614811487127,
              -19.45014526335134,
              0
            ],
            [
              -42.56149144784235,
              -19.45022367079258,
              0
            ],
            [
              -42.56149893690376,
              -19.45029609334684,
              0
            ],
            [
              -42.5613336429224,
              -19.45030016805345,
              0
            ],
            [
              -42.5611476878267,
              -19.45030631050521,
              0
            ]
          ]
        ]
      },
      "properties": {
        "name": "CENÁRIO 2-5",
        "styleUrl": "#__managed_style_30F84B542F3BEDCFBF9C",
        "styleMapHash": {
          "normal": "#__managed_style_4BB088C9B63BEDCFBF9C",
          "highlight": "#__managed_style_5BC47251923BEDCFBF9C"
        }
      },
      "id": "01A07265343B4C596B84"
    },
    {
      "type": "Feature",
      "geometry": {
        "type": "Polygon",
        "coordinates": [
          [
            [
              -42.56259621432048,
              -19.43128205032419,
              0
            ],
            [
              -42.56239790068026,
              -19.43105993898191,
              0
            ],
            [
              -42.56248119020437,
              -19.430645237737,
              0
            ],
            [
              -42.56318903449395,
              -19.43043248264555,
              0
            ],
            [
              -42.56362243568719,
              -19.43041711397545,
              0
            ],
            [
              -42.56379089367471,
              -19.43049178539704,
              0
            ],
            [
              -42.56404532887323,
              -19.43071205036798,
              0
            ],
            [
              -42.56425015293723,
              -19.43097195670764,
              0
            ],
            [
              -42.56494527836987,
              -19.43119290714877,
              0
            ],
            [
              -42.56413102893259,
              -19.43285081843999,
              0
            ],
            [
              -42.56296574308301,
              -19.43249355598072,
              0
            ],
            [
              -42.56285654849238,
              -19.43187449988028,
              0
            ],
            [
              -42.563809756335,
              -19.43091205023266,
              0
            ],
            [
              -42.56380738917431,
              -19.43074702298294,
              0
            ],
            [
              -42.5636172625987,
              -19.43065497523367,
              0
            ],
            [
              -42.56339797084739,
              -19.43063392565385,
              0
            ],
            [
              -42.56298495508364,
              -19.43092418188529,
              0
            ],
            [
              -42.56280392211054,
              -19.43082009516515,
              0
            ],
            [
              -42.56258967363438,
              -19.43104979562639,
              0
            ],
            [
              -42.5627228852486,
              -19.43118323985061,
              0
            ],
            [
              -42.56259621432048,
              -19.43128205032419,
              0
            ]
          ]
        ]
      },
      "properties": {
        "name": "CENÁRIO 3 - 1",
        "styleUrl": "#__managed_style_30F84B542F3BEDCFBF9C",
        "styleMapHash": {
          "normal": "#__managed_style_4BB088C9B63BEDCFBF9C",
          "highlight": "#__managed_style_5BC47251923BEDCFBF9C"
        }
      },
      "id": "045DE16CD73B424D6248"
    },
    {
      "type": "Feature",
      "geometry": {
        "type": "Polygon",
        "coordinates": [
          [
            [
              -42.56403621828979,
              -19.43307524395183,
              0
            ],
            [
              -42.56402468262075,
              -19.43294801748115,
              0
            ],
            [
              -42.56447323566945,
              -19.43284167395323,
              0
            ],
            [
              -42.56478929422432,
              -19.43303930225211,
              0
            ],
            [
              -42.56499471005797,
              -19.43257722604509,
              0
            ],
            [
              -42.56515357694477,
              -19.43262263260375,
              0
            ],
            [
              -42.56493264255745,
              -19.4334200518805,
              0
            ],
            [
              -42.56472995548157,
              -19.43438345221502,
              0
            ],
            [
              -42.56457503129224,
              -19.43437107379989,
              0
            ],
            [
              -42.56465037755078,
              -19.43476861647733,
              0
            ],
            [
              -42.56452743014796,
              -19.43496825343202,
              0
            ],
            [
              -42.56432595841783,
              -19.43500927939489,
              0
            ],
            [
              -42.5641525225147,
              -19.43451644779503,
              0
            ],
            [
              -42.5641542011339,
              -19.43428363591641,
              0
            ],
            [
              -42.56424909858139,
              -19.43412048790438,
              0
            ],
            [
              -42.56455406618474,
              -19.43403470565958,
              0
            ],
            [
              -42.56449156698269,
              -19.43370331269816,
              0
            ],
            [
              -42.56467356587759,
              -19.43336506691938,
              0
            ],
            [
              -42.56441276916296,
              -19.43332772723508,
              0
            ],
            [
              -42.56441144256311,
              -19.43345786264488,
              0
            ],
            [
              -42.56421037554323,
              -19.43347334705735,
              0
            ],
            [
              -42.56419241850865,
              -19.43335250378663,
              0
            ],
            [
              -42.56395394092518,
              -19.43331790185913,
              0
            ],
            [
              -42.56395129918941,
              -19.43309733786205,
              0
            ],
            [
              -42.56403621828979,
              -19.43307524395183,
              0
            ]
          ]
        ]
      },
      "properties": {
        "name": "CENÁRIO 3 - 2",
        "styleUrl": "#__managed_style_30F84B542F3BEDCFBF9C",
        "styleMapHash": {
          "normal": "#__managed_style_4BB088C9B63BEDCFBF9C",
          "highlight": "#__managed_style_5BC47251923BEDCFBF9C"
        }
      },
      "id": "0A9244874B3B424F80F6"
    },
    {
      "type": "Feature",
      "geometry": {
        "type": "Polygon",
        "coordinates": [
          [
            [
              -42.56391728436638,
              -19.43282759225712,
              0
            ],
            [
              -42.56390009751124,
              -19.43309728224958,
              0
            ],
            [
              -42.56356439574251,
              -19.43315504446867,
              0
            ],
            [
              -42.56341726803266,
              -19.43317345908178,
              0
            ],
            [
              -42.56342660846464,
              -19.43320894194112,
              0
            ],
            [
              -42.56355081077587,
              -19.43327867739386,
              0
            ],
            [
              -42.56352815863912,
              -19.43345138178529,
              0
            ],
            [
              -42.56350016287043,
              -19.43357526907658,
              0
            ],
            [
              -42.56332534632426,
              -19.43350119994457,
              0
            ],
            [
              -42.56332529687147,
              -19.43341608043312,
              0
            ],
            [
              -42.56323556398947,
              -19.43345287343569,
              0
            ],
            [
              -42.56320227947955,
              -19.43367282727802,
              0
            ],
            [
              -42.56302129061235,
              -19.43364829340399,
              0
            ],
            [
              -42.56280983360738,
              -19.43397265851305,
              0
            ],
            [
              -42.56294991117051,
              -19.4340242103556,
              0
            ],
            [
              -42.56279223375441,
              -19.4342912737969,
              0
            ],
            [
              -42.56257726767726,
              -19.43422220495692,
              0
            ],
            [
              -42.56294941058344,
              -19.43358168347673,
              0
            ],
            [
              -42.5626663439912,
              -19.43354775940218,
              0
            ],
            [
              -42.56270056114898,
              -19.43334158773431,
              0
            ],
            [
              -42.56294415749385,
              -19.43333449572279,
              0
            ],
            [
              -42.56296799037945,
              -19.43317155904749,
              0
            ],
            [
              -42.56271466942972,
              -19.4331587384293,
              0
            ],
            [
              -42.5627437422951,
              -19.43288846350654,
              0
            ],
            [
              -42.56309765147758,
              -19.43292765034351,
              0
            ],
            [
              -42.56307384634419,
              -19.433215672215,
              0
            ],
            [
              -42.56301649897288,
              -19.43334648136581,
              0
            ],
            [
              -42.56309763476376,
              -19.43336805658335,
              0
            ],
            [
              -42.56335772240755,
              -19.43331246516757,
              0
            ],
            [
              -42.5633710354516,
              -19.43320492286797,
              0
            ],
            [
              -42.56323535240794,
              -19.43321039609409,
              0
            ],
            [
              -42.56330098696044,
              -19.43262492444461,
              0
            ],
            [
              -42.56391728436638,
              -19.43282759225712,
              0
            ]
          ]
        ]
      },
      "properties": {
        "name": "CENÁRIO 3 - 3",
        "styleUrl": "#__managed_style_3429D81BBB3BEDCFBFA4",
        "styleMapHash": {
          "normal": "#__managed_style_48EB0334C93BEDCFBFA4",
          "highlight": "#__managed_style_506A9942703BEDCFBFA4"
        }
      },
      "id": "03022DA6FA3B42519C89"
    },
    {
      "type": "Feature",
      "geometry": {
        "type": "Polygon",
        "coordinates": [
          [
            [
              -42.56227185373475,
              -19.4294436047924,
              0
            ],
            [
              -42.56253390763455,
              -19.43015105879861,
              0
            ],
            [
              -42.56204900922869,
              -19.43086619342464,
              0
            ],
            [
              -42.5620195789413,
              -19.43105773873665,
              0
            ],
            [
              -42.56167192853649,
              -19.43106937601887,
              0
            ],
            [
              -42.56149825780105,
              -19.42986867639716,
              0
            ],
            [
              -42.56176676878477,
              -19.42973168836092,
              0
            ],
            [
              -42.56170520663817,
              -19.42934620929862,
              0
            ],
            [
              -42.56202809257442,
              -19.42932886072953,
              0
            ],
            [
              -42.56227185373475,
              -19.4294436047924,
              0
            ]
          ]
        ]
      },
      "properties": {
        "name": "CENÁRIO 3-4",
        "styleUrl": "#__managed_style_0A76355EF83BEDCFBFA8",
        "styleMapHash": {
          "normal": "#__managed_style_14C471D42E3BEDCFBFA8",
          "highlight": "#__managed_style_24A5D2DB5B3BEDCFBFA8"
        }
      },
      "id": "003154FAA73A536FC091"
    },
    {
      "type": "Feature",
      "geometry": {
        "type": "Polygon",
        "coordinates": [
          [
            [
              -42.56472614501671,
              -19.43589436896193,
              0
            ],
            [
              -42.56433460094498,
              -19.43592886041188,
              0
            ],
            [
              -42.56373408238754,
              -19.43651429368608,
              0
            ],
            [
              -42.56371287547088,
              -19.43811479293826,
              0
            ],
            [
              -42.56350574452269,
              -19.43837634522307,
              0
            ],
            [
              -42.56324561688944,
              -19.43677382427946,
              0
            ],
            [
              -42.56364839025313,
              -19.4349781758856,
              0
            ],
            [
              -42.56452420892725,
              -19.43507799643359,
              0
            ],
            [
              -42.56446315890582,
              -19.43532735847005,
              0
            ],
            [
              -42.5645561603543,
              -19.43567997243623,
              0
            ],
            [
              -42.56472614501671,
              -19.43589436896193,
              0
            ]
          ]
        ]
      },
      "properties": {
        "name": "CENARIO 3-5",
        "styleUrl": "#__managed_style_30F84B542F3BEDCFBF9C",
        "styleMapHash": {
          "normal": "#__managed_style_4BB088C9B63BEDCFBF9C",
          "highlight": "#__managed_style_5BC47251923BEDCFBF9C"
        }
      },
      "id": "01018E4D533A537181E0"
    },
    {
      "type": "Feature",
      "geometry": {
        "type": "Polygon",
        "coordinates": [
          [
            [
              -42.56256042152345,
              -19.43801896807097,
              0
            ],
            [
              -42.56265271446578,
              -19.43798077472454,
              0
            ],
            [
              -42.56271781487519,
              -19.43804315945448,
              0
            ],
            [
              -42.56265699005589,
              -19.43810656383231,
              0
            ],
            [
              -42.56261007683956,
              -19.43812378692886,
              0
            ],
            [
              -42.56160933815232,
              -19.43779275896373,
              0
            ],
            [
              -42.56166774855506,
              -19.43765818086841,
              0
            ],
            [
              -42.56168927049072,
              -19.43756980649525,
              0
            ],
            [
              -42.56168816092634,
              -19.43756177322835,
              0
            ],
            [
              -42.56166784517267,
              -19.43747548541749,
              0
            ],
            [
              -42.56180384757673,
              -19.43743321631337,
              0
            ],
            [
              -42.56189305320503,
              -19.43757339914614,
              0
            ],
            [
              -42.56188798005481,
              -19.43760459845902,
              0
            ],
            [
              -42.5617772140771,
              -19.43763060964525,
              0
            ],
            [
              -42.56178384447192,
              -19.43772796891434,
              0
            ],
            [
              -42.56184639937698,
              -19.43776093539043,
              0
            ],
            [
              -42.56189224291175,
              -19.43787173332757,
              0
            ],
            [
              -42.56192813285634,
              -19.43788320973944,
              0
            ],
            [
              -42.56199129228858,
              -19.43789650057523,
              0
            ],
            [
              -42.56210335487295,
              -19.43793626512622,
              0
            ],
            [
              -42.56198309063605,
              -19.43772133144135,
              0
            ],
            [
              -42.56190380823296,
              -19.43773672708126,
              0
            ],
            [
              -42.56186533051096,
              -19.43769373646855,
              0
            ],
            [
              -42.56197503306728,
              -19.43764071720059,
              0
            ],
            [
              -42.56206721892599,
              -19.43782144327281,
              0
            ],
            [
              -42.56214863238601,
              -19.43778193708733,
              0
            ],
            [
              -42.5622113449599,
              -19.43789233091677,
              0
            ],
            [
              -42.56228428046615,
              -19.43786485406191,
              0
            ],
            [
              -42.56233756868097,
              -19.43796407725718,
              0
            ],
            [
              -42.56250476545649,
              -19.43791202670139,
              0
            ],
            [
              -42.56256042152345,
              -19.43801896807097,
              0
            ]
          ]
        ]
      },
      "properties": {
        "name": "CENARIO 3-6",
        "styleUrl": "#__managed_style_6DB59F26183BEDCFBF9C",
        "styleMapHash": {
          "normal": "#__managed_style_7C927D31F13BEDCFBF9C",
          "highlight": "#__managed_style_02B8C32B333BEDCFBF9E"
        }
      },
      "id": "01AE33B29E3B89F04518"
    },
    {
      "type": "Feature",
      "geometry": {
        "type": "Polygon",
        "coordinates": [
          [
            [
              -42.56248019186372,
              -19.43491732040531,
              0
            ],
            [
              -42.56278089329562,
              -19.43491421078272,
              0
            ],
            [
              -42.56276747645896,
              -19.43504048375899,
              0
            ],
            [
              -42.56247171006996,
              -19.43502645419559,
              0
            ],
            [
              -42.56244564033347,
              -19.43530380901532,
              0
            ],
            [
              -42.56276516760178,
              -19.43534634983122,
              0
            ],
            [
              -42.5629458889826,
              -19.43535328899001,
              0
            ],
            [
              -42.56299472484749,
              -19.43562932437314,
              0
            ],
            [
              -42.56316203689546,
              -19.43568145833911,
              0
            ],
            [
              -42.5631372147692,
              -19.43578124443226,
              0
            ],
            [
              -42.56297275782101,
              -19.43572300047434,
              0
            ],
            [
              -42.56291179358222,
              -19.43553151613272,
              0
            ],
            [
              -42.56281451269033,
              -19.43552410573423,
              0
            ],
            [
              -42.56277902298456,
              -19.43554301211509,
              0
            ],
            [
              -42.56272436087101,
              -19.43557308019842,
              0
            ],
            [
              -42.56267882530276,
              -19.43560514004829,
              0
            ],
            [
              -42.5626271783408,
              -19.43563097750353,
              0
            ],
            [
              -42.56261769593814,
              -19.43565865401448,
              0
            ],
            [
              -42.56261511986011,
              -19.43570246476899,
              0
            ],
            [
              -42.56261474153594,
              -19.43572503076561,
              0
            ],
            [
              -42.56273382329076,
              -19.43583699090294,
              0
            ],
            [
              -42.56288468467816,
              -19.43588233684554,
              0
            ],
            [
              -42.56289095872978,
              -19.43597274912306,
              0
            ],
            [
              -42.56268464162937,
              -19.43587189546937,
              0
            ],
            [
              -42.56255903908061,
              -19.43601142105633,
              0
            ],
            [
              -42.56272321637996,
              -19.43610689991631,
              0
            ],
            [
              -42.56281972853995,
              -19.43620419678458,
              0
            ],
            [
              -42.562891532805,
              -19.43632522771153,
              0
            ],
            [
              -42.56299745112163,
              -19.43632770817934,
              0
            ],
            [
              -42.56298528939831,
              -19.4364174900409,
              0
            ],
            [
              -42.56285975473134,
              -19.43640416758272,
              0
            ],
            [
              -42.56281394123931,
              -19.43633414129506,
              0
            ],
            [
              -42.56271492768816,
              -19.43629706202552,
              0
            ],
            [
              -42.56260824602988,
              -19.43618030581573,
              0
            ],
            [
              -42.5624807989816,
              -19.43607954141266,
              0
            ],
            [
              -42.56226587841,
              -19.43605304126998,
              0
            ],
            [
              -42.56205341458981,
              -19.43589250088938,
              0
            ],
            [
              -42.56218351492297,
              -19.43575512078692,
              0
            ],
            [
              -42.56234156344242,
              -19.43580456544885,
              0
            ],
            [
              -42.56239411793223,
              -19.43551600847736,
              0
            ],
            [
              -42.56237877191347,
              -19.43531534480287,
              0
            ],
            [
              -42.5616169783592,
              -19.43604848437343,
              0
            ],
            [
              -42.5617262232198,
              -19.4361469576329,
              0
            ],
            [
              -42.56163848716157,
              -19.43625197917644,
              0
            ],
            [
              -42.56149986621061,
              -19.4361469512786,
              0
            ],
            [
              -42.56172924511902,
              -19.43582731702995,
              0
            ],
            [
              -42.5615031970594,
              -19.43564620994686,
              0
            ],
            [
              -42.56172270726796,
              -19.43541357443025,
              0
            ],
            [
              -42.56159672570442,
              -19.43530107588098,
              0
            ],
            [
              -42.56172200868094,
              -19.43516304597781,
              0
            ],
            [
              -42.56188765634919,
              -19.43524859645227,
              0
            ],
            [
              -42.56186077527637,
              -19.43567276713492,
              0
            ],
            [
              -42.56223677690105,
              -19.43537504593114,
              0
            ],
            [
              -42.5621272450925,
              -19.43528255985451,
              0
            ],
            [
              -42.5622449141401,
              -19.43505363837024,
              0
            ],
            [
              -42.56239238090588,
              -19.43510070208469,
              0
            ],
            [
              -42.56248019186372,
              -19.43491732040531,
              0
            ]
          ]
        ]
      },
      "properties": {
        "name": "CENARIO 3-7",
        "styleUrl": "#__managed_style_6DB59F26183BEDCFBF9C",
        "styleMapHash": {
          "normal": "#__managed_style_7C927D31F13BEDCFBF9C",
          "highlight": "#__managed_style_02B8C32B333BEDCFBF9E"
        }
      },
      "id": "0B4BE12BFC3B89F1C1C4"
    },
    {
      "type": "Feature",
      "geometry": {
        "type": "Polygon",
        "coordinates": [
          [
            [
              -42.54307734746906,
              -19.44881217831794,
              0
            ],
            [
              -42.54322475080878,
              -19.44912012172159,
              0
            ],
            [
              -42.543009174324,
              -19.44962076687177,
              0
            ],
            [
              -42.54304412330168,
              -19.44988335355752,
              0
            ],
            [
              -42.54324240782818,
              -19.44999055807323,
              0
            ],
            [
              -42.54319772276422,
              -19.45014497148046,
              0
            ],
            [
              -42.5429659070739,
              -19.45009458039623,
              0
            ],
            [
              -42.54296004206213,
              -19.45024092107112,
              0
            ],
            [
              -42.54317019084262,
              -19.45020976813539,
              0
            ],
            [
              -42.54328769526728,
              -19.4509471635329,
              0
            ],
            [
              -42.54343736766732,
              -19.45123030807173,
              0
            ],
            [
              -42.54288747296541,
              -19.45143463276628,
              0
            ],
            [
              -42.5426556582365,
              -19.45137839601099,
              0
            ],
            [
              -42.54265075026327,
              -19.45120269678785,
              0
            ],
            [
              -42.54287632086474,
              -19.45113538321087,
              0
            ],
            [
              -42.54280366046245,
              -19.45082695993271,
              0
            ],
            [
              -42.54285957428586,
              -19.45075213181853,
              0
            ],
            [
              -42.54297141461378,
              -19.45077451469689,
              0
            ],
            [
              -42.54293771087465,
              -19.45028297722693,
              0
            ],
            [
              -42.54249181351117,
              -19.45023050756794,
              0
            ],
            [
              -42.54260201818936,
              -19.44979767556319,
              0
            ],
            [
              -42.54288741881298,
              -19.44979864950878,
              0
            ],
            [
              -42.54287072624136,
              -19.4497514315315,
              0
            ],
            [
              -42.54277103269045,
              -19.44972000754126,
              0
            ],
            [
              -42.54279886249748,
              -19.44964189340259,
              0
            ],
            [
              -42.54289836782928,
              -19.44963651169085,
              0
            ],
            [
              -42.54293152104942,
              -19.44956358758444,
              0
            ],
            [
              -42.54268487957336,
              -19.44949867630735,
              0
            ],
            [
              -42.54254808538672,
              -19.44907175352386,
              0
            ],
            [
              -42.5426764224859,
              -19.44882542324778,
              0
            ],
            [
              -42.54307734746906,
              -19.44881217831794,
              0
            ]
          ]
        ]
      },
      "properties": {
        "name": "CENÁRIO 4 - 1",
        "styleUrl": "#__managed_style_30F84B542F3BEDCFBF9C",
        "styleMapHash": {
          "normal": "#__managed_style_4BB088C9B63BEDCFBF9C",
          "highlight": "#__managed_style_5BC47251923BEDCFBF9C"
        }
      },
      "id": "0AFF5A2AF73B427B17E6"
    },
    {
      "type": "Feature",
      "geometry": {
        "type": "Polygon",
        "coordinates": [
          [
            [
              -42.54441527340067,
              -19.44990423331764,
              0
            ],
            [
              -42.54470194959722,
              -19.4498847773875,
              0
            ],
            [
              -42.54485573610321,
              -19.44993766542536,
              0
            ],
            [
              -42.544954122687,
              -19.44980111753534,
              0
            ],
            [
              -42.54513089571324,
              -19.44985285805534,
              0
            ],
            [
              -42.54512514341047,
              -19.44994458088481,
              0
            ],
            [
              -42.54507159222943,
              -19.45006831173202,
              0
            ],
            [
              -42.54499994729646,
              -19.45013446472042,
              0
            ],
            [
              -42.54462080776023,
              -19.45014500174247,
              0
            ],
            [
              -42.54404560374392,
              -19.45007763568726,
              0
            ],
            [
              -42.54400209561148,
              -19.45026132582077,
              0
            ],
            [
              -42.54389386651222,
              -19.45014013925998,
              0
            ],
            [
              -42.54390792957081,
              -19.44998247825739,
              0
            ],
            [
              -42.54384397508863,
              -19.44996004481573,
              0
            ],
            [
              -42.5438715534378,
              -19.44988287297706,
              0
            ],
            [
              -42.54376771226534,
              -19.44984467224424,
              0
            ],
            [
              -42.54374405614742,
              -19.44987587196062,
              0
            ],
            [
              -42.54366406204809,
              -19.44987000640491,
              0
            ],
            [
              -42.54367019314278,
              -19.44990726321622,
              0
            ],
            [
              -42.54355624524285,
              -19.44987881606342,
              0
            ],
            [
              -42.54356411502297,
              -19.44977898252733,
              0
            ],
            [
              -42.54351640610334,
              -19.44974061007211,
              0
            ],
            [
              -42.54345955973888,
              -19.44972164647555,
              0
            ],
            [
              -42.54351194575795,
              -19.44945118988223,
              0
            ],
            [
              -42.54371907661947,
              -19.44948905786084,
              0
            ],
            [
              -42.54394297407477,
              -19.44960573168718,
              0
            ],
            [
              -42.54412175500012,
              -19.44977106125739,
              0
            ],
            [
              -42.54441527340067,
              -19.44990423331764,
              0
            ]
          ]
        ]
      },
      "properties": {
        "name": "CENÁRIO 4 - 2",
        "styleUrl": "#__managed_style_30F84B542F3BEDCFBF9C",
        "styleMapHash": {
          "normal": "#__managed_style_4BB088C9B63BEDCFBF9C",
          "highlight": "#__managed_style_5BC47251923BEDCFBF9C"
        }
      },
      "id": "0B553BE81D3B4285CE3C"
    },
    {
      "type": "Feature",
      "geometry": {
        "type": "Polygon",
        "coordinates": [
          [
            [
              -42.54448807023156,
              -19.44958002968668,
              0
            ],
            [
              -42.54429713709834,
              -19.44955292751997,
              0
            ],
            [
              -42.54385852500185,
              -19.44921319609439,
              0
            ],
            [
              -42.543533781239,
              -19.44905372318312,
              0
            ],
            [
              -42.54352832001672,
              -19.44884290919011,
              0
            ],
            [
              -42.54356023446401,
              -19.44866417287571,
              0
            ],
            [
              -42.54341122901616,
              -19.44860769265336,
              0
            ],
            [
              -42.54324474300039,
              -19.4486004431217,
              0
            ],
            [
              -42.54320947693324,
              -19.44849392487597,
              0
            ],
            [
              -42.54332229739168,
              -19.44847041494648,
              0
            ],
            [
              -42.54343635111162,
              -19.44851507913057,
              0
            ],
            [
              -42.54358937304853,
              -19.44859540115556,
              0
            ],
            [
              -42.54421907912702,
              -19.44837577017742,
              0
            ],
            [
              -42.54469987596408,
              -19.44827307930747,
              0
            ],
            [
              -42.54514391294041,
              -19.44835735273039,
              0
            ],
            [
              -42.54550348997626,
              -19.44846594379875,
              0
            ],
            [
              -42.54563535725288,
              -19.44853822706171,
              0
            ],
            [
              -42.54582211588519,
              -19.44855110309222,
              0
            ],
            [
              -42.54565047396613,
              -19.4488683895165,
              0
            ],
            [
              -42.54527604638216,
              -19.44868123555818,
              0
            ],
            [
              -42.54537836556243,
              -19.44846172361103,
              0
            ],
            [
              -42.54506145124451,
              -19.44836432946007,
              0
            ],
            [
              -42.5449146467796,
              -19.44857203614607,
              0
            ],
            [
              -42.54476556608356,
              -19.44858314001298,
              0
            ],
            [
              -42.54455296822958,
              -19.4487242934731,
              0
            ],
            [
              -42.54454031971861,
              -19.44916949562937,
              0
            ],
            [
              -42.54456584892088,
              -19.44942628896274,
              0
            ],
            [
              -42.54448807023156,
              -19.44958002968668,
              0
            ]
          ]
        ]
      },
      "properties": {
        "name": "CENÁRIO 4 - 3",
        "styleUrl": "#__managed_style_30F84B542F3BEDCFBF9C",
        "styleMapHash": {
          "normal": "#__managed_style_4BB088C9B63BEDCFBF9C",
          "highlight": "#__managed_style_5BC47251923BEDCFBF9C"
        }
      },
      "id": "07D57656843B42891744"
    },
    {
      "type": "Feature",
      "geometry": {
        "type": "Polygon",
        "coordinates": [
          [
            [
              -42.57818638651153,
              -19.46461763089721,
              0
            ],
            [
              -42.57758994704498,
              -19.46425627896392,
              0
            ],
            [
              -42.57712043331182,
              -19.4643973028308,
              0
            ],
            [
              -42.57718590474235,
              -19.46416731654553,
              0
            ],
            [
              -42.57721214597963,
              -19.46407326927883,
              0
            ],
            [
              -42.57726092575989,
              -19.46394517431197,
              0
            ],
            [
              -42.57734788055644,
              -19.46365246628114,
              0
            ],
            [
              -42.57730274502003,
              -19.46357789477451,
              0
            ],
            [
              -42.5772905337042,
              -19.4637290952263,
              0
            ],
            [
              -42.57724432676061,
              -19.46384864146792,
              0
            ],
            [
              -42.57712029101073,
              -19.46398613858214,
              0
            ],
            [
              -42.57699225841773,
              -19.46411944344488,
              0
            ],
            [
              -42.57684596641813,
              -19.46421260021299,
              0
            ],
            [
              -42.57662416101774,
              -19.46435268949506,
              0
            ],
            [
              -42.57656090931388,
              -19.46424222587198,
              0
            ],
            [
              -42.57648243244587,
              -19.4640398666962,
              0
            ],
            [
              -42.57677448396239,
              -19.46386862619564,
              0
            ],
            [
              -42.57699190212102,
              -19.46378841498775,
              0
            ],
            [
              -42.57692192559679,
              -19.46363264221374,
              0
            ],
            [
              -42.57658458326946,
              -19.46376559608064,
              0
            ],
            [
              -42.57676285421088,
              -19.46328052827988,
              0
            ],
            [
              -42.57751497031285,
              -19.46329901979206,
              0
            ],
            [
              -42.57752998600369,
              -19.46315948607801,
              0
            ],
            [
              -42.57821602544648,
              -19.46322376455767,
              0
            ],
            [
              -42.57825592650887,
              -19.46336834473096,
              0
            ],
            [
              -42.5785832595862,
              -19.46333512638939,
              0
            ],
            [
              -42.57878925695487,
              -19.46355335077108,
              0
            ],
            [
              -42.5787941666459,
              -19.46367773618791,
              0
            ],
            [
              -42.57887765706666,
              -19.46387970496379,
              0
            ],
            [
              -42.57894437494296,
              -19.46406245554719,
              0
            ],
            [
              -42.57878454778185,
              -19.4640889369969,
              0
            ],
            [
              -42.57861733915188,
              -19.46410324988531,
              0
            ],
            [
              -42.57828929284229,
              -19.46412766356986,
              0
            ],
            [
              -42.57818638651153,
              -19.46461763089721,
              0
            ]
          ]
        ]
      },
      "properties": {
        "name": "CENÁRIO 5-1",
        "styleUrl": "#__managed_style_30F84B542F3BEDCFBF9C",
        "styleMapHash": {
          "normal": "#__managed_style_4BB088C9B63BEDCFBF9C",
          "highlight": "#__managed_style_5BC47251923BEDCFBF9C"
        }
      },
      "id": "028E936EB63B46A68FC4"
    },
    {
      "type": "Feature",
      "geometry": {
        "type": "Polygon",
        "coordinates": [
          [
            [
              -42.5798268478368,
              -19.46308554768825,
              0
            ],
            [
              -42.57994513364644,
              -19.4631378900655,
              0
            ],
            [
              -42.58003928420569,
              -19.46316601341794,
              0
            ],
            [
              -42.58012627333778,
              -19.46317524070808,
              0
            ],
            [
              -42.58021884783189,
              -19.46319813394534,
              0
            ],
            [
              -42.58032823987502,
              -19.46323971393238,
              0
            ],
            [
              -42.58036800423248,
              -19.46330718462914,
              0
            ],
            [
              -42.58022829272338,
              -19.46336232234815,
              0
            ],
            [
              -42.57990197078587,
              -19.46344952838218,
              0
            ],
            [
              -42.57974843831788,
              -19.46358971158168,
              0
            ],
            [
              -42.57973343327114,
              -19.46366489112068,
              0
            ],
            [
              -42.57959402329929,
              -19.46387003742831,
              0
            ],
            [
              -42.57944099146827,
              -19.46406919518179,
              0
            ],
            [
              -42.57973359722908,
              -19.46417926683865,
              0
            ],
            [
              -42.57957631299583,
              -19.46453977044409,
              0
            ],
            [
              -42.57948406955472,
              -19.46449761993471,
              0
            ],
            [
              -42.57907737177266,
              -19.46431467047517,
              0
            ],
            [
              -42.57914132551836,
              -19.46416048242271,
              0
            ],
            [
              -42.57884372443554,
              -19.46426550614097,
              0
            ],
            [
              -42.57883095018541,
              -19.46435489360587,
              0
            ],
            [
              -42.57874547923781,
              -19.46435713140399,
              0
            ],
            [
              -42.57872351637025,
              -19.46427529930143,
              0
            ],
            [
              -42.57852224576366,
              -19.46430836554838,
              0
            ],
            [
              -42.57851501392044,
              -19.46437167962892,
              0
            ],
            [
              -42.57838553600363,
              -19.46436322959671,
              0
            ],
            [
              -42.57834792518742,
              -19.46413728557459,
              0
            ],
            [
              -42.57878636144078,
              -19.46411351946443,
              0
            ],
            [
              -42.57878348612122,
              -19.46411229338846,
              0
            ],
            [
              -42.57896050340793,
              -19.46407938068941,
              0
            ],
            [
              -42.57894620101638,
              -19.46398380423874,
              0
            ],
            [
              -42.57883185256434,
              -19.46371170239048,
              0
            ],
            [
              -42.57899649114442,
              -19.46363248838172,
              0
            ],
            [
              -42.5790508242739,
              -19.46368410265675,
              0
            ],
            [
              -42.57906646488512,
              -19.46377591574392,
              0
            ],
            [
              -42.57902207585951,
              -19.46384433958097,
              0
            ],
            [
              -42.57910894468461,
              -19.46392080674626,
              0
            ],
            [
              -42.5792020092702,
              -19.46397749836904,
              0
            ],
            [
              -42.57934606152241,
              -19.46384697832993,
              0
            ],
            [
              -42.5792652777878,
              -19.46379449465261,
              0
            ],
            [
              -42.57917382386489,
              -19.46374984239497,
              0
            ],
            [
              -42.57915755407215,
              -19.46363998256417,
              0
            ],
            [
              -42.57916300014351,
              -19.46325670756726,
              0
            ],
            [
              -42.57922520455793,
              -19.46316880532623,
              0
            ],
            [
              -42.57928648817163,
              -19.463067481542,
              0
            ],
            [
              -42.57933642615338,
              -19.46283119748985,
              0
            ],
            [
              -42.57952315717757,
              -19.4628150798404,
              0
            ],
            [
              -42.57956158972441,
              -19.46287149931922,
              0
            ],
            [
              -42.57973045446987,
              -19.46300113454844,
              0
            ],
            [
              -42.5798268478368,
              -19.46308554768825,
              0
            ]
          ]
        ]
      },
      "properties": {
        "name": "CENÁRIO 5-2",
        "styleUrl": "#__managed_style_30F84B542F3BEDCFBF9C",
        "styleMapHash": {
          "normal": "#__managed_style_4BB088C9B63BEDCFBF9C",
          "highlight": "#__managed_style_5BC47251923BEDCFBF9C"
        }
      },
      "id": "027150B5A53B46A2BE17"
    },
    {
      "type": "Feature",
      "geometry": {
        "type": "Polygon",
        "coordinates": [
          [
            [
              -42.58223645902355,
              -19.46518148314827,
              0
            ],
            [
              -42.5824003754546,
              -19.46516734231909,
              0
            ],
            [
              -42.58249482865015,
              -19.46519974196493,
              0
            ],
            [
              -42.58249126970482,
              -19.46536278230854,
              0
            ],
            [
              -42.58244977693784,
              -19.46544493128097,
              0
            ],
            [
              -42.58240249260133,
              -19.46551256057563,
              0
            ],
            [
              -42.58232762505241,
              -19.46558490758259,
              0
            ],
            [
              -42.5823056750605,
              -19.46559895566147,
              0
            ],
            [
              -42.582298677838,
              -19.46565101034545,
              0
            ],
            [
              -42.58219635097352,
              -19.46573120433974,
              0
            ],
            [
              -42.58211132057097,
              -19.46587268286087,
              0
            ],
            [
              -42.58207610771785,
              -19.46599001835823,
              0
            ],
            [
              -42.5819874505204,
              -19.46603533085614,
              0
            ],
            [
              -42.58185874112887,
              -19.46603220569429,
              0
            ],
            [
              -42.58178887520595,
              -19.46597276664827,
              0
            ],
            [
              -42.58175056461828,
              -19.46590424341778,
              0
            ],
            [
              -42.58200983056173,
              -19.46569665325132,
              0
            ],
            [
              -42.58192321714648,
              -19.46564769715047,
              0
            ],
            [
              -42.58197264990362,
              -19.46553302053233,
              0
            ],
            [
              -42.58199510350515,
              -19.46545780395057,
              0
            ],
            [
              -42.58189469625588,
              -19.46538983299315,
              0
            ],
            [
              -42.58182609923958,
              -19.46555646011045,
              0
            ],
            [
              -42.58138517900568,
              -19.46531131737956,
              0
            ],
            [
              -42.58116188281887,
              -19.46534280570949,
              0
            ],
            [
              -42.58114869694377,
              -19.4654445326135,
              0
            ],
            [
              -42.58111519758862,
              -19.46562126191119,
              0
            ],
            [
              -42.58107747737717,
              -19.46565455638094,
              0
            ],
            [
              -42.58081566524418,
              -19.46552344336327,
              0
            ],
            [
              -42.58077024104679,
              -19.46551961636897,
              0
            ],
            [
              -42.58073895490245,
              -19.46557667934325,
              0
            ],
            [
              -42.58065085872158,
              -19.46550108128811,
              0
            ],
            [
              -42.58053125918649,
              -19.46544775233685,
              0
            ],
            [
              -42.5804759397655,
              -19.46552422172963,
              0
            ],
            [
              -42.5803723523939,
              -19.46546687645795,
              0
            ],
            [
              -42.58037511317686,
              -19.46545092999262,
              0
            ],
            [
              -42.58031457362872,
              -19.46541916339334,
              0
            ],
            [
              -42.58037347749787,
              -19.46533247189375,
              0
            ],
            [
              -42.58045954824765,
              -19.46536840009363,
              0
            ],
            [
              -42.58052869761401,
              -19.4652677510615,
              0
            ],
            [
              -42.58055099671248,
              -19.46518083940096,
              0
            ],
            [
              -42.58039828147528,
              -19.46513469239552,
              0
            ],
            [
              -42.58029468747746,
              -19.46499503785984,
              0
            ],
            [
              -42.5800768672441,
              -19.46513699848704,
              0
            ],
            [
              -42.58001813011862,
              -19.46521510308875,
              0
            ],
            [
              -42.57994962973665,
              -19.46536201388509,
              0
            ],
            [
              -42.57990778693335,
              -19.46532538847729,
              0
            ],
            [
              -42.57986105181597,
              -19.4653228423356,
              0
            ],
            [
              -42.57982519666047,
              -19.46528806855624,
              0
            ],
            [
              -42.57983901854044,
              -19.46524602114789,
              0
            ],
            [
              -42.5798043282934,
              -19.46521730907438,
              0
            ],
            [
              -42.5796803730562,
              -19.46516263872367,
              0
            ],
            [
              -42.57963159569979,
              -19.46519121414669,
              0
            ],
            [
              -42.57956942003212,
              -19.46515221990795,
              0
            ],
            [
              -42.57952144199155,
              -19.46509324865801,
              0
            ],
            [
              -42.57945991886411,
              -19.46505831122255,
              0
            ],
            [
              -42.57954182652283,
              -19.46496570829747,
              0
            ],
            [
              -42.57981434887169,
              -19.46487375794008,
              0
            ],
            [
              -42.57989568453243,
              -19.4649445853851,
              0
            ],
            [
              -42.58006837618583,
              -19.46503910534119,
              0
            ],
            [
              -42.58023875133076,
              -19.46491925436059,
              0
            ],
            [
              -42.58002771720275,
              -19.46463776163949,
              0
            ],
            [
              -42.58036048916651,
              -19.46457466086479,
              0
            ],
            [
              -42.58061584121938,
              -19.46459597627502,
              0
            ],
            [
              -42.58092179738083,
              -19.46462125345967,
              0
            ],
            [
              -42.58116209387057,
              -19.46456347072526,
              0
            ],
            [
              -42.58095847334152,
              -19.46444487406491,
              0
            ],
            [
              -42.58093126751774,
              -19.46410174561709,
              0
            ],
            [
              -42.58095325890341,
              -19.46361136172839,
              0
            ],
            [
              -42.58160582324817,
              -19.46361344629359,
              0
            ],
            [
              -42.58170039879077,
              -19.46385059299555,
              0
            ],
            [
              -42.58182138103834,
              -19.46397658454697,
              0
            ],
            [
              -42.5814104974503,
              -19.46458311885063,
              0
            ],
            [
              -42.58172426491676,
              -19.46464194586491,
              0
            ],
            [
              -42.581963743484,
              -19.46520638039415,
              0
            ],
            [
              -42.58198071816307,
              -19.46533637948185,
              0
            ],
            [
              -42.58214018389827,
              -19.46526258802532,
              0
            ],
            [
              -42.58223645902355,
              -19.46518148314827,
              0
            ]
          ]
        ]
      },
      "properties": {
        "name": "CENÁRIO 5-3",
        "styleUrl": "#__managed_style_30F84B542F3BEDCFBF9C",
        "styleMapHash": {
          "normal": "#__managed_style_4BB088C9B63BEDCFBF9C",
          "highlight": "#__managed_style_5BC47251923BEDCFBF9C"
        }
      },
      "id": "04A94CCA883B46B55CBC"
    },
    {
      "type": "Feature",
      "geometry": {
        "type": "Polygon",
        "coordinates": [
          [
            [
              -42.54827316674004,
              -19.43476706043798,
              0
            ],
            [
              -42.54812658843723,
              -19.43473503151231,
              0
            ],
            [
              -42.54797220204019,
              -19.4351653515238,
              0
            ],
            [
              -42.54784535129799,
              -19.43574198003065,
              0
            ],
            [
              -42.54806673562718,
              -19.43577379167266,
              0
            ],
            [
              -42.5480818744383,
              -19.43598479674056,
              0
            ],
            [
              -42.54788848013178,
              -19.43601491503874,
              0
            ],
            [
              -42.54801343791815,
              -19.43634137253134,
              0
            ],
            [
              -42.5481794801163,
              -19.43649151329126,
              0
            ],
            [
              -42.54827920981103,
              -19.43649147436864,
              0
            ],
            [
              -42.54844509125586,
              -19.43631157386008,
              0
            ],
            [
              -42.54859618454838,
              -19.4364239869522,
              0
            ],
            [
              -42.54844113039112,
              -19.43669758597796,
              0
            ],
            [
              -42.54865266818116,
              -19.43678674735551,
              0
            ],
            [
              -42.54856505325343,
              -19.43707209456489,
              0
            ],
            [
              -42.54846817541852,
              -19.4370422989467,
              0
            ],
            [
              -42.54842197636134,
              -19.43712922711894,
              0
            ],
            [
              -42.54829315038294,
              -19.43713477168109,
              0
            ],
            [
              -42.54821132142177,
              -19.43717720083165,
              0
            ],
            [
              -42.54799014778202,
              -19.43715067707339,
              0
            ],
            [
              -42.54804742258718,
              -19.43690051381659,
              0
            ],
            [
              -42.5483783913781,
              -19.43664859550932,
              0
            ],
            [
              -42.54816562094697,
              -19.43651316127773,
              0
            ],
            [
              -42.54806300978788,
              -19.43659202589171,
              0
            ],
            [
              -42.54747773878153,
              -19.43664118904946,
              0
            ],
            [
              -42.54715408410053,
              -19.43616595684499,
              0
            ],
            [
              -42.54755760426004,
              -19.43600041129448,
              0
            ],
            [
              -42.54753424999255,
              -19.43580497212207,
              0
            ],
            [
              -42.54762181416803,
              -19.43552058918654,
              0
            ],
            [
              -42.54698280154052,
              -19.43524754319861,
              0
            ],
            [
              -42.54724182310366,
              -19.43453334768036,
              0
            ],
            [
              -42.54805549320129,
              -19.43472902800432,
              0
            ],
            [
              -42.54818597969233,
              -19.43463151087844,
              0
            ],
            [
              -42.54830662014077,
              -19.43467340070051,
              0
            ],
            [
              -42.54827316674004,
              -19.43476706043798,
              0
            ]
          ]
        ]
      },
      "properties": {
        "name": "CENÁRIO 6-1",
        "styleUrl": "#__managed_style_30F84B542F3BEDCFBF9C",
        "styleMapHash": {
          "normal": "#__managed_style_4BB088C9B63BEDCFBF9C",
          "highlight": "#__managed_style_5BC47251923BEDCFBF9C"
        }
      },
      "id": "0C9669C8603B46FC2FA6"
    },
    {
      "type": "Feature",
      "geometry": {
        "type": "Polygon",
        "coordinates": [
          [
            [
              -42.54726706183934,
              -19.43757577938377,
              0
            ],
            [
              -42.54739890640194,
              -19.43708214907769,
              0
            ],
            [
              -42.54794074930277,
              -19.43718964596625,
              0
            ],
            [
              -42.54791790156344,
              -19.43737450943799,
              0
            ],
            [
              -42.54809500920113,
              -19.4373999271735,
              0
            ],
            [
              -42.5481148081773,
              -19.43733504062175,
              0
            ],
            [
              -42.54821271043929,
              -19.43735973530464,
              0
            ],
            [
              -42.54818583380757,
              -19.43744619117009,
              0
            ],
            [
              -42.54841737979933,
              -19.43750670874098,
              0
            ],
            [
              -42.54845485541558,
              -19.4373332366078,
              0
            ],
            [
              -42.54858885239768,
              -19.43737412838342,
              0
            ],
            [
              -42.54854955614255,
              -19.43754530378798,
              0
            ],
            [
              -42.54862197071464,
              -19.43756758102222,
              0
            ],
            [
              -42.54857477356333,
              -19.43765809654724,
              0
            ],
            [
              -42.54912562035948,
              -19.43780290928845,
              0
            ],
            [
              -42.54941281357742,
              -19.43792201032151,
              0
            ],
            [
              -42.54946648932852,
              -19.43804311476415,
              0
            ],
            [
              -42.54941397357382,
              -19.43817340470392,
              0
            ],
            [
              -42.54953079428616,
              -19.43821714729219,
              0
            ],
            [
              -42.54958154940255,
              -19.43807725326474,
              0
            ],
            [
              -42.54970061774575,
              -19.43811731527275,
              0
            ],
            [
              -42.54971822963574,
              -19.43802813151827,
              0
            ],
            [
              -42.54980871580867,
              -19.43806377000584,
              0
            ],
            [
              -42.54970965109744,
              -19.43834233424832,
              0
            ],
            [
              -42.54984090083359,
              -19.43838884428759,
              0
            ],
            [
              -42.54978197990329,
              -19.43856058572581,
              0
            ],
            [
              -42.54998160599926,
              -19.43871794650935,
              0
            ],
            [
              -42.55018605440966,
              -19.43879570168569,
              0
            ],
            [
              -42.55024477786747,
              -19.4385407941058,
              0
            ],
            [
              -42.55040301104465,
              -19.43859332139476,
              0
            ],
            [
              -42.55039221303225,
              -19.43869392466481,
              0
            ],
            [
              -42.55054802602798,
              -19.43876519310876,
              0
            ],
            [
              -42.55051461851841,
              -19.43890912588473,
              0
            ],
            [
              -42.55067955435988,
              -19.43895576320092,
              0
            ],
            [
              -42.55074869655153,
              -19.4388440185529,
              0
            ],
            [
              -42.55084306485932,
              -19.43888583794849,
              0
            ],
            [
              -42.55078197465249,
              -19.4390187574924,
              0
            ],
            [
              -42.55011342924109,
              -19.43885797001272,
              0
            ],
            [
              -42.54947915143066,
              -19.43836308905924,
              0
            ],
            [
              -42.54952975565541,
              -19.43830372441157,
              0
            ],
            [
              -42.54899802988935,
              -19.43807968066097,
              0
            ],
            [
              -42.54865457159529,
              -19.43790292581511,
              0
            ],
            [
              -42.54850572240667,
              -19.43786862508716,
              0
            ],
            [
              -42.54814091918244,
              -19.43773576456172,
              0
            ],
            [
              -42.54817211892187,
              -19.43765442265869,
              0
            ],
            [
              -42.54790354943138,
              -19.43758933072878,
              0
            ],
            [
              -42.54788688053742,
              -19.43775028179456,
              0
            ],
            [
              -42.54726706183934,
              -19.43757577938377,
              0
            ]
          ]
        ]
      },
      "properties": {
        "name": "CENÁRIO 6-2",
        "styleUrl": "#__managed_style_30F84B542F3BEDCFBF9C",
        "styleMapHash": {
          "normal": "#__managed_style_4BB088C9B63BEDCFBF9C",
          "highlight": "#__managed_style_5BC47251923BEDCFBF9C"
        }
      },
      "id": "0EB895960E3B47027941"
    },
    {
      "type": "Feature",
      "geometry": {
        "type": "Polygon",
        "coordinates": [
          [
            [
              -42.54730091972232,
              -19.43732966989815,
              0
            ],
            [
              -42.54723866040762,
              -19.43758944152187,
              0
            ],
            [
              -42.54698843656282,
              -19.43770953310246,
              0
            ],
            [
              -42.54694909332194,
              -19.43796083044126,
              0
            ],
            [
              -42.54712701222297,
              -19.43820030614273,
              0
            ],
            [
              -42.54762646812205,
              -19.43837488035245,
              0
            ],
            [
              -42.5474827494403,
              -19.43869747121419,
              0
            ],
            [
              -42.54749812777359,
              -19.43878355787966,
              0
            ],
            [
              -42.54735568191852,
              -19.43885638776931,
              0
            ],
            [
              -42.54683817624191,
              -19.43885364472722,
              0
            ],
            [
              -42.54651704751197,
              -19.43886835809473,
              0
            ],
            [
              -42.54651561517947,
              -19.43883013334077,
              0
            ],
            [
              -42.54603650967238,
              -19.43925309910019,
              0
            ],
            [
              -42.54570001299219,
              -19.43882753062162,
              0
            ],
            [
              -42.54567660793723,
              -19.43845542434037,
              0
            ],
            [
              -42.54569928610734,
              -19.4380891300584,
              0
            ],
            [
              -42.54578804571951,
              -19.43787752563156,
              0
            ],
            [
              -42.54610288867929,
              -19.43806534281131,
              0
            ],
            [
              -42.5460024701483,
              -19.43829862820443,
              0
            ],
            [
              -42.54577525615004,
              -19.43814753303376,
              0
            ],
            [
              -42.54576648446457,
              -19.43845862198893,
              0
            ],
            [
              -42.54639654779506,
              -19.43852548826798,
              0
            ],
            [
              -42.54638255287039,
              -19.438484919244,
              0
            ],
            [
              -42.54677667888735,
              -19.43822307921171,
              0
            ],
            [
              -42.54663285847204,
              -19.43781304519348,
              0
            ],
            [
              -42.5456975353358,
              -19.43748241742124,
              0
            ],
            [
              -42.54626057317487,
              -19.43659733168892,
              0
            ],
            [
              -42.54647198798169,
              -19.43690512192834,
              0
            ],
            [
              -42.54676189970893,
              -19.43673787757133,
              0
            ],
            [
              -42.54702786232863,
              -19.43665881292402,
              0
            ],
            [
              -42.5470653508513,
              -19.43691741450171,
              0
            ],
            [
              -42.54691016661933,
              -19.43695500609713,
              0
            ],
            [
              -42.54680286451814,
              -19.4368016765881,
              0
            ],
            [
              -42.54653134140351,
              -19.43698372971554,
              0
            ],
            [
              -42.54676933370296,
              -19.43733271186888,
              0
            ],
            [
              -42.54730091972232,
              -19.43732966989815,
              0
            ]
          ]
        ]
      },
      "properties": {
        "name": "CENÁRIO 6-3",
        "styleUrl": "#__managed_style_30F84B542F3BEDCFBF9C",
        "styleMapHash": {
          "normal": "#__managed_style_4BB088C9B63BEDCFBF9C",
          "highlight": "#__managed_style_5BC47251923BEDCFBF9C"
        }
      },
      "id": "03D73CD2BC3B47608773"
    },
    {
      "type": "Feature",
      "geometry": {
        "type": "Polygon",
        "coordinates": [
          [
            [
              -42.54949166920922,
              -19.43991350353285,
              0
            ],
            [
              -42.54931505092701,
              -19.4397913746892,
              0
            ],
            [
              -42.5491253212755,
              -19.43968122404685,
              0
            ],
            [
              -42.54903576008361,
              -19.43966797510493,
              0
            ],
            [
              -42.54889744736659,
              -19.43952359679482,
              0
            ],
            [
              -42.54885424475395,
              -19.43955837856452,
              0
            ],
            [
              -42.54839448063578,
              -19.43987640521872,
              0
            ],
            [
              -42.54853503794752,
              -19.44005162525822,
              0
            ],
            [
              -42.54838614340443,
              -19.4401431310792,
              0
            ],
            [
              -42.5482687148084,
              -19.44008364216898,
              0
            ],
            [
              -42.54804755507437,
              -19.44012984730891,
              0
            ],
            [
              -42.54807883464342,
              -19.44034567811598,
              0
            ],
            [
              -42.54754464597015,
              -19.44052296561407,
              0
            ],
            [
              -42.54742361422675,
              -19.44058649834325,
              0
            ],
            [
              -42.54723912289583,
              -19.44057617915998,
              0
            ],
            [
              -42.5471975506714,
              -19.44045883375582,
              0
            ],
            [
              -42.54724964294258,
              -19.44037405393167,
              0
            ],
            [
              -42.54716493968643,
              -19.44032983535627,
              0
            ],
            [
              -42.54709101217868,
              -19.44042464643229,
              0
            ],
            [
              -42.5471660988641,
              -19.44051333909754,
              0
            ],
            [
              -42.54713169983841,
              -19.44057485856823,
              0
            ],
            [
              -42.54700346518221,
              -19.44051691895479,
              0
            ],
            [
              -42.54695139266683,
              -19.44058626211454,
              0
            ],
            [
              -42.54684766943187,
              -19.44044918397292,
              0
            ],
            [
              -42.54693664684891,
              -19.43995318909558,
              0
            ],
            [
              -42.54735467609191,
              -19.43983566229071,
              0
            ],
            [
              -42.54760925084384,
              -19.43955885974023,
              0
            ],
            [
              -42.54747942339088,
              -19.43937769151015,
              0
            ],
            [
              -42.54754228117587,
              -19.43930871624368,
              0
            ],
            [
              -42.54772700999374,
              -19.43934788401454,
              0
            ],
            [
              -42.5480033818239,
              -19.43909457119419,
              0
            ],
            [
              -42.54812665749287,
              -19.43914156583286,
              0
            ],
            [
              -42.54821754594347,
              -19.43904018694593,
              0
            ],
            [
              -42.54807435476326,
              -19.4387600738527,
              0
            ],
            [
              -42.54768296565889,
              -19.43859777513545,
              0
            ],
            [
              -42.54776203013656,
              -19.43839856660124,
              0
            ],
            [
              -42.54805927474978,
              -19.43848486948443,
              0
            ],
            [
              -42.54802406200805,
              -19.43862258463188,
              0
            ],
            [
              -42.54823538656348,
              -19.43868655888391,
              0
            ],
            [
              -42.54817199429245,
              -19.43883132086351,
              0
            ],
            [
              -42.54828407619482,
              -19.43914662983393,
              0
            ],
            [
              -42.54846375774762,
              -19.43895374750068,
              0
            ],
            [
              -42.54861648929776,
              -19.43904664103902,
              0
            ],
            [
              -42.54856707468267,
              -19.43914110959995,
              0
            ],
            [
              -42.54841227580768,
              -19.43908369802061,
              0
            ],
            [
              -42.54834726030871,
              -19.43912618095065,
              0
            ],
            [
              -42.54843078472228,
              -19.43927577137809,
              0
            ],
            [
              -42.54828979285126,
              -19.43932768948907,
              0
            ],
            [
              -42.5483714065492,
              -19.4394675328285,
              0
            ],
            [
              -42.54857452272052,
              -19.43922443406729,
              0
            ],
            [
              -42.54879543440764,
              -19.4394915306234,
              0
            ],
            [
              -42.54887816713403,
              -19.4394553158213,
              0
            ],
            [
              -42.54883394581773,
              -19.43917107335151,
              0
            ],
            [
              -42.54889174098449,
              -19.43903049839818,
              0
            ],
            [
              -42.54902604522636,
              -19.43913195856667,
              0
            ],
            [
              -42.54911213339818,
              -19.43899415294526,
              0
            ],
            [
              -42.54937152943596,
              -19.43919242875698,
              0
            ],
            [
              -42.54985680119676,
              -19.43961947545835,
              0
            ],
            [
              -42.54978036352081,
              -19.43970849091052,
              0
            ],
            [
              -42.54974364321114,
              -19.43971030259527,
              0
            ],
            [
              -42.54969012180019,
              -19.43976693739528,
              0
            ],
            [
              -42.54962911584658,
              -19.43980887502888,
              0
            ],
            [
              -42.54949166920922,
              -19.43991350353285,
              0
            ]
          ]
        ]
      },
      "properties": {
        "name": "CENÁRIO 6-4",
        "styleUrl": "#__managed_style_30F84B542F3BEDCFBF9C",
        "styleMapHash": {
          "normal": "#__managed_style_4BB088C9B63BEDCFBF9C",
          "highlight": "#__managed_style_5BC47251923BEDCFBF9C"
        }
      },
      "id": "035342459C3B4767DCBB"
    },
    {
      "type": "Feature",
      "geometry": {
        "type": "Polygon",
        "coordinates": [
          [
            [
              -42.54981460520171,
              -19.44024860724405,
              0
            ],
            [
              -42.54985248569294,
              -19.44057660691636,
              0
            ],
            [
              -42.5495947310872,
              -19.44049804494221,
              0
            ],
            [
              -42.54926909421503,
              -19.44059421539514,
              0
            ],
            [
              -42.54924080279874,
              -19.44131191474386,
              0
            ],
            [
              -42.54906581824169,
              -19.44130565427076,
              0
            ],
            [
              -42.54906703685039,
              -19.44142285470335,
              0
            ],
            [
              -42.54891052776193,
              -19.44144459704176,
              0
            ],
            [
              -42.54884681420877,
              -19.44143283418749,
              0
            ],
            [
              -42.54886174813496,
              -19.44122462913969,
              0
            ],
            [
              -42.54886140633634,
              -19.44118470157601,
              0
            ],
            [
              -42.54884322055723,
              -19.44107963192604,
              0
            ],
            [
              -42.54879255052404,
              -19.44060597524822,
              0
            ],
            [
              -42.54908347800452,
              -19.44025031691434,
              0
            ],
            [
              -42.54956744846631,
              -19.44026764826327,
              0
            ],
            [
              -42.54981460520171,
              -19.44024860724405,
              0
            ]
          ]
        ]
      },
      "properties": {
        "name": "CENÁRIO 6-5",
        "styleUrl": "#__managed_style_30F84B542F3BEDCFBF9C",
        "styleMapHash": {
          "normal": "#__managed_style_4BB088C9B63BEDCFBF9C",
          "highlight": "#__managed_style_5BC47251923BEDCFBF9C"
        }
      },
      "id": "09EB5559E93B70E7094E"
    },
    {
      "type": "Feature",
      "geometry": {
        "type": "Polygon",
        "coordinates": [
          [
            [
              -42.55120149569439,
              -19.43836491900917,
              0
            ],
            [
              -42.55131468028048,
              -19.43823715657821,
              0
            ],
            [
              -42.55143045491018,
              -19.43828855433795,
              0
            ],
            [
              -42.55156582612233,
              -19.43800248568008,
              0
            ],
            [
              -42.55167982161024,
              -19.43767156266696,
              0
            ],
            [
              -42.55165615637927,
              -19.43749185180336,
              0
            ],
            [
              -42.55150421737266,
              -19.43749370416686,
              0
            ],
            [
              -42.55121601497816,
              -19.43718380929822,
              0
            ],
            [
              -42.55131833294216,
              -19.43706243061241,
              0
            ],
            [
              -42.55114234658782,
              -19.43695024223851,
              0
            ],
            [
              -42.55102940301899,
              -19.4371013067136,
              0
            ],
            [
              -42.55097438933754,
              -19.43705618104082,
              0
            ],
            [
              -42.55108734511347,
              -19.43688217092401,
              0
            ],
            [
              -42.55134249559931,
              -19.43702779403531,
              0
            ],
            [
              -42.55168328387099,
              -19.4374682859366,
              0
            ],
            [
              -42.55171082766405,
              -19.43768357856307,
              0
            ],
            [
              -42.55158002015796,
              -19.43805540767989,
              0
            ],
            [
              -42.55174545528892,
              -19.43811042077855,
              0
            ],
            [
              -42.55177640029766,
              -19.43804396675276,
              0
            ],
            [
              -42.55197184778667,
              -19.43812993612958,
              0
            ],
            [
              -42.55192440168239,
              -19.43825113078802,
              0
            ],
            [
              -42.55155774655331,
              -19.43816355626151,
              0
            ],
            [
              -42.55135309320441,
              -19.43849811926435,
              0
            ],
            [
              -42.5511892227584,
              -19.43845512620794,
              0
            ],
            [
              -42.55120149569439,
              -19.43836491900917,
              0
            ]
          ]
        ]
      },
      "properties": {
        "name": "CENARIO 6-6",
        "styleUrl": "#__managed_style_6DB59F26183BEDCFBF9C",
        "styleMapHash": {
          "normal": "#__managed_style_7C927D31F13BEDCFBF9C",
          "highlight": "#__managed_style_02B8C32B333BEDCFBF9E"
        }
      },
      "id": "0AE9B4BC7A3B8A864796"
    },
    {
      "type": "Feature",
      "geometry": {
        "type": "Polygon",
        "coordinates": [
          [
            [
              -42.55045118560949,
              -19.43676203604903,
              0
            ],
            [
              -42.5502025112259,
              -19.43678234203335,
              0
            ],
            [
              -42.55031541953624,
              -19.43658640375645,
              0
            ],
            [
              -42.54990638594433,
              -19.43645631313713,
              0
            ],
            [
              -42.54989405856198,
              -19.43653316075842,
              0
            ],
            [
              -42.54985633085703,
              -19.4366889381011,
              0
            ],
            [
              -42.54961270265457,
              -19.43667629702794,
              0
            ],
            [
              -42.54947861042022,
              -19.43664564308726,
              0
            ],
            [
              -42.54953217339163,
              -19.43650496632378,
              0
            ],
            [
              -42.54966398279233,
              -19.43655604829245,
              0
            ],
            [
              -42.54971616182559,
              -19.43641895368629,
              0
            ],
            [
              -42.55016723144524,
              -19.43645384011921,
              0
            ],
            [
              -42.55042075109292,
              -19.43639241606114,
              0
            ],
            [
              -42.55046945414497,
              -19.43654874209663,
              0
            ],
            [
              -42.55045118560949,
              -19.43676203604903,
              0
            ]
          ]
        ]
      },
      "properties": {
        "name": "CENARIO 6-7",
        "styleUrl": "#__managed_style_6DB59F26183BEDCFBF9C",
        "styleMapHash": {
          "normal": "#__managed_style_7C927D31F13BEDCFBF9C",
          "highlight": "#__managed_style_02B8C32B333BEDCFBF9E"
        }
      },
      "id": "07A9A280EA3B8A86EC8C"
    },
    {
      "type": "Feature",
      "geometry": {
        "type": "Polygon",
        "coordinates": [
          [
            [
              -42.58137450418975,
              -19.45421773767639,
              0
            ],
            [
              -42.58134873113741,
              -19.45429297708382,
              0
            ],
            [
              -42.58165120852872,
              -19.45437261351142,
              0
            ],
            [
              -42.58179082560958,
              -19.45446429689641,
              0
            ],
            [
              -42.58197664931026,
              -19.45450837724002,
              0
            ],
            [
              -42.58217639416213,
              -19.45456868965288,
              0
            ],
            [
              -42.5822665352651,
              -19.45457857820445,
              0
            ],
            [
              -42.58238398664256,
              -19.45463142425649,
              0
            ],
            [
              -42.5824362314834,
              -19.45473829307944,
              0
            ],
            [
              -42.58246129385472,
              -19.45482528473049,
              0
            ],
            [
              -42.58255380487444,
              -19.45475438336813,
              0
            ],
            [
              -42.58264991234354,
              -19.45472209252551,
              0
            ],
            [
              -42.58282110369198,
              -19.45488011162854,
              0
            ],
            [
              -42.5829556275222,
              -19.45485371942902,
              0
            ],
            [
              -42.58299443827743,
              -19.45498270182112,
              0
            ],
            [
              -42.58303155930491,
              -19.45510911741193,
              0
            ],
            [
              -42.58294763379089,
              -19.4552072265213,
              0
            ],
            [
              -42.58281431056844,
              -19.45521641217277,
              0
            ],
            [
              -42.5826174139717,
              -19.45521190802869,
              0
            ],
            [
              -42.58242866405472,
              -19.45518788009701,
              0
            ],
            [
              -42.58226740910489,
              -19.45509024142302,
              0
            ],
            [
              -42.58214455087936,
              -19.45502457915458,
              0
            ],
            [
              -42.58203573539681,
              -19.454947483706,
              0
            ],
            [
              -42.58189751013718,
              -19.45489991782656,
              0
            ],
            [
              -42.58172622558958,
              -19.4548629271945,
              0
            ],
            [
              -42.58159455988606,
              -19.45479720180303,
              0
            ],
            [
              -42.58148905675107,
              -19.45471759658777,
              0
            ],
            [
              -42.58134025237211,
              -19.45462741854528,
              0
            ],
            [
              -42.58119448436189,
              -19.45454456657072,
              0
            ],
            [
              -42.58104666850718,
              -19.45450561771229,
              0
            ],
            [
              -42.58077383671115,
              -19.45444656473335,
              0
            ],
            [
              -42.5806802330507,
              -19.45435794226111,
              0
            ],
            [
              -42.58058478932661,
              -19.45424025631633,
              0
            ],
            [
              -42.58059094588663,
              -19.45421469125401,
              0
            ],
            [
              -42.58051052678791,
              -19.45418272167118,
              0
            ],
            [
              -42.58057040172136,
              -19.45401032435241,
              0
            ],
            [
              -42.58095488974323,
              -19.4542110850502,
              0
            ],
            [
              -42.58123984957659,
              -19.45426672928185,
              0
            ],
            [
              -42.58132024279602,
              -19.45424458963813,
              0
            ],
            [
              -42.5813764172315,
              -19.45415518023869,
              0
            ],
            [
              -42.58139679960236,
              -19.45403543407388,
              0
            ],
            [
              -42.58134328260946,
              -19.45401010285332,
              0
            ],
            [
              -42.58125959073307,
              -19.45398311231525,
              0
            ],
            [
              -42.58119589846381,
              -19.45397193427903,
              0
            ],
            [
              -42.58111425720442,
              -19.45399903336835,
              0
            ],
            [
              -42.58110968192099,
              -19.45402647765132,
              0
            ],
            [
              -42.58112299347307,
              -19.45405013365438,
              0
            ],
            [
              -42.58103136041513,
              -19.45406183531498,
              0
            ],
            [
              -42.58098430919842,
              -19.45404648933679,
              0
            ],
            [
              -42.5809413457774,
              -19.45402772701358,
              0
            ],
            [
              -42.58091530379149,
              -19.45402923382375,
              0
            ],
            [
              -42.5809109090652,
              -19.45399284899517,
              0
            ],
            [
              -42.58088338701392,
              -19.45399414593323,
              0
            ],
            [
              -42.58084898171056,
              -19.45397948954044,
              0
            ],
            [
              -42.58075873958708,
              -19.45396334030108,
              0
            ],
            [
              -42.58070569735962,
              -19.45394054765615,
              0
            ],
            [
              -42.58059443554235,
              -19.45394299042789,
              0
            ],
            [
              -42.58062463030299,
              -19.45381089432471,
              0
            ],
            [
              -42.58067940692131,
              -19.45374601978322,
              0
            ],
            [
              -42.58086853905774,
              -19.45383370291113,
              0
            ],
            [
              -42.58088164015962,
              -19.45375718332187,
              0
            ],
            [
              -42.58115043773121,
              -19.45382462787806,
              0
            ],
            [
              -42.58118054808234,
              -19.45386002938342,
              0
            ],
            [
              -42.58157633308787,
              -19.45388758981183,
              0
            ],
            [
              -42.58155340966356,
              -19.45408527633459,
              0
            ],
            [
              -42.58165868882578,
              -19.4541060837703,
              0
            ],
            [
              -42.58185580981057,
              -19.45421232704883,
              0
            ],
            [
              -42.58182922261968,
              -19.45430175900569,
              0
            ],
            [
              -42.58167624673576,
              -19.45429309347077,
              0
            ],
            [
              -42.58161254767868,
              -19.45424654489211,
              0
            ],
            [
              -42.58152076937088,
              -19.45421646811542,
              0
            ],
            [
              -42.58147322880003,
              -19.45418903890826,
              0
            ],
            [
              -42.58143891273814,
              -19.45424141554218,
              0
            ],
            [
              -42.58137450418975,
              -19.45421773767639,
              0
            ]
          ]
        ]
      },
      "properties": {
        "name": "CENÁRIO 7-1",
        "styleUrl": "#__managed_style_30F84B542F3BEDCFBF9C",
        "styleMapHash": {
          "normal": "#__managed_style_4BB088C9B63BEDCFBF9C",
          "highlight": "#__managed_style_5BC47251923BEDCFBF9C"
        }
      },
      "id": "099D312A103B479275D4"
    },
    {
      "type": "Feature",
      "geometry": {
        "type": "Polygon",
        "coordinates": [
          [
            [
              -42.58067688142447,
              -19.4554673844157,
              0
            ],
            [
              -42.58041704877949,
              -19.45567971791009,
              0
            ],
            [
              -42.58067692030212,
              -19.45594202102929,
              0
            ],
            [
              -42.58060549878591,
              -19.45610891916819,
              0
            ],
            [
              -42.58030348207604,
              -19.45592709809786,
              0
            ],
            [
              -42.58021532747554,
              -19.45573429225001,
              0
            ],
            [
              -42.57999046990483,
              -19.45590495006991,
              0
            ],
            [
              -42.57999468087501,
              -19.45596049264439,
              0
            ],
            [
              -42.57995445630551,
              -19.45603618358332,
              0
            ],
            [
              -42.57971544315949,
              -19.45608981457451,
              0
            ],
            [
              -42.57963612051411,
              -19.45591377810358,
              0
            ],
            [
              -42.57953240366305,
              -19.45574102193334,
              0
            ],
            [
              -42.57943160113383,
              -19.45540447793158,
              0
            ],
            [
              -42.57942973512282,
              -19.4552689006938,
              0
            ],
            [
              -42.57955978787907,
              -19.45534413111428,
              0
            ],
            [
              -42.57981402000198,
              -19.45567187851294,
              0
            ],
            [
              -42.57989620767739,
              -19.45571737760675,
              0
            ],
            [
              -42.5799832480218,
              -19.45584342976149,
              0
            ],
            [
              -42.58019773242224,
              -19.45568220170856,
              0
            ],
            [
              -42.58011232874294,
              -19.45551538198271,
              0
            ],
            [
              -42.58009983036263,
              -19.45512382316173,
              0
            ],
            [
              -42.58018730664926,
              -19.45466606521434,
              0
            ],
            [
              -42.58032465483814,
              -19.45412701870508,
              0
            ],
            [
              -42.58056336789264,
              -19.45422044189523,
              0
            ],
            [
              -42.58075860075793,
              -19.45451688264587,
              0
            ],
            [
              -42.58072200213206,
              -19.4549296410447,
              0
            ],
            [
              -42.58067688142447,
              -19.4554673844157,
              0
            ]
          ]
        ]
      },
      "properties": {
        "name": "CENÁRIO 7-2",
        "styleUrl": "#__managed_style_30F84B542F3BEDCFBF9C",
        "styleMapHash": {
          "normal": "#__managed_style_4BB088C9B63BEDCFBF9C",
          "highlight": "#__managed_style_5BC47251923BEDCFBF9C"
        }
      },
      "id": "0CC54470B73B47954658"
    },
    {
      "type": "Feature",
      "geometry": {
        "type": "Polygon",
        "coordinates": [
          [
            [
              -42.5867751659189,
              -19.45514974837471,
              1
            ],
            [
              -42.58690287743238,
              -19.45635090278956,
              1
            ],
            [
              -42.58685588336623,
              -19.45635998700934,
              1
            ],
            [
              -42.58668005892218,
              -19.45637676080268,
              1
            ],
            [
              -42.58659244993481,
              -19.45621753068591,
              1
            ],
            [
              -42.5865815873181,
              -19.45605749777187,
              1
            ],
            [
              -42.58653444766199,
              -19.4558716282215,
              1
            ],
            [
              -42.58654963420251,
              -19.45579763330564,
              1
            ],
            [
              -42.5867058552527,
              -19.45573168437877,
              1
            ],
            [
              -42.5867058672862,
              -19.45561185480268,
              1
            ],
            [
              -42.5866847993207,
              -19.45551193491566,
              1
            ],
            [
              -42.58657967296702,
              -19.45545344401781,
              1
            ],
            [
              -42.5865581255195,
              -19.4552723330415,
              1
            ],
            [
              -42.58653672364186,
              -19.45517133640598,
              1
            ],
            [
              -42.5867751659189,
              -19.45514974837471,
              1
            ]
          ]
        ]
      },
      "properties": {
        "name": "CENARIO 7-3",
        "styleUrl": "#__managed_style_02FFB2BF273BEDCFBFBC",
        "styleMapHash": {
          "normal": "#__managed_style_119944EF543BEDCFBFBC",
          "highlight": "#__managed_style_08A08BAE863BEDCFBFBE"
        }
      },
      "id": "0414DDB3293B8AB85819"
    },
    {
      "type": "Feature",
      "geometry": {
        "type": "Polygon",
        "coordinates": [
          [
            [
              -42.5910088791203,
              -19.45559895426393,
              1
            ],
            [
              -42.59094570745345,
              -19.45569302169287,
              1
            ],
            [
              -42.59089846302019,
              -19.45577124253441,
              1
            ],
            [
              -42.59084829460209,
              -19.45586650552464,
              1
            ],
            [
              -42.59080725497431,
              -19.4559177014475,
              1
            ],
            [
              -42.59073814664078,
              -19.4559688540009,
              1
            ],
            [
              -42.59069310646509,
              -19.45602086132102,
              1
            ],
            [
              -42.59063509058997,
              -19.45608020187886,
              1
            ],
            [
              -42.59050806313399,
              -19.45596958483182,
              1
            ],
            [
              -42.59056081560929,
              -19.45589260676288,
              1
            ],
            [
              -42.59059802947052,
              -19.45583698794438,
              1
            ],
            [
              -42.59086933000576,
              -19.45550879974023,
              1
            ],
            [
              -42.5910088791203,
              -19.45559895426393,
              1
            ]
          ]
        ]
      },
      "properties": {
        "name": "CENARIO 7-4",
        "styleUrl": "#__managed_style_0B183148AE3BEDCFBFC0",
        "styleMapHash": {
          "normal": "#__managed_style_15A39383C73BEDCFBFC0",
          "highlight": "#__managed_style_2D27FA736E3BEDCFBFC0"
        },
        "description": "<div>R3<br></div>"
      },
      "id": "0CFB3118A03B8AB93767"
    },
    {
      "type": "Feature",
      "geometry": {
        "type": "Polygon",
        "coordinates": [
          [
            [
              -42.58080036986262,
              -19.45021836932099,
              0
            ],
            [
              -42.58085227400265,
              -19.45026551882637,
              0
            ],
            [
              -42.58092454459762,
              -19.45029677915825,
              0
            ],
            [
              -42.58090447971227,
              -19.4503553218626,
              0
            ],
            [
              -42.58093995205486,
              -19.45040198451079,
              0
            ],
            [
              -42.58090322263707,
              -19.45048734145515,
              0
            ],
            [
              -42.58089274958852,
              -19.45058278846771,
              0
            ],
            [
              -42.58088031340928,
              -19.45061032901319,
              0
            ],
            [
              -42.58086690114849,
              -19.45062025964491,
              0
            ],
            [
              -42.58078456413782,
              -19.45060003058762,
              0
            ],
            [
              -42.58073413398222,
              -19.45057884745059,
              0
            ],
            [
              -42.58067949000658,
              -19.45056040747619,
              0
            ],
            [
              -42.58062913021037,
              -19.45054315714674,
              0
            ],
            [
              -42.5806251392604,
              -19.45049895254304,
              0
            ],
            [
              -42.58062701881735,
              -19.45041760518678,
              0
            ],
            [
              -42.58063650082004,
              -19.45034999759456,
              0
            ],
            [
              -42.58072013147397,
              -19.45025491923762,
              0
            ],
            [
              -42.58080036986262,
              -19.45021836932099,
              0
            ]
          ]
        ]
      },
      "properties": {
        "name": "CENARIO 7-5",
        "styleUrl": "#__managed_style_02FFB2BF273BEDCFBFBC",
        "styleMapHash": {
          "normal": "#__managed_style_119944EF543BEDCFBFBC",
          "highlight": "#__managed_style_08A08BAE863BEDCFBFBE"
        }
      },
      "id": "0182FEFC563B8AB50E08"
    },
    {
      "type": "Feature",
      "geometry": {
        "type": "Polygon",
        "coordinates": [
          [
            [
              -42.58629365185549,
              -19.4633255689808,
              0
            ],
            [
              -42.58641346148827,
              -19.4640366531775,
              0
            ],
            [
              -42.58612996758426,
              -19.46406397977146,
              0
            ],
            [
              -42.58592092831002,
              -19.46333846921802,
              0
            ],
            [
              -42.58629365185549,
              -19.4633255689808,
              0
            ]
          ]
        ]
      },
      "properties": {
        "name": "CENARIO 7-6",
        "styleUrl": "#__managed_style_30F84B542F3BEDCFBF9C",
        "styleMapHash": {
          "normal": "#__managed_style_4BB088C9B63BEDCFBF9C",
          "highlight": "#__managed_style_5BC47251923BEDCFBF9C"
        }
      },
      "id": "067B382D313A5FDC3474"
    },
    {
      "type": "Feature",
      "geometry": {
        "type": "Polygon",
        "coordinates": [
          [
            [
              -42.58422870586327,
              -19.46126637256263,
              0
            ],
            [
              -42.58385825719729,
              -19.46156507093481,
              0
            ],
            [
              -42.58299601463464,
              -19.46097729306345,
              0
            ],
            [
              -42.58335966634419,
              -19.46065235284284,
              0
            ],
            [
              -42.58422870586327,
              -19.46126637256263,
              0
            ]
          ]
        ]
      },
      "properties": {
        "name": "CENARIO 7-7",
        "styleUrl": "#__managed_style_30F84B542F3BEDCFBF9C",
        "styleMapHash": {
          "normal": "#__managed_style_4BB088C9B63BEDCFBF9C",
          "highlight": "#__managed_style_5BC47251923BEDCFBF9C"
        }
      },
      "id": "07776771633A5FDB93F4"
    },
    {
      "type": "Feature",
      "geometry": {
        "type": "Polygon",
        "coordinates": [
          [
            [
              -42.57870137740965,
              -19.45683488971229,
              0
            ],
            [
              -42.57908351736693,
              -19.45710652676831,
              0
            ],
            [
              -42.57928900057542,
              -19.45732377299091,
              0
            ],
            [
              -42.57951921315883,
              -19.45751136522067,
              0
            ],
            [
              -42.57970644839752,
              -19.45767611037994,
              0
            ],
            [
              -42.57986267309556,
              -19.45782337799917,
              0
            ],
            [
              -42.57972398001247,
              -19.45796085313947,
              0
            ],
            [
              -42.57949373021508,
              -19.45783036483405,
              0
            ],
            [
              -42.57919754340264,
              -19.45764389488542,
              0
            ],
            [
              -42.57890794207713,
              -19.4573605597389,
              0
            ],
            [
              -42.57866015293376,
              -19.45712208257125,
              0
            ],
            [
              -42.57852328935827,
              -19.45698199570852,
              0
            ],
            [
              -42.57855951694218,
              -19.45692349894267,
              0
            ],
            [
              -42.57870137740965,
              -19.45683488971229,
              0
            ]
          ]
        ]
      },
      "properties": {
        "name": "CENARIO 7-8",
        "styleUrl": "#__managed_style_02FFB2BF273BEDCFBFBC",
        "styleMapHash": {
          "normal": "#__managed_style_119944EF543BEDCFBFBC",
          "highlight": "#__managed_style_08A08BAE863BEDCFBFBE"
        }
      },
      "id": "5727CE059100000B"
    },
    {
      "type": "Feature",
      "geometry": {
        "type": "Polygon",
        "coordinates": [
          [
            [
              -42.55693973858393,
              -19.43070641172631,
              0
            ],
            [
              -42.55700701143539,
              -19.43062811421222,
              0
            ],
            [
              -42.55701267381048,
              -19.43058942800963,
              0
            ],
            [
              -42.557043603143,
              -19.43055346615326,
              0
            ],
            [
              -42.55709184035784,
              -19.43048665256168,
              0
            ],
            [
              -42.55717594987409,
              -19.43055144115079,
              0
            ],
            [
              -42.55727538254266,
              -19.43037714727806,
              0
            ],
            [
              -42.55754909428943,
              -19.43060325163887,
              0
            ],
            [
              -42.55748585991903,
              -19.43075797347936,
              0
            ],
            [
              -42.55770351157262,
              -19.43100377027508,
              0
            ],
            [
              -42.55759894832595,
              -19.4310912089726,
              0
            ],
            [
              -42.55770204446301,
              -19.4312222733794,
              0
            ],
            [
              -42.55762926218435,
              -19.43126961174053,
              0
            ],
            [
              -42.55768822057699,
              -19.43143634021466,
              0
            ],
            [
              -42.55746815497085,
              -19.43149411328648,
              0
            ],
            [
              -42.55749493621037,
              -19.43160619449447,
              0
            ],
            [
              -42.55766197483288,
              -19.43153361594381,
              0
            ],
            [
              -42.55777708107846,
              -19.43181515775123,
              0
            ],
            [
              -42.55775322580468,
              -19.43210148667943,
              0
            ],
            [
              -42.55788354085321,
              -19.43211331274718,
              0
            ],
            [
              -42.5578466212479,
              -19.43224443613983,
              0
            ],
            [
              -42.55778056657234,
              -19.43222451409842,
              0
            ],
            [
              -42.55757711485946,
              -19.43206646293384,
              0
            ],
            [
              -42.55714760435036,
              -19.4320314994199,
              0
            ],
            [
              -42.55715725866468,
              -19.43196340595729,
              0
            ],
            [
              -42.55746704356703,
              -19.43197878780913,
              0
            ],
            [
              -42.55741653410304,
              -19.43147354811919,
              0
            ],
            [
              -42.55725484213252,
              -19.43154283385073,
              0
            ],
            [
              -42.55719502104508,
              -19.43142162355079,
              0
            ],
            [
              -42.55731199601721,
              -19.43135751691134,
              0
            ],
            [
              -42.55716274016503,
              -19.43117674992619,
              0
            ],
            [
              -42.55691729825902,
              -19.43073936193082,
              0
            ],
            [
              -42.55659305003458,
              -19.43064125187619,
              0
            ],
            [
              -42.55622737950468,
              -19.43067068335239,
              0
            ],
            [
              -42.55621845357084,
              -19.4305504713506,
              0
            ],
            [
              -42.55638684342528,
              -19.43031959599869,
              0
            ],
            [
              -42.55661680367483,
              -19.43049906989331,
              0
            ],
            [
              -42.55660054083067,
              -19.43060152726822,
              0
            ],
            [
              -42.55693973858393,
              -19.43070641172631,
              0
            ]
          ]
        ]
      },
      "properties": {
        "name": "CENÁRIO 8-1",
        "styleUrl": "#__managed_style_30F84B542F3BEDCFBF9C",
        "styleMapHash": {
          "normal": "#__managed_style_4BB088C9B63BEDCFBF9C",
          "highlight": "#__managed_style_5BC47251923BEDCFBF9C"
        }
      },
      "id": "00E2CB45C43B657EF12B"
    },
    {
      "type": "Feature",
      "geometry": {
        "type": "Polygon",
        "coordinates": [
          [
            [
              -42.5578153353651,
              -19.43252623859102,
              0
            ],
            [
              -42.55776457802617,
              -19.43252183837576,
              0
            ],
            [
              -42.55774455968043,
              -19.43270740698086,
              0
            ],
            [
              -42.55752508204092,
              -19.4326566004278,
              0
            ],
            [
              -42.55742667742005,
              -19.43280409914206,
              0
            ],
            [
              -42.55749886689755,
              -19.43284518837622,
              0
            ],
            [
              -42.55744826609188,
              -19.43293440493789,
              0
            ],
            [
              -42.55734231414876,
              -19.43291051005743,
              0
            ],
            [
              -42.55718990134073,
              -19.43317158043379,
              0
            ],
            [
              -42.55776819292559,
              -19.43379918453222,
              0
            ],
            [
              -42.55750069093472,
              -19.43420542756283,
              0
            ],
            [
              -42.55773553085697,
              -19.43443940615077,
              0
            ],
            [
              -42.5576134237967,
              -19.43456557710297,
              0
            ],
            [
              -42.55726096871629,
              -19.4343542832327,
              0
            ],
            [
              -42.55694555245998,
              -19.43405865049666,
              0
            ],
            [
              -42.55672655275923,
              -19.4332110319205,
              0
            ],
            [
              -42.55681036033293,
              -19.43296135183387,
              0
            ],
            [
              -42.55695243079983,
              -19.43302634347993,
              0
            ],
            [
              -42.55718164923621,
              -19.43304852250291,
              0
            ],
            [
              -42.55750457041939,
              -19.43258835194799,
              0
            ],
            [
              -42.55762765689005,
              -19.43249407694323,
              0
            ],
            [
              -42.5575490810463,
              -19.43208032237249,
              0
            ],
            [
              -42.55759043324787,
              -19.43209669925337,
              0
            ],
            [
              -42.55777832481179,
              -19.4322450419771,
              0
            ],
            [
              -42.55786984781918,
              -19.43226917457356,
              0
            ],
            [
              -42.5578153353651,
              -19.43252623859102,
              0
            ]
          ]
        ]
      },
      "properties": {
        "name": "CENÁRIO 8-2",
        "styleUrl": "#__managed_style_30F84B542F3BEDCFBF9C",
        "styleMapHash": {
          "normal": "#__managed_style_4BB088C9B63BEDCFBF9C",
          "highlight": "#__managed_style_5BC47251923BEDCFBF9C"
        }
      },
      "id": "0CD235E0703B65869353"
    },
    {
      "type": "Feature",
      "geometry": {
        "type": "Polygon",
        "coordinates": [
          [
            [
              -42.55920932993309,
              -19.43331049914807,
              0
            ],
            [
              -42.55917291599218,
              -19.43385630670902,
              0
            ],
            [
              -42.55900733958497,
              -19.43471311517267,
              0
            ],
            [
              -42.55856671992991,
              -19.43530314559124,
              0
            ],
            [
              -42.55825547816631,
              -19.43523772141472,
              0
            ],
            [
              -42.5580724297166,
              -19.43507000686433,
              0
            ],
            [
              -42.55777184868764,
              -19.43474540439204,
              0
            ],
            [
              -42.55785047294802,
              -19.43424906064151,
              0
            ],
            [
              -42.55760549502433,
              -19.43410716347074,
              0
            ],
            [
              -42.55773850330393,
              -19.43389379432285,
              0
            ],
            [
              -42.55779688835354,
              -19.43382864114099,
              0
            ],
            [
              -42.5578826923961,
              -19.4339101493662,
              0
            ],
            [
              -42.55831444218141,
              -19.43392725718267,
              0
            ],
            [
              -42.55843947431188,
              -19.43375023724446,
              0
            ],
            [
              -42.55878313967198,
              -19.43327627094125,
              0
            ],
            [
              -42.55920932993309,
              -19.43331049914807,
              0
            ]
          ]
        ]
      },
      "properties": {
        "name": "CENÁRIO 8-3",
        "styleUrl": "#__managed_style_30F84B542F3BEDCFBF9C",
        "styleMapHash": {
          "normal": "#__managed_style_4BB088C9B63BEDCFBF9C",
          "highlight": "#__managed_style_5BC47251923BEDCFBF9C"
        }
      },
      "id": "0EBD8B4E933A537E5EE8"
    },
    {
      "type": "Feature",
      "geometry": {
        "type": "Polygon",
        "coordinates": [
          [
            [
              -42.55583132831305,
              -19.42750814218787,
              0
            ],
            [
              -42.55566449477747,
              -19.42757379195869,
              0
            ],
            [
              -42.55552920448963,
              -19.42792613728432,
              0
            ],
            [
              -42.55544024207889,
              -19.4278810818312,
              0
            ],
            [
              -42.55538258996441,
              -19.4279938353629,
              0
            ],
            [
              -42.55522372967923,
              -19.4278324463471,
              0
            ],
            [
              -42.55544847466872,
              -19.42771341093504,
              0
            ],
            [
              -42.55537812167868,
              -19.42761187156404,
              0
            ],
            [
              -42.55523745218841,
              -19.42766084732272,
              0
            ],
            [
              -42.55514655646435,
              -19.42770952451815,
              0
            ],
            [
              -42.55492098108241,
              -19.42783888484441,
              0
            ],
            [
              -42.55482958550267,
              -19.42797331808408,
              0
            ],
            [
              -42.55508518660964,
              -19.42802975812346,
              0
            ],
            [
              -42.55505971514918,
              -19.42828712583107,
              0
            ],
            [
              -42.55513154868805,
              -19.42834720623281,
              0
            ],
            [
              -42.55547355760248,
              -19.42852100074777,
              0
            ],
            [
              -42.55546726305067,
              -19.42875318035072,
              0
            ],
            [
              -42.55508518232291,
              -19.42881073540933,
              0
            ],
            [
              -42.55510133040595,
              -19.4287158473754,
              0
            ],
            [
              -42.5550404926813,
              -19.42859598405365,
              0
            ],
            [
              -42.55496053720501,
              -19.42862158910394,
              0
            ],
            [
              -42.55488521837169,
              -19.42851004545475,
              0
            ],
            [
              -42.55498104004928,
              -19.42846741074316,
              0
            ],
            [
              -42.55507031755441,
              -19.42848254756553,
              0
            ],
            [
              -42.55507803344715,
              -19.42841882437534,
              0
            ],
            [
              -42.55501761305231,
              -19.42829334792166,
              0
            ],
            [
              -42.55489494476762,
              -19.42831128415578,
              0
            ],
            [
              -42.55487634470149,
              -19.42813451227435,
              0
            ],
            [
              -42.55478576631347,
              -19.42805559274304,
              0
            ],
            [
              -42.5547055590842,
              -19.42794663083078,
              0
            ],
            [
              -42.55454941687531,
              -19.42775145287204,
              0
            ],
            [
              -42.55457798022722,
              -19.42758047543118,
              0
            ],
            [
              -42.55472603015878,
              -19.42754363948949,
              0
            ],
            [
              -42.55474170338572,
              -19.42736316544161,
              0
            ],
            [
              -42.55478191386455,
              -19.42733865121485,
              0
            ],
            [
              -42.55477042667739,
              -19.42725424931425,
              0
            ],
            [
              -42.55489441712668,
              -19.42723512802057,
              0
            ],
            [
              -42.55551942571024,
              -19.42701669807132,
              0
            ],
            [
              -42.55583132831305,
              -19.42750814218787,
              0
            ]
          ]
        ]
      },
      "properties": {
        "name": "CENÁRIO 8-4",
        "styleUrl": "#__managed_style_30F84B542F3BEDCFBF9C",
        "styleMapHash": {
          "normal": "#__managed_style_4BB088C9B63BEDCFBF9C",
          "highlight": "#__managed_style_5BC47251923BEDCFBF9C"
        }
      },
      "id": "065DEAB0593B6A80974C"
    },
    {
      "type": "Feature",
      "geometry": {
        "type": "Polygon",
        "coordinates": [
          [
            [
              -42.55930399605582,
              -19.43014416996291,
              0
            ],
            [
              -42.5592152859624,
              -19.43015807065936,
              0
            ],
            [
              -42.5591865715846,
              -19.43020404256973,
              0
            ],
            [
              -42.55909489359922,
              -19.43020389545262,
              0
            ],
            [
              -42.55910682204374,
              -19.4303307432827,
              0
            ],
            [
              -42.55934770739514,
              -19.4303935056236,
              0
            ],
            [
              -42.5592700792869,
              -19.43051168369639,
              0
            ],
            [
              -42.55913798540565,
              -19.43046513481575,
              0
            ],
            [
              -42.55890825908146,
              -19.43044916017675,
              0
            ],
            [
              -42.55888770835755,
              -19.43056530488837,
              0
            ],
            [
              -42.55847684710015,
              -19.43053405290562,
              0
            ],
            [
              -42.55848630606985,
              -19.43038282135857,
              0
            ],
            [
              -42.55859623986157,
              -19.43037211693543,
              0
            ],
            [
              -42.5585790044027,
              -19.43018664193763,
              0
            ],
            [
              -42.55928804242824,
              -19.43004564718099,
              0
            ],
            [
              -42.55930399605582,
              -19.43014416996291,
              0
            ]
          ]
        ]
      },
      "properties": {
        "name": "CENARIO 8-5",
        "styleUrl": "#__managed_style_30F84B542F3BEDCFBF9C",
        "styleMapHash": {
          "normal": "#__managed_style_4BB088C9B63BEDCFBF9C",
          "highlight": "#__managed_style_5BC47251923BEDCFBF9C"
        }
      },
      "id": "038F42883E3B8B2B6E36"
    },
    {
      "type": "Feature",
      "geometry": {
        "type": "Polygon",
        "coordinates": [
          [
            [
              -42.54946585249593,
              -19.42560233209069,
              0
            ],
            [
              -42.54953672058999,
              -19.42560188971801,
              0
            ],
            [
              -42.54958305531259,
              -19.42587727534766,
              0
            ],
            [
              -42.54927254423189,
              -19.42591629947741,
              0
            ],
            [
              -42.54920973596725,
              -19.42571470325488,
              0
            ],
            [
              -42.54898176706112,
              -19.4258941100165,
              0
            ],
            [
              -42.54887044621184,
              -19.42568678883153,
              0
            ],
            [
              -42.54914407745785,
              -19.42544783782494,
              0
            ],
            [
              -42.54916557439397,
              -19.42497493277846,
              0
            ],
            [
              -42.54968742957364,
              -19.42468707960387,
              0
            ],
            [
              -42.54995785151164,
              -19.42484404025008,
              0
            ],
            [
              -42.55039722961407,
              -19.42451787268791,
              0
            ],
            [
              -42.55065829664377,
              -19.42430526643565,
              0
            ],
            [
              -42.55102777006989,
              -19.42466105554842,
              0
            ],
            [
              -42.55079479969532,
              -19.4248684293682,
              0
            ],
            [
              -42.55065440614314,
              -19.42474545765887,
              0
            ],
            [
              -42.55041607970133,
              -19.42501962947308,
              0
            ],
            [
              -42.55021568987148,
              -19.42502254563339,
              0
            ],
            [
              -42.55006870630391,
              -19.42533485483121,
              0
            ],
            [
              -42.54948921593466,
              -19.42544684026327,
              0
            ],
            [
              -42.54946585249593,
              -19.42560233209069,
              0
            ]
          ]
        ]
      },
      "properties": {
        "name": "CENÁRIO 09-1",
        "styleUrl": "#__managed_style_30F84B542F3BEDCFBF9C",
        "styleMapHash": {
          "normal": "#__managed_style_4BB088C9B63BEDCFBF9C",
          "highlight": "#__managed_style_5BC47251923BEDCFBF9C"
        }
      },
      "id": "0DF15935743B65A731D4"
    },
    {
      "type": "Feature",
      "geometry": {
        "type": "Polygon",
        "coordinates": [
          [
            [
              -42.55376439448439,
              -19.42534225585367,
              0
            ],
            [
              -42.55416405929665,
              -19.42501765329368,
              0
            ],
            [
              -42.55493125582596,
              -19.4252771202577,
              0
            ],
            [
              -42.55496145096814,
              -19.42574704245619,
              0
            ],
            [
              -42.5553226245602,
              -19.42591411270087,
              0
            ],
            [
              -42.5551529050048,
              -19.4261900696371,
              0
            ],
            [
              -42.55413052448827,
              -19.42616960669143,
              0
            ],
            [
              -42.55362918277428,
              -19.42678862299458,
              0
            ],
            [
              -42.55350222803563,
              -19.42665865888988,
              0
            ],
            [
              -42.55384326744981,
              -19.42614790068371,
              0
            ],
            [
              -42.55356427622617,
              -19.42614190188466,
              0
            ],
            [
              -42.55354188132767,
              -19.42590232503557,
              0
            ],
            [
              -42.5534416213312,
              -19.42550704450296,
              0
            ],
            [
              -42.55376439448439,
              -19.42534225585367,
              0
            ]
          ]
        ]
      },
      "properties": {
        "name": "CENARIO 09-2",
        "styleUrl": "#__managed_style_30F84B542F3BEDCFBF9C",
        "styleMapHash": {
          "normal": "#__managed_style_4BB088C9B63BEDCFBF9C",
          "highlight": "#__managed_style_5BC47251923BEDCFBF9C"
        }
      },
      "id": "0701F5D4853B8E7447A1"
    },
    {
      "type": "Feature",
      "geometry": {
        "type": "Polygon",
        "coordinates": [
          [
            [
              -42.55374469875071,
              -19.42316412780387,
              0
            ],
            [
              -42.55429235032992,
              -19.42345005182779,
              0
            ],
            [
              -42.554317107934,
              -19.42368148736609,
              0
            ],
            [
              -42.55386481146025,
              -19.42382746287934,
              0
            ],
            [
              -42.55322176855881,
              -19.42394518831035,
              0
            ],
            [
              -42.55289635715462,
              -19.4237349818656,
              0
            ],
            [
              -42.55279624591611,
              -19.42323878101555,
              0
            ],
            [
              -42.55374469875071,
              -19.42316412780387,
              0
            ]
          ]
        ]
      },
      "properties": {
        "name": "CENARIO 9-3",
        "styleUrl": "#__managed_style_30F84B542F3BEDCFBF9C",
        "styleMapHash": {
          "normal": "#__managed_style_4BB088C9B63BEDCFBF9C",
          "highlight": "#__managed_style_5BC47251923BEDCFBF9C"
        }
      },
      "id": "0B0507643F3B8E7575DB"
    },
    {
      "type": "Feature",
      "geometry": {
        "type": "Polygon",
        "coordinates": [
          [
            [
              -42.55513023826601,
              -19.42142141961232,
              0
            ],
            [
              -42.55518120324257,
              -19.42204076731675,
              0
            ],
            [
              -42.55412191593965,
              -19.42225974918817,
              0
            ],
            [
              -42.55399935668643,
              -19.42211348512973,
              0
            ],
            [
              -42.55365554202618,
              -19.42215627952109,
              0
            ],
            [
              -42.55352852567679,
              -19.42183741170525,
              0
            ],
            [
              -42.55368388669547,
              -19.42163990469786,
              0
            ],
            [
              -42.55404928617612,
              -19.42171210795151,
              0
            ],
            [
              -42.55463209977346,
              -19.42086599468759,
              0
            ],
            [
              -42.55513023826601,
              -19.42142141961232,
              0
            ]
          ]
        ]
      },
      "properties": {
        "name": "CENARIO 9-4",
        "styleUrl": "#__managed_style_30F84B542F3BEDCFBF9C",
        "styleMapHash": {
          "normal": "#__managed_style_4BB088C9B63BEDCFBF9C",
          "highlight": "#__managed_style_5BC47251923BEDCFBF9C"
        }
      },
      "id": "0F50B37B703B8E76A3E0"
    },
    {
      "type": "Feature",
      "geometry": {
        "type": "Polygon",
        "coordinates": [
          [
            [
              -42.55210113954077,
              -19.41998371350401,
              0
            ],
            [
              -42.55196956740897,
              -19.42001861673173,
              0
            ],
            [
              -42.55174346661437,
              -19.41967356057578,
              0
            ],
            [
              -42.55139933991907,
              -19.41976075930487,
              0
            ],
            [
              -42.55121393180625,
              -19.41928720303148,
              0
            ],
            [
              -42.55207514938957,
              -19.418777104465,
              0
            ],
            [
              -42.55290981730238,
              -19.41872224853693,
              0
            ],
            [
              -42.55370868073332,
              -19.41930423634608,
              0
            ],
            [
              -42.55362174044364,
              -19.41952500892469,
              0
            ],
            [
              -42.55393723764346,
              -19.4197688885534,
              0
            ],
            [
              -42.55270996239398,
              -19.42028441845856,
              0
            ],
            [
              -42.55284731254461,
              -19.42059203107854,
              0
            ],
            [
              -42.55249900410331,
              -19.4207103978027,
              0
            ],
            [
              -42.55236655535298,
              -19.42096212798632,
              0
            ],
            [
              -42.55220620017788,
              -19.42098811075101,
              0
            ],
            [
              -42.55218127004609,
              -19.4209113947451,
              0
            ],
            [
              -42.55205697696147,
              -19.42094131230106,
              0
            ],
            [
              -42.55196623270866,
              -19.42048404202192,
              0
            ],
            [
              -42.55212263126266,
              -19.42032258774741,
              0
            ],
            [
              -42.55223936512759,
              -19.42029556342014,
              0
            ],
            [
              -42.55210113954077,
              -19.41998371350401,
              0
            ]
          ]
        ]
      },
      "properties": {
        "name": "CENARIO 9-5",
        "styleUrl": "#__managed_style_30F84B542F3BEDCFBF9C",
        "styleMapHash": {
          "normal": "#__managed_style_4BB088C9B63BEDCFBF9C",
          "highlight": "#__managed_style_5BC47251923BEDCFBF9C"
        }
      },
      "id": "0B8F0173063B8E77216B"
    },
    {
      "type": "Feature",
      "geometry": {
        "type": "Polygon",
        "coordinates": [
          [
            [
              -42.54631243859654,
              -19.45906333881307,
              0
            ],
            [
              -42.54630776749914,
              -19.45915752459603,
              0
            ],
            [
              -42.54629853798702,
              -19.45925929211613,
              0
            ],
            [
              -42.54631908782892,
              -19.45938062016392,
              0
            ],
            [
              -42.54618688099708,
              -19.45937948903467,
              0
            ],
            [
              -42.54622140000608,
              -19.45955649457505,
              0
            ],
            [
              -42.54632227007057,
              -19.45956253425821,
              0
            ],
            [
              -42.54636494541602,
              -19.45972608130968,
              0
            ],
            [
              -42.54615930089422,
              -19.45982108475122,
              0
            ],
            [
              -42.5461992053647,
              -19.45990184978008,
              0
            ],
            [
              -42.54635174754513,
              -19.4601159777604,
              0
            ],
            [
              -42.54607243549565,
              -19.4602892616882,
              0
            ],
            [
              -42.54592213184741,
              -19.46008967339602,
              0
            ],
            [
              -42.54604998869021,
              -19.45988901151447,
              0
            ],
            [
              -42.54591786543585,
              -19.45971490482217,
              0
            ],
            [
              -42.54564725612209,
              -19.45943480596969,
              0
            ],
            [
              -42.54541868659656,
              -19.45941975977875,
              0
            ],
            [
              -42.54510864139026,
              -19.45964558295546,
              0
            ],
            [
              -42.54481569276255,
              -19.45988385282194,
              0
            ],
            [
              -42.54486694968287,
              -19.46001969089519,
              0
            ],
            [
              -42.54473680263951,
              -19.4601433055611,
              0
            ],
            [
              -42.54479670577172,
              -19.46035376605573,
              0
            ],
            [
              -42.54474591099655,
              -19.46054125138146,
              0
            ],
            [
              -42.54463502891708,
              -19.46070430267106,
              0
            ],
            [
              -42.54409121217758,
              -19.46059670964485,
              0
            ],
            [
              -42.54412536654144,
              -19.46030691170748,
              0
            ],
            [
              -42.54419715865112,
              -19.46010241531213,
              0
            ],
            [
              -42.54417706561229,
              -19.45987494447211,
              0
            ],
            [
              -42.54436836164903,
              -19.45957662802389,
              0
            ],
            [
              -42.54445278704231,
              -19.4594812736409,
              0
            ],
            [
              -42.54467244086051,
              -19.45928656277563,
              0
            ],
            [
              -42.5448556917332,
              -19.45920820097977,
              0
            ],
            [
              -42.54556531054756,
              -19.45882742525004,
              0
            ],
            [
              -42.54655050619545,
              -19.45879041358673,
              0
            ],
            [
              -42.54675938048531,
              -19.45884269303258,
              0
            ],
            [
              -42.54668413952164,
              -19.4590360980068,
              0
            ],
            [
              -42.54631243859654,
              -19.45906333881307,
              0
            ]
          ]
        ]
      },
      "properties": {
        "name": "CENÁRIO 10-1",
        "styleUrl": "#__managed_style_30F84B542F3BEDCFBF9C",
        "styleMapHash": {
          "normal": "#__managed_style_4BB088C9B63BEDCFBF9C",
          "highlight": "#__managed_style_5BC47251923BEDCFBF9C"
        }
      },
      "id": "01C82A8F6D3B6BFFFB00"
    },
    {
      "type": "Feature",
      "geometry": {
        "type": "Polygon",
        "coordinates": [
          [
            [
              -42.54456811440212,
              -19.4607278034389,
              0
            ],
            [
              -42.54451438077047,
              -19.46133776218736,
              0
            ],
            [
              -42.5444996629627,
              -19.46188906184758,
              0
            ],
            [
              -42.5439890645918,
              -19.46192214613707,
              0
            ],
            [
              -42.54372741172122,
              -19.46171738662292,
              0
            ],
            [
              -42.54314418647335,
              -19.46218994636817,
              0
            ],
            [
              -42.54287338673385,
              -19.46241676355248,
              0
            ],
            [
              -42.54255162717599,
              -19.46316609064481,
              0
            ],
            [
              -42.54215224237623,
              -19.46327887743848,
              0
            ],
            [
              -42.54169217339524,
              -19.46326325217332,
              0
            ],
            [
              -42.5410769844762,
              -19.46323089734739,
              0
            ],
            [
              -42.54049402764958,
              -19.46321507186868,
              0
            ],
            [
              -42.54029667199629,
              -19.46320221611949,
              0
            ],
            [
              -42.53940781620602,
              -19.46324738492048,
              0
            ],
            [
              -42.53944908910623,
              -19.46254792616096,
              0
            ],
            [
              -42.53992592688037,
              -19.46244424196807,
              0
            ],
            [
              -42.54042371962548,
              -19.46231074160344,
              0
            ],
            [
              -42.54078916904439,
              -19.46200363351819,
              0
            ],
            [
              -42.54110826104404,
              -19.46227598136477,
              0
            ],
            [
              -42.54171677848451,
              -19.46185985859282,
              0
            ],
            [
              -42.54148616130594,
              -19.46155077266847,
              0
            ],
            [
              -42.54163413707681,
              -19.46144720646268,
              0
            ],
            [
              -42.54212739264393,
              -19.46164703459322,
              0
            ],
            [
              -42.54232721982052,
              -19.46175361703632,
              0
            ],
            [
              -42.5430367591507,
              -19.46212182615853,
              0
            ],
            [
              -42.54368456578825,
              -19.46160780193417,
              0
            ],
            [
              -42.54361512547032,
              -19.4610264728275,
              0
            ],
            [
              -42.54456811440212,
              -19.4607278034389,
              0
            ]
          ]
        ]
      },
      "properties": {
        "name": "CENÁRIO 10-2",
        "styleUrl": "#__managed_style_30F84B542F3BEDCFBF9C",
        "styleMapHash": {
          "normal": "#__managed_style_4BB088C9B63BEDCFBF9C",
          "highlight": "#__managed_style_5BC47251923BEDCFBF9C"
        }
      },
      "id": "070AD473BF3B6C032E1B"
    },
    {
      "type": "Feature",
      "geometry": {
        "type": "Polygon",
        "coordinates": [
          [
            [
              -42.54838925892518,
              -19.46410146956169,
              0
            ],
            [
              -42.54856131908602,
              -19.46294450891857,
              0
            ],
            [
              -42.54906157984667,
              -19.46292560865052,
              0
            ],
            [
              -42.54929901213866,
              -19.4632983898445,
              0
            ],
            [
              -42.54992267521279,
              -19.46313200658416,
              0
            ],
            [
              -42.55041557218346,
              -19.46351776775251,
              0
            ],
            [
              -42.55008972267659,
              -19.46432518617171,
              0
            ],
            [
              -42.54953880780192,
              -19.46457539756436,
              0
            ],
            [
              -42.54838925892518,
              -19.46410146956169,
              0
            ]
          ]
        ]
      },
      "properties": {
        "name": "CENÁRIO 10-3",
        "styleUrl": "#__managed_style_30F84B542F3BEDCFBF9C",
        "styleMapHash": {
          "normal": "#__managed_style_4BB088C9B63BEDCFBF9C",
          "highlight": "#__managed_style_5BC47251923BEDCFBF9C"
        }
      },
      "id": "0CFD8D2FAB3A53B9E3E8"
    },
    {
      "type": "Feature",
      "geometry": {
        "type": "Polygon",
        "coordinates": [
          [
            [
              -42.54757339488455,
              -19.46038512283753,
              0
            ],
            [
              -42.54792984485307,
              -19.46048166677662,
              0
            ],
            [
              -42.54802986237161,
              -19.46096105684484,
              0
            ],
            [
              -42.5481456029902,
              -19.4614198215102,
              0
            ],
            [
              -42.54766593077197,
              -19.4620074009678,
              0
            ],
            [
              -42.54731641347865,
              -19.46179793703383,
              0
            ],
            [
              -42.5471139948939,
              -19.46211904728267,
              0
            ],
            [
              -42.54739575780262,
              -19.46259918657191,
              0
            ],
            [
              -42.54734534660184,
              -19.46281584233485,
              0
            ],
            [
              -42.54773165329937,
              -19.46305163873586,
              0
            ],
            [
              -42.54784159906936,
              -19.4630044151102,
              0
            ],
            [
              -42.54791139363947,
              -19.46381417177425,
              0
            ],
            [
              -42.54742916024181,
              -19.46376389958063,
              0
            ],
            [
              -42.54724008940297,
              -19.46374275354181,
              0
            ],
            [
              -42.54723741632544,
              -19.46330579804107,
              0
            ],
            [
              -42.54764415570611,
              -19.46310860756783,
              0
            ],
            [
              -42.54726143774085,
              -19.46285826027023,
              0
            ],
            [
              -42.54708890200536,
              -19.46325145443913,
              0
            ],
            [
              -42.54690192399507,
              -19.46309840427084,
              0
            ],
            [
              -42.54674705317554,
              -19.46299540720142,
              0
            ],
            [
              -42.5465246994645,
              -19.4628516340706,
              0
            ],
            [
              -42.54651884006199,
              -19.46270293526967,
              0
            ],
            [
              -42.54667248446739,
              -19.46231785339754,
              0
            ],
            [
              -42.54704476942293,
              -19.46213316822198,
              0
            ],
            [
              -42.54726693782736,
              -19.46175955001102,
              0
            ],
            [
              -42.5473413409679,
              -19.46148375145412,
              0
            ],
            [
              -42.54733638109188,
              -19.46127672165982,
              0
            ],
            [
              -42.54737750925902,
              -19.4610339017644,
              0
            ],
            [
              -42.54749764375225,
              -19.46050076120715,
              0
            ],
            [
              -42.54757339488455,
              -19.46038512283753,
              0
            ]
          ]
        ]
      },
      "properties": {
        "name": "CENÁRIO 10-4",
        "styleUrl": "#__managed_style_30F84B542F3BEDCFBF9C",
        "styleMapHash": {
          "normal": "#__managed_style_4BB088C9B63BEDCFBF9C",
          "highlight": "#__managed_style_5BC47251923BEDCFBF9C"
        }
      },
      "id": "08CF35221F3B6C426994"
    },
    {
      "type": "Feature",
      "geometry": {
        "type": "Polygon",
        "coordinates": [
          [
            [
              -42.54572020046516,
              -19.46181734475943,
              0
            ],
            [
              -42.54605465127651,
              -19.46234810362988,
              0
            ],
            [
              -42.54608239049767,
              -19.46259609125018,
              0
            ],
            [
              -42.54587537377142,
              -19.46277668918307,
              0
            ],
            [
              -42.54555657661151,
              -19.46274144157057,
              0
            ],
            [
              -42.54547588317287,
              -19.46281098577394,
              0
            ],
            [
              -42.54549232328143,
              -19.46299144534372,
              0
            ],
            [
              -42.54546450771918,
              -19.46325534566627,
              0
            ],
            [
              -42.5454893811302,
              -19.46340357498803,
              0
            ],
            [
              -42.54554139208336,
              -19.46360945998413,
              0
            ],
            [
              -42.54566923570471,
              -19.46378195995966,
              0
            ],
            [
              -42.54536194216315,
              -19.46431934314396,
              0
            ],
            [
              -42.54548405340543,
              -19.4643369717599,
              0
            ],
            [
              -42.54586002087996,
              -19.46449467454217,
              0
            ],
            [
              -42.546182363211,
              -19.4647103521228,
              0
            ],
            [
              -42.54676660274959,
              -19.46505907843422,
              0
            ],
            [
              -42.54744217264958,
              -19.46485806771377,
              0
            ],
            [
              -42.54745525848198,
              -19.46573222791876,
              0
            ],
            [
              -42.54657158782035,
              -19.46567616635375,
              0
            ],
            [
              -42.54595680400489,
              -19.46541829721002,
              0
            ],
            [
              -42.54526499414261,
              -19.465005434293,
              0
            ],
            [
              -42.545051524823,
              -19.46485354943596,
              0
            ],
            [
              -42.54482004870283,
              -19.46476310410263,
              0
            ],
            [
              -42.54464459654112,
              -19.46472296096536,
              0
            ],
            [
              -42.54428660614276,
              -19.46474362016341,
              0
            ],
            [
              -42.54431449800759,
              -19.46456723059512,
              0
            ],
            [
              -42.54438035679566,
              -19.46442072821064,
              0
            ],
            [
              -42.54451825251498,
              -19.46440952890707,
              0
            ],
            [
              -42.5446587130537,
              -19.46417158984768,
              0
            ],
            [
              -42.54432655360215,
              -19.4637095562463,
              0
            ],
            [
              -42.54430694177131,
              -19.46349776226142,
              0
            ],
            [
              -42.54428167191089,
              -19.46332332420728,
              0
            ],
            [
              -42.54463189539644,
              -19.46303768763216,
              0
            ],
            [
              -42.54488638933672,
              -19.46332041302458,
              0
            ],
            [
              -42.54529439671856,
              -19.46295944974565,
              0
            ],
            [
              -42.54508854503179,
              -19.46278572289469,
              0
            ],
            [
              -42.54484205577892,
              -19.46248461997444,
              0
            ],
            [
              -42.54572020046516,
              -19.46181734475943,
              0
            ]
          ]
        ]
      },
      "properties": {
        "name": "CENÁRIO 10-5",
        "styleUrl": "#__managed_style_30F84B542F3BEDCFBF9C",
        "styleMapHash": {
          "normal": "#__managed_style_4BB088C9B63BEDCFBF9C",
          "highlight": "#__managed_style_5BC47251923BEDCFBF9C"
        }
      },
      "id": "04901DD7563B6C46E64E"
    },
    {
      "type": "Feature",
      "geometry": {
        "type": "Polygon",
        "coordinates": [
          [
            [
              -42.55982581370222,
              -19.47843610007825,
              0
            ],
            [
              -42.55986256150697,
              -19.47846910542545,
              0
            ],
            [
              -42.55995416273275,
              -19.47851015403059,
              0
            ],
            [
              -42.56000000508752,
              -19.47856129145188,
              0
            ],
            [
              -42.56000508742238,
              -19.4786177547901,
              0
            ],
            [
              -42.56007247444703,
              -19.47876452457656,
              0
            ],
            [
              -42.5600563504696,
              -19.47890633817275,
              0
            ],
            [
              -42.55998059240037,
              -19.47906034727257,
              0
            ],
            [
              -42.55987584934545,
              -19.47914847894331,
              0
            ],
            [
              -42.55978634419737,
              -19.47915454994124,
              0
            ],
            [
              -42.55971198012183,
              -19.47910366476836,
              0
            ],
            [
              -42.55963114590156,
              -19.47908525908814,
              0
            ],
            [
              -42.55959152599688,
              -19.47901325145313,
              0
            ],
            [
              -42.55958882909344,
              -19.47895082054509,
              0
            ],
            [
              -42.55958916490456,
              -19.47889431186204,
              0
            ],
            [
              -42.55959971290565,
              -19.47883752981526,
              0
            ],
            [
              -42.55958967222433,
              -19.47869576767759,
              0
            ],
            [
              -42.55933162829393,
              -19.47868300166416,
              0
            ],
            [
              -42.55928572300995,
              -19.47874569655189,
              0
            ],
            [
              -42.559226030856,
              -19.47887170939941,
              0
            ],
            [
              -42.55923131495174,
              -19.47896309227908,
              0
            ],
            [
              -42.55927218381176,
              -19.47913421995163,
              0
            ],
            [
              -42.55927764769674,
              -19.4791564868383,
              0
            ],
            [
              -42.55926766410791,
              -19.47919659841044,
              0
            ],
            [
              -42.55924130843447,
              -19.4792174435145,
              0
            ],
            [
              -42.55919579549069,
              -19.47918826536972,
              0
            ],
            [
              -42.55913478386115,
              -19.47920085505621,
              0
            ],
            [
              -42.55909481205455,
              -19.4792466313074,
              0
            ],
            [
              -42.55902040904152,
              -19.47928481162017,
              0
            ],
            [
              -42.5589631292894,
              -19.47934481324925,
              0
            ],
            [
              -42.5588468415159,
              -19.47940119221315,
              0
            ],
            [
              -42.55879085914211,
              -19.47946808512187,
              0
            ],
            [
              -42.55872749973526,
              -19.47945668191363,
              0
            ],
            [
              -42.55867078761254,
              -19.47940127917089,
              0
            ],
            [
              -42.55845344850285,
              -19.47941982030472,
              0
            ],
            [
              -42.55836546117219,
              -19.47933366054943,
              0
            ],
            [
              -42.55833078446168,
              -19.47925901674091,
              0
            ],
            [
              -42.55830609951961,
              -19.47922256920414,
              0
            ],
            [
              -42.55825376519321,
              -19.47917304561997,
              0
            ],
            [
              -42.55824049877866,
              -19.47901736664487,
              0
            ],
            [
              -42.5586429438675,
              -19.47885327794349,
              0
            ],
            [
              -42.55885400961756,
              -19.47871688236191,
              0
            ],
            [
              -42.55907888816748,
              -19.4786057414108,
              0
            ],
            [
              -42.55929140392356,
              -19.47854035256242,
              0
            ],
            [
              -42.55935585302768,
              -19.47864688120385,
              0
            ],
            [
              -42.55954223118601,
              -19.47865495070292,
              0
            ],
            [
              -42.55945422252591,
              -19.47846141520949,
              0
            ],
            [
              -42.55972299635856,
              -19.47832687712031,
              0
            ],
            [
              -42.55982581370222,
              -19.47843610007825,
              0
            ]
          ]
        ]
      },
      "properties": {
        "name": "CENÁRIO 11-1",
        "styleUrl": "#__managed_style_30F84B542F3BEDCFBF9C",
        "styleMapHash": {
          "normal": "#__managed_style_4BB088C9B63BEDCFBF9C",
          "highlight": "#__managed_style_5BC47251923BEDCFBF9C"
        }
      },
      "id": "0092B3FAB93B6A910FC0"
    },
    {
      "type": "Feature",
      "geometry": {
        "type": "Polygon",
        "coordinates": [
          [
            [
              -42.56056151168763,
              -19.47851414940889,
              0
            ],
            [
              -42.56021056565542,
              -19.47877062646909,
              0
            ],
            [
              -42.56008588120502,
              -19.47874458401722,
              0
            ],
            [
              -42.56002138931507,
              -19.47853525101015,
              0
            ],
            [
              -42.55975748522392,
              -19.47830999313062,
              0
            ],
            [
              -42.56001226924175,
              -19.47816604055035,
              0
            ],
            [
              -42.56023355916878,
              -19.4780406665291,
              0
            ],
            [
              -42.56038135142844,
              -19.47792747880994,
              0
            ],
            [
              -42.5604722885836,
              -19.47777754170818,
              0
            ],
            [
              -42.56060643093785,
              -19.47768674789645,
              0
            ],
            [
              -42.56085560033788,
              -19.47750167214375,
              0
            ],
            [
              -42.5611905959077,
              -19.4771894802205,
              0
            ],
            [
              -42.56128849602896,
              -19.4770664744262,
              0
            ],
            [
              -42.56172132670389,
              -19.47742778024303,
              0
            ],
            [
              -42.56167742625298,
              -19.47778371773342,
              0
            ],
            [
              -42.56161618232149,
              -19.47803307684351,
              0
            ],
            [
              -42.56154760135961,
              -19.47814562626358,
              0
            ],
            [
              -42.56134852804817,
              -19.47830369344436,
              0
            ],
            [
              -42.56084748763163,
              -19.47840163308589,
              0
            ],
            [
              -42.56056151168763,
              -19.47851414940889,
              0
            ]
          ]
        ]
      },
      "properties": {
        "name": "CENÁRIO 11-2",
        "styleUrl": "#__managed_style_30F84B542F3BEDCFBF9C",
        "styleMapHash": {
          "normal": "#__managed_style_4BB088C9B63BEDCFBF9C",
          "highlight": "#__managed_style_5BC47251923BEDCFBF9C"
        }
      },
      "id": "01EC72F0413A5FAD8D81"
    },
    {
      "type": "Feature",
      "geometry": {
        "type": "Polygon",
        "coordinates": [
          [
            [
              -42.5595763023089,
              -19.47586276061915,
              0
            ],
            [
              -42.55946887387347,
              -19.4759459527703,
              0
            ],
            [
              -42.55942394050852,
              -19.47602413481617,
              0
            ],
            [
              -42.55926720340445,
              -19.47613782040034,
              0
            ],
            [
              -42.55922568807433,
              -19.47611357886271,
              0
            ],
            [
              -42.55916707145917,
              -19.476200425759,
              0
            ],
            [
              -42.55908245635212,
              -19.47626749975582,
              0
            ],
            [
              -42.55911938479797,
              -19.47633455291578,
              0
            ],
            [
              -42.55907444479495,
              -19.47637807709313,
              0
            ],
            [
              -42.55911355417252,
              -19.47643948065098,
              0
            ],
            [
              -42.55891486269716,
              -19.47662624625356,
              0
            ],
            [
              -42.55884902624399,
              -19.47649276128513,
              0
            ],
            [
              -42.55886336160764,
              -19.4763954272056,
              0
            ],
            [
              -42.55860683853472,
              -19.47650698045883,
              0
            ],
            [
              -42.55847589647713,
              -19.476510795874,
              0
            ],
            [
              -42.55836010754766,
              -19.47648759307759,
              0
            ],
            [
              -42.55822199658318,
              -19.47651206023703,
              0
            ],
            [
              -42.55811475818231,
              -19.4765667107352,
              0
            ],
            [
              -42.55813267563685,
              -19.47663535675718,
              0
            ],
            [
              -42.55807652070978,
              -19.47665886082187,
              0
            ],
            [
              -42.55805839613289,
              -19.47672240474056,
              0
            ],
            [
              -42.55769291115479,
              -19.47697045046354,
              0
            ],
            [
              -42.5576521224168,
              -19.47710422637569,
              0
            ],
            [
              -42.55747794769737,
              -19.47718060227106,
              0
            ],
            [
              -42.55750639758102,
              -19.47709914392496,
              0
            ],
            [
              -42.55735334179755,
              -19.47701424875117,
              0
            ],
            [
              -42.55738987541319,
              -19.47691805290128,
              0
            ],
            [
              -42.55748819160668,
              -19.47687713906961,
              0
            ],
            [
              -42.55755802125822,
              -19.47685921371771,
              0
            ],
            [
              -42.55770158960749,
              -19.47690104241153,
              0
            ],
            [
              -42.55802718641741,
              -19.47668183944,
              0
            ],
            [
              -42.55799110508246,
              -19.47649233416355,
              0
            ],
            [
              -42.55801195845905,
              -19.47642171982196,
              0
            ],
            [
              -42.55808504150119,
              -19.47632578680894,
              0
            ],
            [
              -42.55800548930983,
              -19.47624808884926,
              0
            ],
            [
              -42.55812459614033,
              -19.47614245555238,
              0
            ],
            [
              -42.55825677675378,
              -19.47609573122614,
              0
            ],
            [
              -42.5583597297695,
              -19.47611669800956,
              0
            ],
            [
              -42.55840938943221,
              -19.47614540940229,
              0
            ],
            [
              -42.55857908513308,
              -19.47620031643388,
              0
            ],
            [
              -42.55868745230495,
              -19.47618713691059,
              0
            ],
            [
              -42.5587353120957,
              -19.47613976239555,
              0
            ],
            [
              -42.55887753989121,
              -19.47632588567501,
              0
            ],
            [
              -42.55902820292694,
              -19.47590353355224,
              0
            ],
            [
              -42.55934900572092,
              -19.4758088740208,
              0
            ],
            [
              -42.55949725107741,
              -19.47562413335888,
              0
            ],
            [
              -42.55960544065973,
              -19.47561901914904,
              0
            ],
            [
              -42.55966055562254,
              -19.47567841615179,
              0
            ],
            [
              -42.5595763023089,
              -19.47586276061915,
              0
            ]
          ]
        ]
      },
      "properties": {
        "name": "CENÁRIO 11-3",
        "styleUrl": "#__managed_style_30F84B542F3BEDCFBF9C",
        "styleMapHash": {
          "normal": "#__managed_style_4BB088C9B63BEDCFBF9C",
          "highlight": "#__managed_style_5BC47251923BEDCFBF9C"
        }
      },
      "id": "0D0DD7077B3B708E4889"
    },
    {
      "type": "Feature",
      "geometry": {
        "type": "Polygon",
        "coordinates": [
          [
            [
              -42.56123481425288,
              -19.47633069818209,
              0
            ],
            [
              -42.56142954674856,
              -19.4762790691849,
              0
            ],
            [
              -42.56162387338859,
              -19.47622658249583,
              0
            ],
            [
              -42.56165052596915,
              -19.47642468661213,
              0
            ],
            [
              -42.56160224029942,
              -19.47644987922132,
              0
            ],
            [
              -42.56146671019047,
              -19.47639711323825,
              0
            ],
            [
              -42.56132149414361,
              -19.47643306463126,
              0
            ],
            [
              -42.5612416326865,
              -19.47637299380485,
              0
            ],
            [
              -42.56119533665502,
              -19.4763784627335,
              0
            ],
            [
              -42.56116374776781,
              -19.47629447774755,
              0
            ],
            [
              -42.56114844602912,
              -19.47627876952861,
              0
            ],
            [
              -42.56113594963112,
              -19.47616491152338,
              0
            ],
            [
              -42.56107183187544,
              -19.47605335689869,
              0
            ],
            [
              -42.56103328410846,
              -19.47593938959099,
              0
            ],
            [
              -42.56105280436688,
              -19.47589572522631,
              0
            ],
            [
              -42.56099415372356,
              -19.47586214285731,
              0
            ],
            [
              -42.56097346402474,
              -19.47580154804796,
              0
            ],
            [
              -42.56099402652529,
              -19.47576312080012,
              0
            ],
            [
              -42.56086735900134,
              -19.47571268203387,
              0
            ],
            [
              -42.56084411908595,
              -19.47574781860139,
              0
            ],
            [
              -42.56082950292061,
              -19.47576975668431,
              0
            ],
            [
              -42.5608493689131,
              -19.47586158802786,
              0
            ],
            [
              -42.56080242612166,
              -19.47594074675781,
              0
            ],
            [
              -42.56071207134938,
              -19.47585408003194,
              0
            ],
            [
              -42.56066420565374,
              -19.47596837328944,
              0
            ],
            [
              -42.56057939382728,
              -19.47593664376981,
              0
            ],
            [
              -42.560590094242,
              -19.47589385020189,
              0
            ],
            [
              -42.56055518344972,
              -19.47585087977927,
              0
            ],
            [
              -42.56056170829797,
              -19.47575543352432,
              0
            ],
            [
              -42.560424606102,
              -19.47576100493109,
              0
            ],
            [
              -42.56037139930911,
              -19.47557690548932,
              0
            ],
            [
              -42.56020948546216,
              -19.47564478686389,
              0
            ],
            [
              -42.56000655831937,
              -19.47570157933261,
              0
            ],
            [
              -42.55977356571782,
              -19.47549867407568,
              0
            ],
            [
              -42.55969730085431,
              -19.47547945190141,
              0
            ],
            [
              -42.5595860327519,
              -19.47550302645216,
              0
            ],
            [
              -42.55951303780737,
              -19.47540252678474,
              0
            ],
            [
              -42.55954719655893,
              -19.47534869128824,
              0
            ],
            [
              -42.55964299103223,
              -19.47530558352091,
              0
            ],
            [
              -42.55984587216508,
              -19.47525499591016,
              0
            ],
            [
              -42.55997788022544,
              -19.47523440979944,
              0
            ],
            [
              -42.56005336045012,
              -19.47524830703144,
              0
            ],
            [
              -42.56007262420517,
              -19.47535648854576,
              0
            ],
            [
              -42.56014613207999,
              -19.47538846284766,
              0
            ],
            [
              -42.56023318777681,
              -19.47541306480738,
              0
            ],
            [
              -42.56039673531567,
              -19.47546245320027,
              0
            ],
            [
              -42.56040538775468,
              -19.4754066582666,
              0
            ],
            [
              -42.56070823487583,
              -19.47543514107104,
              0
            ],
            [
              -42.56079272446851,
              -19.47548025680106,
              0
            ],
            [
              -42.56076907484071,
              -19.47556482566776,
              0
            ],
            [
              -42.56074068121906,
              -19.47559891040392,
              0
            ],
            [
              -42.56090283414166,
              -19.47565393802414,
              0
            ],
            [
              -42.56098368675684,
              -19.47549557796716,
              0
            ],
            [
              -42.56116127414186,
              -19.47558228606016,
              0
            ],
            [
              -42.56105100268702,
              -19.4757282010199,
              0
            ],
            [
              -42.56108112349957,
              -19.47582788765109,
              0
            ],
            [
              -42.56115887525004,
              -19.47590075508625,
              0
            ],
            [
              -42.56120727696096,
              -19.47610162390093,
              0
            ],
            [
              -42.56123481425288,
              -19.47633069818209,
              0
            ]
          ]
        ]
      },
      "properties": {
        "name": "CENÁRIO 11-4",
        "styleUrl": "#__managed_style_30F84B542F3BEDCFBF9C",
        "styleMapHash": {
          "normal": "#__managed_style_4BB088C9B63BEDCFBF9C",
          "highlight": "#__managed_style_5BC47251923BEDCFBF9C"
        }
      },
      "id": "02481827293B83F25A20"
    },
    {
      "type": "Feature",
      "geometry": {
        "type": "Polygon",
        "coordinates": [
          [
            [
              -42.55663593151641,
              -19.47686751825802,
              0
            ],
            [
              -42.55655112071411,
              -19.47682493025922,
              0
            ],
            [
              -42.55627435237799,
              -19.47663709398258,
              0
            ],
            [
              -42.55610836451284,
              -19.47648249233048,
              0
            ],
            [
              -42.55594747256912,
              -19.47638152946745,
              0
            ],
            [
              -42.55583350987655,
              -19.47632709092716,
              0
            ],
            [
              -42.55597321491405,
              -19.47612875110928,
              0
            ],
            [
              -42.55601779594188,
              -19.47602895632492,
              0
            ],
            [
              -42.55610992293487,
              -19.47607925182461,
              0
            ],
            [
              -42.55645574990227,
              -19.47631079904425,
              0
            ],
            [
              -42.55660336189603,
              -19.47647745341582,
              0
            ],
            [
              -42.55681694249585,
              -19.47685474554218,
              0
            ],
            [
              -42.55683241612773,
              -19.47698243077996,
              0
            ],
            [
              -42.55663593151641,
              -19.47686751825802,
              0
            ]
          ]
        ]
      },
      "properties": {
        "name": "CENÁRIO 11-5",
        "styleUrl": "#__managed_style_30F84B542F3BEDCFBF9C",
        "styleMapHash": {
          "normal": "#__managed_style_4BB088C9B63BEDCFBF9C",
          "highlight": "#__managed_style_5BC47251923BEDCFBF9C"
        }
      },
      "id": "0A35037CBC3B708B7230"
    },
    {
      "type": "Feature",
      "geometry": {
        "type": "Polygon",
        "coordinates": [
          [
            [
              -42.56883378829927,
              -19.42872677233167,
              0
            ],
            [
              -42.56896377469277,
              -19.42876925820856,
              0
            ],
            [
              -42.56909226786632,
              -19.4288216023022,
              0
            ],
            [
              -42.56929135071909,
              -19.42894322231988,
              0
            ],
            [
              -42.56908635834967,
              -19.42933229989088,
              0
            ],
            [
              -42.56883875561542,
              -19.42923008412182,
              0
            ],
            [
              -42.56874374496399,
              -19.42921089503269,
              0
            ],
            [
              -42.56865050869671,
              -19.42919794409691,
              0
            ],
            [
              -42.56852998990765,
              -19.42912626794175,
              0
            ],
            [
              -42.56859809890134,
              -19.42902238318584,
              0
            ],
            [
              -42.56873683143803,
              -19.42894706404389,
              0
            ],
            [
              -42.56883378829927,
              -19.42872677233167,
              0
            ]
          ]
        ]
      },
      "properties": {
        "name": "CENARIO 12-1",
        "styleUrl": "#__managed_style_6DB59F26183BEDCFBF9C",
        "styleMapHash": {
          "normal": "#__managed_style_7C927D31F13BEDCFBF9C",
          "highlight": "#__managed_style_02B8C32B333BEDCFBF9E"
        }
      },
      "id": "0C480052C63B901557D8"
    },
    {
      "type": "Feature",
      "geometry": {
        "type": "Polygon",
        "coordinates": [
          [
            [
              -42.56821814798072,
              -19.43204436777233,
              0
            ],
            [
              -42.56809559128421,
              -19.43237777453122,
              0
            ],
            [
              -42.56761250787158,
              -19.4321795123042,
              0
            ],
            [
              -42.56768603569123,
              -19.43184620763218,
              0
            ],
            [
              -42.56821814798072,
              -19.43204436777233,
              0
            ]
          ]
        ]
      },
      "properties": {
        "name": "CENARIO 12-2",
        "styleUrl": "#__managed_style_30F84B542F3BEDCFBF9C",
        "styleMapHash": {
          "normal": "#__managed_style_4BB088C9B63BEDCFBF9C",
          "highlight": "#__managed_style_5BC47251923BEDCFBF9C"
        }
      },
      "id": "05D261FFDA3B9015D3A8"
    },
    {
      "type": "Feature",
      "geometry": {
        "type": "Polygon",
        "coordinates": [
          [
            [
              -42.56719194663668,
              -19.43817033643915,
              0
            ],
            [
              -42.56737208884771,
              -19.43782971456916,
              0
            ],
            [
              -42.56753167338199,
              -19.43765838756847,
              0
            ],
            [
              -42.56787969806407,
              -19.43783116623243,
              0
            ],
            [
              -42.56786012942079,
              -19.4381028925227,
              0
            ],
            [
              -42.56812411537769,
              -19.43829686841975,
              0
            ],
            [
              -42.56887614190766,
              -19.43876402227034,
              0
            ],
            [
              -42.56905514992931,
              -19.43888822681957,
              0
            ],
            [
              -42.56875471087468,
              -19.43937819251934,
              0
            ],
            [
              -42.56839041114121,
              -19.43939489782133,
              0
            ],
            [
              -42.56788110838291,
              -19.43979881642463,
              0
            ],
            [
              -42.56778444976829,
              -19.44010128974918,
              0
            ],
            [
              -42.56741098899856,
              -19.44002596288135,
              0
            ],
            [
              -42.56756559422298,
              -19.43968929911157,
              0
            ],
            [
              -42.56767098309609,
              -19.43948825204058,
              0
            ],
            [
              -42.56771035308494,
              -19.43916509338863,
              0
            ],
            [
              -42.56810845182481,
              -19.43880084004964,
              0
            ],
            [
              -42.56719194663668,
              -19.43817033643915,
              0
            ]
          ]
        ]
      },
      "properties": {
        "name": "CENARIO 12-3",
        "styleUrl": "#__managed_style_30F84B542F3BEDCFBF9C",
        "styleMapHash": {
          "normal": "#__managed_style_4BB088C9B63BEDCFBF9C",
          "highlight": "#__managed_style_5BC47251923BEDCFBF9C"
        }
      },
      "id": "098036101A3B90165086"
    },
    {
      "type": "Feature",
      "geometry": {
        "type": "Polygon",
        "coordinates": [
          [
            [
              -42.56535558434393,
              -19.43777208693854,
              0
            ],
            [
              -42.56530995464115,
              -19.4382293525475,
              0
            ],
            [
              -42.56491059098651,
              -19.43853071854683,
              0
            ],
            [
              -42.56468978829797,
              -19.43816027273228,
              0
            ],
            [
              -42.5648337173448,
              -19.43771591621165,
              0
            ],
            [
              -42.56535558434393,
              -19.43777208693854,
              0
            ]
          ]
        ]
      },
      "properties": {
        "name": "CENARIO 12-4",
        "styleUrl": "#__managed_style_30F84B542F3BEDCFBF9C",
        "styleMapHash": {
          "normal": "#__managed_style_4BB088C9B63BEDCFBF9C",
          "highlight": "#__managed_style_5BC47251923BEDCFBF9C"
        }
      },
      "id": "07C871D76B3B901795CC"
    },
    {
      "type": "Feature",
      "geometry": {
        "type": "Polygon",
        "coordinates": [
          [
            [
              -42.55961808135265,
              -19.43944877286894,
              0
            ],
            [
              -42.55994647379514,
              -19.43991386551725,
              0
            ],
            [
              -42.55979314036543,
              -19.44002317044303,
              0
            ],
            [
              -42.5595241141088,
              -19.44014193576074,
              0
            ],
            [
              -42.55922093981967,
              -19.43981792561805,
              0
            ],
            [
              -42.55931757586131,
              -19.43947559849552,
              0
            ],
            [
              -42.55961808135265,
              -19.43944877286894,
              0
            ]
          ]
        ]
      },
      "properties": {
        "name": "CENARIO 12-5",
        "styleUrl": "#__managed_style_30F84B542F3BEDCFBF9C",
        "styleMapHash": {
          "normal": "#__managed_style_4BB088C9B63BEDCFBF9C",
          "highlight": "#__managed_style_5BC47251923BEDCFBF9C"
        }
      },
      "id": "0818F95B633B9017F0B1"
    },
    {
      "type": "Feature",
      "geometry": {
        "type": "Polygon",
        "coordinates": [
          [
            [
              -42.58140830752862,
              -19.46699734603216,
              0
            ],
            [
              -42.58149625862485,
              -19.46707011796164,
              0
            ],
            [
              -42.58158190439048,
              -19.46722897748497,
              0
            ],
            [
              -42.58152288675201,
              -19.46732171401289,
              0
            ],
            [
              -42.5815742195334,
              -19.46735832628619,
              0
            ],
            [
              -42.58164159193947,
              -19.46742403475981,
              0
            ],
            [
              -42.58162442359655,
              -19.46747337615947,
              0
            ],
            [
              -42.58167729368101,
              -19.46750847473197,
              0
            ],
            [
              -42.58175737954936,
              -19.46763536475335,
              0
            ],
            [
              -42.58177240406167,
              -19.46773046039086,
              0
            ],
            [
              -42.58175818275328,
              -19.46781327522264,
              0
            ],
            [
              -42.58172305932266,
              -19.46795230304036,
              0
            ],
            [
              -42.5816317876331,
              -19.46809308982447,
              0
            ],
            [
              -42.58153892784242,
              -19.46780362221445,
              0
            ],
            [
              -42.58146414497457,
              -19.4676855370566,
              0
            ],
            [
              -42.58154484550563,
              -19.4676311795256,
              0
            ],
            [
              -42.58150088226579,
              -19.46757709276297,
              0
            ],
            [
              -42.58152535453577,
              -19.46750409118562,
              0
            ],
            [
              -42.58146675934198,
              -19.46746827442835,
              0
            ],
            [
              -42.581361528834,
              -19.46746924619772,
              0
            ],
            [
              -42.58125796045641,
              -19.46742273287797,
              0
            ],
            [
              -42.58106359151648,
              -19.46730638469809,
              0
            ],
            [
              -42.58114085444452,
              -19.46722731601367,
              0
            ],
            [
              -42.58124332155181,
              -19.46711865024648,
              0
            ],
            [
              -42.58134429593433,
              -19.46698860567228,
              0
            ],
            [
              -42.58140830752862,
              -19.46699734603216,
              0
            ]
          ]
        ]
      },
      "properties": {
        "name": "CENARIO 13-1",
        "styleUrl": "#__managed_style_6DB59F26183BEDCFBF9C",
        "styleMapHash": {
          "normal": "#__managed_style_7C927D31F13BEDCFBF9C",
          "highlight": "#__managed_style_02B8C32B333BEDCFBF9E"
        }
      },
      "id": "0B0CA1DE243B902EDCC7"
    },
    {
      "type": "Feature",
      "geometry": {
        "type": "Polygon",
        "coordinates": [
          [
            [
              -42.57929916246125,
              -19.46963790581757,
              0
            ],
            [
              -42.57930029090433,
              -19.46987955382483,
              0
            ],
            [
              -42.57933036942566,
              -19.4700878569717,
              0
            ],
            [
              -42.57939475410425,
              -19.47030804304761,
              0
            ],
            [
              -42.57926647923637,
              -19.47050005810506,
              0
            ],
            [
              -42.57910855792755,
              -19.47058032953083,
              0
            ],
            [
              -42.57895139024401,
              -19.47061812890994,
              0
            ],
            [
              -42.57884980047436,
              -19.4705912976895,
              0
            ],
            [
              -42.57877943147695,
              -19.47050151126328,
              0
            ],
            [
              -42.57862194090017,
              -19.47045783921708,
              0
            ],
            [
              -42.57863295754289,
              -19.47010540222643,
              0
            ],
            [
              -42.5785973109884,
              -19.46975316704266,
              0
            ],
            [
              -42.57854837637591,
              -19.46940403995356,
              0
            ],
            [
              -42.57854159785583,
              -19.46919288819974,
              0
            ],
            [
              -42.57834304079503,
              -19.46893673968204,
              0
            ],
            [
              -42.57835017389017,
              -19.46887885341468,
              0
            ],
            [
              -42.578435081698,
              -19.46880161184005,
              0
            ],
            [
              -42.57850650352521,
              -19.46873295614178,
              0
            ],
            [
              -42.57855949405504,
              -19.46877862221875,
              0
            ],
            [
              -42.57862236541908,
              -19.4687847107883,
              0
            ],
            [
              -42.57871620884726,
              -19.46877651575392,
              0
            ],
            [
              -42.57874789036433,
              -19.46884122843307,
              0
            ],
            [
              -42.57889844595876,
              -19.4688933173511,
              0
            ],
            [
              -42.57903812446882,
              -19.46892603996464,
              0
            ],
            [
              -42.57912941180819,
              -19.46892181060568,
              0
            ],
            [
              -42.57918942307782,
              -19.46903037960587,
              0
            ],
            [
              -42.57927314716216,
              -19.46913377788325,
              0
            ],
            [
              -42.5793318254639,
              -19.46921939490915,
              0
            ],
            [
              -42.57941422569369,
              -19.46930947610044,
              0
            ],
            [
              -42.57941455021785,
              -19.46937392540552,
              0
            ],
            [
              -42.57935709758604,
              -19.46948401983394,
              0
            ],
            [
              -42.57929916246125,
              -19.46963790581757,
              0
            ]
          ]
        ]
      },
      "properties": {
        "name": "CENARIO 13-2",
        "styleUrl": "#__managed_style_0E9B2A0FE63BEDCFBFCB",
        "styleMapHash": {
          "normal": "#__managed_style_168CCB2CB23BEDCFBFCB",
          "highlight": "#__managed_style_0CBD89A6D93BEDCFBFCC"
        }
      },
      "id": "068B8A24CF3B90302A37"
    },
    {
      "type": "Feature",
      "geometry": {
        "type": "Polygon",
        "coordinates": [
          [
            [
              -42.57687591855056,
              -19.46770165104823,
              0
            ],
            [
              -42.5769913650649,
              -19.46775585870885,
              0
            ],
            [
              -42.57708882007677,
              -19.46779943389822,
              0
            ],
            [
              -42.57735262247098,
              -19.46792898511512,
              0
            ],
            [
              -42.57729878177245,
              -19.46800892979784,
              0
            ],
            [
              -42.57722201661878,
              -19.46801894829436,
              0
            ],
            [
              -42.57706940740507,
              -19.46805321545348,
              0
            ],
            [
              -42.57697160980709,
              -19.46807699834905,
              0
            ],
            [
              -42.5768838503658,
              -19.46808207351723,
              0
            ],
            [
              -42.57672169600013,
              -19.46805735588486,
              0
            ],
            [
              -42.57655836446649,
              -19.4679843842896,
              0
            ],
            [
              -42.57647286600773,
              -19.46782734997603,
              0
            ],
            [
              -42.57637509485377,
              -19.46774403690561,
              0
            ],
            [
              -42.57644575835135,
              -19.46765687187867,
              0
            ],
            [
              -42.57654372201135,
              -19.46772010774095,
              0
            ],
            [
              -42.57654025883097,
              -19.46786471958304,
              0
            ],
            [
              -42.57662359997327,
              -19.46795615079401,
              0
            ],
            [
              -42.57668844839149,
              -19.46789385358464,
              0
            ],
            [
              -42.57675547176567,
              -19.46784060691793,
              0
            ],
            [
              -42.57678546667076,
              -19.46782108210172,
              0
            ],
            [
              -42.57681087268133,
              -19.46778835193725,
              0
            ],
            [
              -42.57687591855056,
              -19.46770165104823,
              0
            ]
          ]
        ]
      },
      "properties": {
        "name": "CENARIO 13-3",
        "styleUrl": "#__managed_style_6DB59F26183BEDCFBF9C",
        "styleMapHash": {
          "normal": "#__managed_style_7C927D31F13BEDCFBF9C",
          "highlight": "#__managed_style_02B8C32B333BEDCFBF9E"
        }
      },
      "id": "0BBA481DC83B9030937B"
    },
    {
      "type": "Feature",
      "geometry": {
        "type": "Polygon",
        "coordinates": [
          [
            [
              -42.5751048028426,
              -19.47033941542173,
              0
            ],
            [
              -42.57520247575206,
              -19.47019074647657,
              0
            ],
            [
              -42.57525561183548,
              -19.47008904468719,
              0
            ],
            [
              -42.57529932746463,
              -19.47005357753259,
              0
            ],
            [
              -42.5753458641228,
              -19.4701156148303,
              0
            ],
            [
              -42.57540042603355,
              -19.4701561039593,
              0
            ],
            [
              -42.57547828333863,
              -19.47019659677714,
              0
            ],
            [
              -42.57553677850025,
              -19.47023309202694,
              0
            ],
            [
              -42.57561887605032,
              -19.47027338860211,
              0
            ],
            [
              -42.57570507173695,
              -19.47031013708953,
              0
            ],
            [
              -42.57583930334615,
              -19.470391346319,
              0
            ],
            [
              -42.57582591003542,
              -19.47048834099481,
              0
            ],
            [
              -42.57574495908426,
              -19.47062785223219,
              0
            ],
            [
              -42.5751048028426,
              -19.47033941542173,
              0
            ]
          ]
        ]
      },
      "properties": {
        "name": "CENARIO 13-4",
        "styleUrl": "#__managed_style_6DB59F26183BEDCFBF9C",
        "styleMapHash": {
          "normal": "#__managed_style_7C927D31F13BEDCFBF9C",
          "highlight": "#__managed_style_02B8C32B333BEDCFBF9E"
        }
      },
      "id": "000D1B48FB3B90314644"
    },
    {
      "type": "Feature",
      "geometry": {
        "type": "Polygon",
        "coordinates": [
          [
            [
              -42.57692579020293,
              -19.46860471272047,
              0
            ],
            [
              -42.57727221299287,
              -19.46903994737016,
              0
            ],
            [
              -42.57708698166914,
              -19.46915512291663,
              0
            ],
            [
              -42.57686624369987,
              -19.46897640151672,
              0
            ],
            [
              -42.5766295365469,
              -19.46912124101044,
              0
            ],
            [
              -42.57701856790773,
              -19.46959889114772,
              0
            ],
            [
              -42.57682639392996,
              -19.4697611524453,
              0
            ],
            [
              -42.57700620504888,
              -19.46999359524556,
              0
            ],
            [
              -42.57671870570199,
              -19.47021457120335,
              0
            ],
            [
              -42.57637716175855,
              -19.4698112328603,
              0
            ],
            [
              -42.57649696349122,
              -19.46968418762014,
              0
            ],
            [
              -42.57627563175364,
              -19.46894023560258,
              0
            ],
            [
              -42.57662639538211,
              -19.46867855773047,
              0
            ],
            [
              -42.57692579020293,
              -19.46860471272047,
              0
            ]
          ]
        ]
      },
      "properties": {
        "name": "CENARIO 13-5",
        "styleUrl": "#__managed_style_30F84B542F3BEDCFBF9C",
        "styleMapHash": {
          "normal": "#__managed_style_4BB088C9B63BEDCFBF9C",
          "highlight": "#__managed_style_5BC47251923BEDCFBF9C"
        }
      },
      "id": "012542B1053B9031E3A6"
    },
    {
      "type": "Feature",
      "geometry": {
        "type": "Polygon",
        "coordinates": [
          [
            [
              -42.57884149397088,
              -19.47349828562336,
              0
            ],
            [
              -42.57753188156614,
              -19.47191844459964,
              0
            ],
            [
              -42.57783605000221,
              -19.47169548934537,
              0
            ],
            [
              -42.57822814373851,
              -19.47163492105047,
              0
            ],
            [
              -42.57835531417593,
              -19.47166719641853,
              0
            ],
            [
              -42.57848349815355,
              -19.47134773569137,
              0
            ],
            [
              -42.57882164821288,
              -19.47137270826811,
              0
            ],
            [
              -42.57875329054085,
              -19.47158794234922,
              0
            ],
            [
              -42.57853396647289,
              -19.47151709632427,
              0
            ],
            [
              -42.57844278565593,
              -19.47174087820012,
              0
            ],
            [
              -42.57851616470255,
              -19.47202606489851,
              0
            ],
            [
              -42.5788875748109,
              -19.47302137051562,
              0
            ],
            [
              -42.57909350348897,
              -19.47292137812957,
              0
            ],
            [
              -42.57922098759357,
              -19.47307674626873,
              0
            ],
            [
              -42.57884149397088,
              -19.47349828562336,
              0
            ]
          ]
        ]
      },
      "properties": {
        "name": "CENARIO 13-6",
        "styleUrl": "#__managed_style_30F84B542F3BEDCFBF9C",
        "styleMapHash": {
          "normal": "#__managed_style_4BB088C9B63BEDCFBF9C",
          "highlight": "#__managed_style_5BC47251923BEDCFBF9C"
        }
      },
      "id": "0C7C47C5CA3B90325583"
    },
    {
      "type": "Feature",
      "geometry": {
        "type": "Polygon",
        "coordinates": [
          [
            [
              -42.54334431044336,
              -19.44228723173602,
              0
            ],
            [
              -42.5440943541007,
              -19.44279050850316,
              0
            ],
            [
              -42.54409495645672,
              -19.44287832928875,
              0
            ],
            [
              -42.54403437726767,
              -19.44303253443986,
              0
            ],
            [
              -42.54362731126511,
              -19.44353689890742,
              0
            ],
            [
              -42.54337996611278,
              -19.4433620357873,
              0
            ],
            [
              -42.54316930919266,
              -19.44355131050949,
              0
            ],
            [
              -42.54308124172884,
              -19.44369690751976,
              0
            ],
            [
              -42.54283718194623,
              -19.44354822523827,
              0
            ],
            [
              -42.54269540933793,
              -19.4440214361968,
              0
            ],
            [
              -42.5427260973545,
              -19.44439575276984,
              0
            ],
            [
              -42.54285691669425,
              -19.44463617684201,
              0
            ],
            [
              -42.5430065187541,
              -19.44487904857598,
              0
            ],
            [
              -42.5426796289466,
              -19.44513874525346,
              0
            ],
            [
              -42.54225150178654,
              -19.44455655531436,
              0
            ],
            [
              -42.54222219973718,
              -19.44405437983693,
              0
            ],
            [
              -42.54225138423126,
              -19.44389021936286,
              0
            ],
            [
              -42.54044435420595,
              -19.44433023721793,
              0
            ],
            [
              -42.53950289365299,
              -19.44310619870335,
              0
            ],
            [
              -42.5395900898279,
              -19.44292617967677,
              0
            ],
            [
              -42.5394240271454,
              -19.44283772979308,
              0
            ],
            [
              -42.53909388130802,
              -19.44289804155604,
              0
            ],
            [
              -42.53885100360846,
              -19.44287597003065,
              0
            ],
            [
              -42.53878147040895,
              -19.44269906268149,
              0
            ],
            [
              -42.53915080940372,
              -19.44254327466925,
              0
            ],
            [
              -42.53934901033039,
              -19.44254029403908,
              0
            ],
            [
              -42.53932030585275,
              -19.44233443826806,
              0
            ],
            [
              -42.53947677973305,
              -19.44233112498818,
              0
            ],
            [
              -42.53960024045755,
              -19.44228925653504,
              0
            ],
            [
              -42.5399451533414,
              -19.44240597076925,
              0
            ],
            [
              -42.53971454458976,
              -19.4426601977047,
              0
            ],
            [
              -42.54075244813747,
              -19.44330899926964,
              0
            ],
            [
              -42.54105025546531,
              -19.44333019443378,
              0
            ],
            [
              -42.54254347110785,
              -19.44287787551649,
              0
            ],
            [
              -42.54245417185999,
              -19.44337775182555,
              0
            ],
            [
              -42.54262353298683,
              -19.44319770471591,
              0
            ],
            [
              -42.54290777670825,
              -19.4434313016563,
              0
            ],
            [
              -42.54296837511917,
              -19.4433245700419,
              0
            ],
            [
              -42.54310942344329,
              -19.44342120303636,
              0
            ],
            [
              -42.54301771983713,
              -19.44347456228056,
              0
            ],
            [
              -42.54311213758021,
              -19.44350215559481,
              0
            ],
            [
              -42.54329336732149,
              -19.44330783825894,
              0
            ],
            [
              -42.54314505702689,
              -19.44319505835844,
              0
            ],
            [
              -42.54316737946957,
              -19.44295146094049,
              0
            ],
            [
              -42.54297570727276,
              -19.44280656495779,
              0
            ],
            [
              -42.54284460191269,
              -19.44233940105044,
              0
            ],
            [
              -42.54334431044336,
              -19.44228723173602,
              0
            ]
          ]
        ]
      },
      "properties": {
        "name": "CENÁRIO 14-1",
        "styleUrl": "#__managed_style_30F84B542F3BEDCFBF9C",
        "styleMapHash": {
          "normal": "#__managed_style_4BB088C9B63BEDCFBF9C",
          "highlight": "#__managed_style_5BC47251923BEDCFBF9C"
        }
      },
      "id": "0FF0A9CD413B715A6658"
    },
    {
      "type": "Feature",
      "geometry": {
        "type": "Polygon",
        "coordinates": [
          [
            [
              -42.54537816007269,
              -19.44502158385373,
              0
            ],
            [
              -42.54560798916685,
              -19.44515313146285,
              0
            ],
            [
              -42.54575348944798,
              -19.44495390646988,
              0
            ],
            [
              -42.54603120588814,
              -19.44509186351296,
              0
            ],
            [
              -42.5458268418182,
              -19.44537719017335,
              0
            ],
            [
              -42.54577608529575,
              -19.44553796684298,
              0
            ],
            [
              -42.54583181315716,
              -19.44559257051841,
              0
            ],
            [
              -42.54544032244763,
              -19.44618753970557,
              0
            ],
            [
              -42.54519443248288,
              -19.44642128049634,
              0
            ],
            [
              -42.54507305116169,
              -19.44627920135908,
              0
            ],
            [
              -42.54500318041396,
              -19.44614942015744,
              0
            ],
            [
              -42.54555067908867,
              -19.44525905022079,
              0
            ],
            [
              -42.54530056083019,
              -19.44512765410119,
              0
            ],
            [
              -42.5449733146021,
              -19.4449484700809,
              0
            ],
            [
              -42.5448674057121,
              -19.44496419458292,
              0
            ],
            [
              -42.54470164212987,
              -19.44485213174303,
              0
            ],
            [
              -42.54451268426076,
              -19.44494543474762,
              0
            ],
            [
              -42.54480814169497,
              -19.44568796939985,
              0
            ],
            [
              -42.54472755157968,
              -19.44573783363164,
              0
            ],
            [
              -42.54481520730904,
              -19.44595150824989,
              0
            ],
            [
              -42.54488585295977,
              -19.44607520136708,
              0
            ],
            [
              -42.54470140118449,
              -19.44623968194334,
              0
            ],
            [
              -42.54462770794126,
              -19.44639076859413,
              0
            ],
            [
              -42.5442316490601,
              -19.44663817547825,
              0
            ],
            [
              -42.5440971880024,
              -19.44683139667434,
              0
            ],
            [
              -42.54375153664613,
              -19.44674888109108,
              0
            ],
            [
              -42.54338016943304,
              -19.44554069290364,
              0
            ],
            [
              -42.54377024015822,
              -19.44549511613598,
              0
            ],
            [
              -42.54402304702979,
              -19.4459897475423,
              0
            ],
            [
              -42.54422527094085,
              -19.44611375623638,
              0
            ],
            [
              -42.5445430494219,
              -19.44612610135931,
              0
            ],
            [
              -42.5447047741456,
              -19.44601592014922,
              0
            ],
            [
              -42.54459568052978,
              -19.44586257762245,
              0
            ],
            [
              -42.54447896604486,
              -19.44572747895006,
              0
            ],
            [
              -42.54432691703899,
              -19.44570817355298,
              0
            ],
            [
              -42.54409309349685,
              -19.44477405974479,
              0
            ],
            [
              -42.54426473198383,
              -19.44445266061713,
              0
            ],
            [
              -42.5446870231839,
              -19.44470672608213,
              0
            ],
            [
              -42.54491373050957,
              -19.44460447632705,
              0
            ],
            [
              -42.54516841362621,
              -19.44428863047916,
              0
            ],
            [
              -42.54569288242869,
              -19.4446614898073,
              0
            ],
            [
              -42.54537816007269,
              -19.44502158385373,
              0
            ]
          ]
        ]
      },
      "properties": {
        "name": "CENÁRIO 14-2",
        "styleUrl": "#__managed_style_30F84B542F3BEDCFBF9C",
        "styleMapHash": {
          "normal": "#__managed_style_4BB088C9B63BEDCFBF9C",
          "highlight": "#__managed_style_5BC47251923BEDCFBF9C"
        }
      },
      "id": "0057E8E26B3B715BBE94"
    },
    {
      "type": "Feature",
      "geometry": {
        "type": "Polygon",
        "coordinates": [
          [
            [
              -42.54426480226482,
              -19.43978131861881,
              0
            ],
            [
              -42.5441239695374,
              -19.44002064565381,
              0
            ],
            [
              -42.54376645529116,
              -19.44050979171507,
              0
            ],
            [
              -42.54366601175702,
              -19.44041413175157,
              0
            ],
            [
              -42.54331689901685,
              -19.43995126282683,
              0
            ],
            [
              -42.54312917889401,
              -19.43983624761105,
              0
            ],
            [
              -42.54308488548227,
              -19.43972299794664,
              0
            ],
            [
              -42.54289622868196,
              -19.4395990416989,
              0
            ],
            [
              -42.5429702160117,
              -19.43951780489816,
              0
            ],
            [
              -42.54275007773828,
              -19.43934983078464,
              0
            ],
            [
              -42.54267561510122,
              -19.43943919197309,
              0
            ],
            [
              -42.54258901432041,
              -19.4394398728196,
              0
            ],
            [
              -42.54251628248283,
              -19.43939895458096,
              0
            ],
            [
              -42.5423904846766,
              -19.43935030691459,
              0
            ],
            [
              -42.54229995200991,
              -19.43953984391269,
              0
            ],
            [
              -42.54194592863423,
              -19.43933638037226,
              0
            ],
            [
              -42.54188970732351,
              -19.43939166304398,
              0
            ],
            [
              -42.54184237496548,
              -19.43948575403227,
              0
            ],
            [
              -42.54178659506824,
              -19.43954437381525,
              0
            ],
            [
              -42.54159185831509,
              -19.43939394297766,
              0
            ],
            [
              -42.54167348528016,
              -19.43927009550654,
              0
            ],
            [
              -42.54177871846959,
              -19.43914062534248,
              0
            ],
            [
              -42.54147888057042,
              -19.43885254881641,
              0
            ],
            [
              -42.5414938547573,
              -19.4389344201257,
              0
            ],
            [
              -42.54131857365831,
              -19.43899814896686,
              0
            ],
            [
              -42.5412779937556,
              -19.43875768789857,
              0
            ],
            [
              -42.54121494786516,
              -19.43862977504078,
              0
            ],
            [
              -42.54101706773831,
              -19.43868372092404,
              0
            ],
            [
              -42.54038865166292,
              -19.438900492158,
              0
            ],
            [
              -42.5402857847313,
              -19.4389241972824,
              0
            ],
            [
              -42.54011430049849,
              -19.4390678456957,
              0
            ],
            [
              -42.54014549912813,
              -19.43917442986859,
              0
            ],
            [
              -42.54017011725104,
              -19.43926023825502,
              0
            ],
            [
              -42.54024476239524,
              -19.43944210318446,
              0
            ],
            [
              -42.54024235595556,
              -19.43954118412736,
              0
            ],
            [
              -42.54020252676896,
              -19.43968377688478,
              0
            ],
            [
              -42.53992862317224,
              -19.44001642569336,
              0
            ],
            [
              -42.53982291378652,
              -19.439978047189,
              0
            ],
            [
              -42.53975192112228,
              -19.43991023779959,
              0
            ],
            [
              -42.53956704005466,
              -19.43977218497552,
              0
            ],
            [
              -42.53964747984258,
              -19.43967490994527,
              0
            ],
            [
              -42.53969050914728,
              -19.43962354570662,
              0
            ],
            [
              -42.53979308660109,
              -19.43949937844202,
              0
            ],
            [
              -42.53993898112117,
              -19.43933069896833,
              0
            ],
            [
              -42.53991881271858,
              -19.43919365267977,
              0
            ],
            [
              -42.53996613564193,
              -19.43901598345424,
              0
            ],
            [
              -42.54003615459203,
              -19.43893355721871,
              0
            ],
            [
              -42.54001111490687,
              -19.4387695956043,
              0
            ],
            [
              -42.54012507058601,
              -19.43873515278018,
              0
            ],
            [
              -42.54027806095363,
              -19.43850850899722,
              0
            ],
            [
              -42.54040725266344,
              -19.43836328669037,
              0
            ],
            [
              -42.54050204039623,
              -19.43835788359866,
              0
            ],
            [
              -42.54051392981722,
              -19.43849607023994,
              0
            ],
            [
              -42.5405660148559,
              -19.43860931126423,
              0
            ],
            [
              -42.54072564056504,
              -19.43853070829615,
              0
            ],
            [
              -42.54081937797174,
              -19.43849287131713,
              0
            ],
            [
              -42.54098149249978,
              -19.43847849232881,
              0
            ],
            [
              -42.54106127490839,
              -19.4383135218477,
              0
            ],
            [
              -42.54123002444429,
              -19.43831232682967,
              0
            ],
            [
              -42.54130469820296,
              -19.43843895494604,
              0
            ],
            [
              -42.54136764587573,
              -19.43858431578299,
              0
            ],
            [
              -42.54178857208185,
              -19.43848185502555,
              0
            ],
            [
              -42.54191677021391,
              -19.43848359041069,
              0
            ],
            [
              -42.54194186325638,
              -19.4386289186926,
              0
            ],
            [
              -42.54182258135829,
              -19.43872540071337,
              0
            ],
            [
              -42.5416345841517,
              -19.43870758007227,
              0
            ],
            [
              -42.54145639267865,
              -19.4387587827671,
              0
            ],
            [
              -42.54181784277986,
              -19.43909620366835,
              0
            ],
            [
              -42.54185748503411,
              -19.4390505056214,
              0
            ],
            [
              -42.54191604281817,
              -19.43916775521076,
              0
            ],
            [
              -42.54191839104604,
              -19.4391867971244,
              0
            ],
            [
              -42.5419978280777,
              -19.43922449321423,
              0
            ],
            [
              -42.54213669549025,
              -19.43913770479279,
              0
            ],
            [
              -42.54239603720693,
              -19.43925353841322,
              0
            ],
            [
              -42.54243104757382,
              -19.43919605027254,
              0
            ],
            [
              -42.54252003367913,
              -19.43915202573866,
              0
            ],
            [
              -42.54256906753151,
              -19.43916004675019,
              0
            ],
            [
              -42.54265596623135,
              -19.43919231865358,
              0
            ],
            [
              -42.54279035110113,
              -19.43868223959635,
              0
            ],
            [
              -42.54315534544617,
              -19.43877130077099,
              0
            ],
            [
              -42.5432033321408,
              -19.43876933807785,
              0
            ],
            [
              -42.54332385677214,
              -19.43860488465141,
              0
            ],
            [
              -42.54311073147566,
              -19.43849162387635,
              0
            ],
            [
              -42.54308101270478,
              -19.43835160831743,
              0
            ],
            [
              -42.54331342872137,
              -19.43834173287001,
              0
            ],
            [
              -42.54351245697161,
              -19.43835708598248,
              0
            ],
            [
              -42.54372269014475,
              -19.43843850023063,
              0
            ],
            [
              -42.54360590222483,
              -19.43857402596824,
              0
            ],
            [
              -42.54339177687312,
              -19.43859924256074,
              0
            ],
            [
              -42.5433118361529,
              -19.43878206279614,
              0
            ],
            [
              -42.54337038638767,
              -19.43878056324042,
              0
            ],
            [
              -42.54357058161478,
              -19.43885174393571,
              0
            ],
            [
              -42.54346170604759,
              -19.43920399010756,
              0
            ],
            [
              -42.5436026290558,
              -19.43925668272368,
              0
            ],
            [
              -42.54364004835319,
              -19.43938712866237,
              0
            ],
            [
              -42.54357910597035,
              -19.43950275560647,
              0
            ],
            [
              -42.54341535907083,
              -19.43939416009518,
              0
            ],
            [
              -42.54337579430739,
              -19.43941269361516,
              0
            ],
            [
              -42.54332610419716,
              -19.43946341056444,
              0
            ],
            [
              -42.54327347455295,
              -19.43952972314268,
              0
            ],
            [
              -42.54348507571706,
              -19.43966118322194,
              0
            ],
            [
              -42.54358885175102,
              -19.43972966832153,
              0
            ],
            [
              -42.54368753709965,
              -19.43979252656129,
              0
            ],
            [
              -42.54398366296997,
              -19.43961596004661,
              0
            ],
            [
              -42.54426480226482,
              -19.43978131861881,
              0
            ]
          ]
        ]
      },
      "properties": {
        "name": "CENÁRIO 15-1",
        "styleUrl": "#__managed_style_30F84B542F3BEDCFBF9C",
        "styleMapHash": {
          "normal": "#__managed_style_4BB088C9B63BEDCFBF9C",
          "highlight": "#__managed_style_5BC47251923BEDCFBF9C"
        }
      },
      "id": "042B116D433B710B0081"
    },
    {
      "type": "Feature",
      "geometry": {
        "type": "Polygon",
        "coordinates": [
          [
            [
              -42.54587872123284,
              -19.43990595468455,
              0
            ],
            [
              -42.54596517409294,
              -19.43997778158688,
              0
            ],
            [
              -42.54580409735042,
              -19.4401793263572,
              0
            ],
            [
              -42.54572496973094,
              -19.44030095175369,
              0
            ],
            [
              -42.54581294008423,
              -19.44036950267686,
              0
            ],
            [
              -42.54568357643893,
              -19.44050412749327,
              0
            ],
            [
              -42.54548540395356,
              -19.44035414045562,
              0
            ],
            [
              -42.54575762202465,
              -19.44007209440411,
              0
            ],
            [
              -42.5456501290906,
              -19.43998429227628,
              0
            ],
            [
              -42.54551780754182,
              -19.43991226464994,
              0
            ],
            [
              -42.54538179475623,
              -19.43981887614591,
              0
            ],
            [
              -42.54533839186369,
              -19.43970669869927,
              0
            ],
            [
              -42.545321316144,
              -19.43959603780051,
              0
            ],
            [
              -42.54530570312659,
              -19.43954499565559,
              0
            ],
            [
              -42.54517870065639,
              -19.43960037950436,
              0
            ],
            [
              -42.54511682456717,
              -19.43970649720676,
              0
            ],
            [
              -42.54519804543031,
              -19.43979057590222,
              0
            ],
            [
              -42.54493007237849,
              -19.44001469614602,
              0
            ],
            [
              -42.54481199989814,
              -19.43982745083327,
              0
            ],
            [
              -42.54461503377618,
              -19.43974269968768,
              0
            ],
            [
              -42.54479161989771,
              -19.43949282543042,
              0
            ],
            [
              -42.54491022125279,
              -19.43941140224245,
              0
            ],
            [
              -42.54486863489519,
              -19.43936300967331,
              0
            ],
            [
              -42.54488695855189,
              -19.4393184445663,
              0
            ],
            [
              -42.54490053131303,
              -19.43929937789922,
              0
            ],
            [
              -42.54496075310517,
              -19.43927046997251,
              0
            ],
            [
              -42.54499497945873,
              -19.43924678678872,
              0
            ],
            [
              -42.54506387890162,
              -19.43921990356606,
              0
            ],
            [
              -42.54518585993124,
              -19.43920404732385,
              0
            ],
            [
              -42.54519730486474,
              -19.4392721443227,
              0
            ],
            [
              -42.54526984319697,
              -19.43925596290885,
              0
            ],
            [
              -42.54530501418113,
              -19.43935344198293,
              0
            ],
            [
              -42.54532244238524,
              -19.4394215352335,
              0
            ],
            [
              -42.54532999937711,
              -19.43947175964404,
              0
            ],
            [
              -42.54537737675042,
              -19.43957379858991,
              0
            ],
            [
              -42.54538542768847,
              -19.43968748953365,
              0
            ],
            [
              -42.54544497955107,
              -19.43979605028837,
              0
            ],
            [
              -42.54549810172655,
              -19.43984000232601,
              0
            ],
            [
              -42.5455673648905,
              -19.43988801349937,
              0
            ],
            [
              -42.54566389030445,
              -19.43979030336864,
              0
            ],
            [
              -42.54573681449395,
              -19.43983681516149,
              0
            ],
            [
              -42.54563928803793,
              -19.43992170810529,
              0
            ],
            [
              -42.54573973462445,
              -19.4399754773257,
              0
            ],
            [
              -42.54583637863254,
              -19.43988693911656,
              0
            ],
            [
              -42.54587872123284,
              -19.43990595468455,
              0
            ]
          ]
        ]
      },
      "properties": {
        "name": "CENARIO 15-2",
        "styleUrl": "#__managed_style_6DB59F26183BEDCFBF9C",
        "styleMapHash": {
          "normal": "#__managed_style_7C927D31F13BEDCFBF9C",
          "highlight": "#__managed_style_02B8C32B333BEDCFBF9E"
        }
      },
      "id": "071E2A1A0D3B94936583"
    },
    {
      "type": "Feature",
      "geometry": {
        "type": "Polygon",
        "coordinates": [
          [
            [
              -42.54781041039525,
              -19.44325741826935,
              0
            ],
            [
              -42.54782412908918,
              -19.44321591953316,
              0
            ],
            [
              -42.54785972692014,
              -19.44292120740811,
              0
            ],
            [
              -42.54808570928599,
              -19.44291575358555,
              0
            ],
            [
              -42.54824255826301,
              -19.44282539235079,
              0
            ],
            [
              -42.54834588937523,
              -19.44284187981092,
              0
            ],
            [
              -42.54826486704253,
              -19.44325773810066,
              0
            ],
            [
              -42.54834959566884,
              -19.44327869363104,
              0
            ],
            [
              -42.5483929669689,
              -19.44327858253185,
              0
            ],
            [
              -42.54847475228861,
              -19.44331592502239,
              0
            ],
            [
              -42.54860461712147,
              -19.44336197110992,
              0
            ],
            [
              -42.54867200511175,
              -19.44321633666317,
              0
            ],
            [
              -42.54871334198615,
              -19.44312082935776,
              0
            ],
            [
              -42.54883451343461,
              -19.44316598184531,
              0
            ],
            [
              -42.54876797642192,
              -19.44331694514808,
              0
            ],
            [
              -42.54871101475979,
              -19.44342255774249,
              0
            ],
            [
              -42.5487865000434,
              -19.44347895232261,
              0
            ],
            [
              -42.54891952230859,
              -19.44356275739885,
              0
            ],
            [
              -42.54902897983479,
              -19.44364767154246,
              0
            ],
            [
              -42.54919522873268,
              -19.44374967325208,
              0
            ],
            [
              -42.54931600675797,
              -19.44352400898921,
              0
            ],
            [
              -42.54949569276224,
              -19.443588169088,
              0
            ],
            [
              -42.5493447904485,
              -19.44381570793488,
              0
            ],
            [
              -42.54905259865525,
              -19.44373138322406,
              0
            ],
            [
              -42.54894755355962,
              -19.44365761344881,
              0
            ],
            [
              -42.54888361377756,
              -19.44361493878304,
              0
            ],
            [
              -42.54881709005326,
              -19.4437338032165,
              0
            ],
            [
              -42.54870149576701,
              -19.44368778832844,
              0
            ],
            [
              -42.54879383278531,
              -19.4435331344888,
              0
            ],
            [
              -42.5487337243832,
              -19.44349117145825,
              0
            ],
            [
              -42.54861146189562,
              -19.44343177056208,
              0
            ],
            [
              -42.54856119704678,
              -19.44350106689565,
              0
            ],
            [
              -42.54849688054623,
              -19.44347003686921,
              0
            ],
            [
              -42.54841211187214,
              -19.44343946829022,
              0
            ],
            [
              -42.54838888557981,
              -19.44353876364091,
              0
            ],
            [
              -42.54826752803333,
              -19.44352116751841,
              0
            ],
            [
              -42.54828635887891,
              -19.44341668399198,
              0
            ],
            [
              -42.54819877340522,
              -19.4434151185153,
              0
            ],
            [
              -42.54817715274719,
              -19.44351962134995,
              0
            ],
            [
              -42.54803342955403,
              -19.44347648730578,
              0
            ],
            [
              -42.5480637054605,
              -19.44326799567802,
              0
            ],
            [
              -42.54790439835721,
              -19.44325640001858,
              0
            ],
            [
              -42.54781041039525,
              -19.44325741826935,
              0
            ]
          ]
        ]
      },
      "properties": {
        "name": "CENARIO 15-3",
        "styleUrl": "#__managed_style_6DB59F26183BEDCFBF9C",
        "styleMapHash": {
          "normal": "#__managed_style_7C927D31F13BEDCFBF9C",
          "highlight": "#__managed_style_02B8C32B333BEDCFBF9E"
        }
      },
      "id": "5727CE0591000016"
    },
    {
      "type": "Feature",
      "geometry": {
        "type": "Polygon",
        "coordinates": [
          [
            [
              -42.54794585164325,
              -19.44244718421242,
              0
            ],
            [
              -42.54766619872471,
              -19.44329169858464,
              0
            ],
            [
              -42.54738276031865,
              -19.44328481182841,
              0
            ],
            [
              -42.54552091745127,
              -19.44207326691224,
              0
            ],
            [
              -42.54436519608976,
              -19.44070134725296,
              0
            ],
            [
              -42.5439562802,
              -19.44037064506123,
              0
            ],
            [
              -42.54458621994262,
              -19.43999318183352,
              0
            ],
            [
              -42.54484372628929,
              -19.43996654586898,
              0
            ],
            [
              -42.54500198215909,
              -19.44021658309291,
              0
            ],
            [
              -42.54536491253666,
              -19.44049260524452,
              0
            ],
            [
              -42.54574123343308,
              -19.44082141306068,
              0
            ],
            [
              -42.54615361330511,
              -19.44144952585834,
              0
            ],
            [
              -42.54649535886942,
              -19.44186044263177,
              0
            ],
            [
              -42.54687823263479,
              -19.44209768902958,
              0
            ],
            [
              -42.5473898884586,
              -19.44232591505186,
              0
            ],
            [
              -42.54794585164325,
              -19.44244718421242,
              0
            ]
          ]
        ]
      },
      "properties": {
        "name": "CENARIO 15-4",
        "styleUrl": "#__managed_style_30F84B542F3BEDCFBF9C",
        "styleMapHash": {
          "normal": "#__managed_style_4BB088C9B63BEDCFBF9C",
          "highlight": "#__managed_style_5BC47251923BEDCFBF9C"
        }
      },
      "id": "00E45BD62A3B949CA6D1"
    },
    {
      "type": "Feature",
      "geometry": {
        "type": "Polygon",
        "coordinates": [
          [
            [
              -42.54940453074126,
              -19.43316796251096,
              0
            ],
            [
              -42.54942312891772,
              -19.43304562941808,
              0
            ],
            [
              -42.5492988081152,
              -19.43301973224172,
              0
            ],
            [
              -42.54911614500799,
              -19.43311401959909,
              0
            ],
            [
              -42.54886986038471,
              -19.43341307904677,
              0
            ],
            [
              -42.54900356980254,
              -19.43352758354498,
              0
            ],
            [
              -42.54893103859775,
              -19.43362560199332,
              0
            ],
            [
              -42.54878189745972,
              -19.43347814599191,
              0
            ],
            [
              -42.54854422321928,
              -19.43378858311988,
              0
            ],
            [
              -42.54863533155762,
              -19.43388070059595,
              0
            ],
            [
              -42.54856273418705,
              -19.43397010034416,
              0
            ],
            [
              -42.54847901100688,
              -19.4339043048303,
              0
            ],
            [
              -42.54833978347753,
              -19.43408659207754,
              0
            ],
            [
              -42.54819221576915,
              -19.43399352778181,
              0
            ],
            [
              -42.54819455157935,
              -19.4339085553159,
              0
            ],
            [
              -42.54823381188303,
              -19.43385319274944,
              0
            ],
            [
              -42.54837731210885,
              -19.43396828963812,
              0
            ],
            [
              -42.54847167550157,
              -19.43381559637538,
              0
            ],
            [
              -42.54857111731121,
              -19.43365092833289,
              0
            ],
            [
              -42.54840885617526,
              -19.43352508320169,
              0
            ],
            [
              -42.54842734333046,
              -19.4333986337725,
              0
            ],
            [
              -42.54848564480774,
              -19.43314583542618,
              0
            ],
            [
              -42.54886030861786,
              -19.43279431552534,
              0
            ],
            [
              -42.54899861634892,
              -19.43291982432963,
              0
            ],
            [
              -42.54873233080053,
              -19.43317600977354,
              0
            ],
            [
              -42.54887959164402,
              -19.43330124671041,
              0
            ],
            [
              -42.5490483967704,
              -19.4331110352346,
              0
            ],
            [
              -42.54912607309047,
              -19.43305552180533,
              0
            ],
            [
              -42.54905261233224,
              -19.43287402693681,
              0
            ],
            [
              -42.54914845506685,
              -19.43280317491606,
              0
            ],
            [
              -42.54922018987327,
              -19.43277806459277,
              0
            ],
            [
              -42.54933557491352,
              -19.43280052586024,
              0
            ],
            [
              -42.5494507081095,
              -19.43279687398243,
              0
            ],
            [
              -42.54946184794318,
              -19.43290330974177,
              0
            ],
            [
              -42.54934961621558,
              -19.43289757221405,
              0
            ],
            [
              -42.54935799750656,
              -19.43297329176902,
              0
            ],
            [
              -42.5494390355872,
              -19.43300304354203,
              0
            ],
            [
              -42.54944140709849,
              -19.43300515889361,
              0
            ],
            [
              -42.54945714103643,
              -19.43310635502343,
              0
            ],
            [
              -42.54942801267732,
              -19.4332105895783,
              0
            ],
            [
              -42.54932327570509,
              -19.43354312369673,
              0
            ],
            [
              -42.5495289896097,
              -19.433579493179,
              0
            ],
            [
              -42.54959474279072,
              -19.43368888820719,
              0
            ],
            [
              -42.54953034585775,
              -19.43386785685403,
              0
            ],
            [
              -42.54920870691386,
              -19.43377301656305,
              0
            ],
            [
              -42.54940453074126,
              -19.43316796251096,
              0
            ]
          ]
        ]
      },
      "properties": {
        "name": "CENARIO 16-1",
        "styleUrl": "#__managed_style_6DB59F26183BEDCFBF9C",
        "styleMapHash": {
          "normal": "#__managed_style_7C927D31F13BEDCFBF9C",
          "highlight": "#__managed_style_02B8C32B333BEDCFBF9E"
        }
      },
      "id": "0AF07674F93B94B19E17"
    },
    {
      "type": "Feature",
      "geometry": {
        "type": "Polygon",
        "coordinates": [
          [
            [
              -42.55219993801086,
              -19.4340760979443,
              0
            ],
            [
              -42.55073170393482,
              -19.43434046279388,
              0
            ],
            [
              -42.55050655147244,
              -19.43410520090547,
              0
            ],
            [
              -42.55200578082989,
              -19.4338187733664,
              0
            ],
            [
              -42.55219993801086,
              -19.4340760979443,
              0
            ]
          ]
        ]
      },
      "properties": {
        "name": "CENARIO 16-2",
        "styleUrl": "#__managed_style_30F84B542F3BEDCFBF9C",
        "styleMapHash": {
          "normal": "#__managed_style_4BB088C9B63BEDCFBF9C",
          "highlight": "#__managed_style_5BC47251923BEDCFBF9C"
        }
      },
      "id": "04211F08413B94B1CC4F"
    },
    {
      "type": "Feature",
      "geometry": {
        "type": "Polygon",
        "coordinates": [
          [
            [
              -42.551259736535,
              -19.43059702618245,
              0
            ],
            [
              -42.55175875864833,
              -19.4310442576239,
              0
            ],
            [
              -42.55169083748256,
              -19.43112675915827,
              0
            ],
            [
              -42.55186853593985,
              -19.43148046649233,
              0
            ],
            [
              -42.55226095452595,
              -19.43149975096406,
              0
            ],
            [
              -42.55225245117881,
              -19.43184103722695,
              0
            ],
            [
              -42.55120170342903,
              -19.43190352186271,
              0
            ],
            [
              -42.55115457482201,
              -19.43198786579675,
              0
            ],
            [
              -42.55082647752971,
              -19.43175871064291,
              0
            ],
            [
              -42.55078569649322,
              -19.43163154470237,
              0
            ],
            [
              -42.55031816928931,
              -19.43197849220449,
              0
            ],
            [
              -42.55008914422771,
              -19.43197674650318,
              0
            ],
            [
              -42.54987927850699,
              -19.43199956803761,
              0
            ],
            [
              -42.54983091019785,
              -19.43187058813391,
              0
            ],
            [
              -42.55001402878096,
              -19.43170255354876,
              0
            ],
            [
              -42.55033223414284,
              -19.43112279483856,
              0
            ],
            [
              -42.5504869804837,
              -19.43119661759851,
              0
            ],
            [
              -42.55076263959045,
              -19.43115135164118,
              0
            ],
            [
              -42.55096435522417,
              -19.43100559340028,
              0
            ],
            [
              -42.55110194537311,
              -19.43081786565132,
              0
            ],
            [
              -42.551259736535,
              -19.43059702618245,
              0
            ]
          ]
        ]
      },
      "properties": {
        "name": "CENARIO 17-1",
        "styleUrl": "#__managed_style_30F84B542F3BEDCFBF9C",
        "styleMapHash": {
          "normal": "#__managed_style_4BB088C9B63BEDCFBF9C",
          "highlight": "#__managed_style_5BC47251923BEDCFBF9C"
        }
      },
      "id": "00650B5B3E3A534F23F7"
    },
    {
      "type": "Feature",
      "geometry": {
        "type": "Polygon",
        "coordinates": [
          [
            [
              -42.55224594765419,
              -19.43305531700972,
              0
            ],
            [
              -42.55208494055976,
              -19.43331099499615,
              0
            ],
            [
              -42.55075024979811,
              -19.43321477674785,
              0
            ],
            [
              -42.55062411154876,
              -19.43308662972503,
              0
            ],
            [
              -42.55008646128992,
              -19.43268559571258,
              0
            ],
            [
              -42.54987133450552,
              -19.43232610660678,
              0
            ],
            [
              -42.55000075319222,
              -19.43205740299856,
              0
            ],
            [
              -42.55038710745355,
              -19.43205239126937,
              0
            ],
            [
              -42.55051315719789,
              -19.43235742946236,
              0
            ],
            [
              -42.55096988955322,
              -19.43260948742863,
              0
            ],
            [
              -42.55224594765419,
              -19.43305531700972,
              0
            ]
          ]
        ]
      },
      "properties": {
        "name": "CENARIO 17-2",
        "styleUrl": "#__managed_style_30F84B542F3BEDCFBF9C",
        "styleMapHash": {
          "normal": "#__managed_style_4BB088C9B63BEDCFBF9C",
          "highlight": "#__managed_style_5BC47251923BEDCFBF9C"
        }
      },
      "id": "0F1FE50B993A5352FBCF"
    },
    {
      "type": "Feature",
      "geometry": {
        "type": "Polygon",
        "coordinates": [
          [
            [
              -42.55213608266752,
              -19.43189530919129,
              0
            ],
            [
              -42.55239513679853,
              -19.43190357869574,
              0
            ],
            [
              -42.55257252893013,
              -19.43172838382849,
              0
            ],
            [
              -42.55277872588564,
              -19.4308719674038,
              0
            ],
            [
              -42.55275757365762,
              -19.43065905168233,
              0
            ],
            [
              -42.5531920811411,
              -19.4305198676658,
              0
            ],
            [
              -42.5533139538844,
              -19.43092243219584,
              0
            ],
            [
              -42.55271021090197,
              -19.43251788686685,
              0
            ],
            [
              -42.55210443871727,
              -19.43232052975769,
              0
            ],
            [
              -42.55213608266752,
              -19.43189530919129,
              0
            ]
          ]
        ]
      },
      "properties": {
        "name": "CENARIO 17-3",
        "styleUrl": "#__managed_style_30F84B542F3BEDCFBF9C",
        "styleMapHash": {
          "normal": "#__managed_style_4BB088C9B63BEDCFBF9C",
          "highlight": "#__managed_style_5BC47251923BEDCFBF9C"
        }
      },
      "id": "09F0E7750E3A53AA6DB4"
    },
    {
      "type": "Feature",
      "geometry": {
        "type": "Polygon",
        "coordinates": [
          [
            [
              -42.552560978484,
              -19.43147615685584,
              0
            ],
            [
              -42.55235425584416,
              -19.43129037974195,
              0
            ],
            [
              -42.55192391269397,
              -19.43054149167001,
              0
            ],
            [
              -42.55172228517335,
              -19.43035476525976,
              0
            ],
            [
              -42.55149915694216,
              -19.43026582568546,
              0
            ],
            [
              -42.55135432878103,
              -19.43033684213275,
              0
            ],
            [
              -42.5510338712792,
              -19.42983388603876,
              0
            ],
            [
              -42.55128747192392,
              -19.42973313453293,
              0
            ],
            [
              -42.55169619517674,
              -19.42977552361319,
              0
            ],
            [
              -42.55198968165503,
              -19.42991868548327,
              0
            ],
            [
              -42.55226361899954,
              -19.43019579553065,
              0
            ],
            [
              -42.55245984653114,
              -19.43047826680673,
              0
            ],
            [
              -42.55266101402419,
              -19.43077119849032,
              0
            ],
            [
              -42.55272146849558,
              -19.43091964593127,
              0
            ],
            [
              -42.552560978484,
              -19.43147615685584,
              0
            ]
          ]
        ]
      },
      "properties": {
        "name": "CENARIO 17-4",
        "styleUrl": "#__managed_style_30F84B542F3BEDCFBF9C",
        "styleMapHash": {
          "normal": "#__managed_style_4BB088C9B63BEDCFBF9C",
          "highlight": "#__managed_style_5BC47251923BEDCFBF9C"
        }
      },
      "id": "03F8A2B5673A53573134"
    },
    {
      "type": "Feature",
      "geometry": {
        "type": "Polygon",
        "coordinates": [
          [
            [
              -42.54817852656419,
              -19.4293364175078,
              0
            ],
            [
              -42.54817629624304,
              -19.42932843946022,
              0
            ],
            [
              -42.54815635210959,
              -19.42921505501995,
              0
            ],
            [
              -42.54815418265766,
              -19.42920893296275,
              0
            ],
            [
              -42.54791655249883,
              -19.42920586701365,
              0
            ],
            [
              -42.54774291105796,
              -19.42882306237671,
              0
            ],
            [
              -42.54770864236367,
              -19.42848606584291,
              0
            ],
            [
              -42.54795691817684,
              -19.4284496044554,
              0
            ],
            [
              -42.54825438563802,
              -19.42829128579708,
              0
            ],
            [
              -42.54830322691301,
              -19.42772698691052,
              0
            ],
            [
              -42.54821988136207,
              -19.42763480751214,
              0
            ],
            [
              -42.54862082849168,
              -19.42695227178507,
              0
            ],
            [
              -42.54892352976347,
              -19.42698805246874,
              0
            ],
            [
              -42.5491664866461,
              -19.42722974331684,
              0
            ],
            [
              -42.54915734444693,
              -19.42766600393271,
              0
            ],
            [
              -42.54912227012385,
              -19.42783168405641,
              0
            ],
            [
              -42.54905387099971,
              -19.42787046043599,
              0
            ],
            [
              -42.54908574669307,
              -19.42806010096831,
              0
            ],
            [
              -42.54896004391176,
              -19.42811705843534,
              0
            ],
            [
              -42.54895969770806,
              -19.42828165788399,
              0
            ],
            [
              -42.54886155258636,
              -19.42834558168117,
              0
            ],
            [
              -42.54866042118739,
              -19.42847393929067,
              0
            ],
            [
              -42.54865374910837,
              -19.42861587059834,
              0
            ],
            [
              -42.54870784635873,
              -19.42876073064251,
              0
            ],
            [
              -42.54889710279731,
              -19.42892579741176,
              0
            ],
            [
              -42.54875612393919,
              -19.42904156433041,
              0
            ],
            [
              -42.54868651278937,
              -19.42908155749479,
              0
            ],
            [
              -42.54864382031688,
              -19.42916629314832,
              0
            ],
            [
              -42.54830817866218,
              -19.42935872719158,
              0
            ],
            [
              -42.54820712418252,
              -19.42934159021628,
              0
            ],
            [
              -42.54817852656419,
              -19.4293364175078,
              0
            ]
          ]
        ]
      },
      "properties": {
        "name": "CENARIO 18-1",
        "styleUrl": "#__managed_style_6DB59F26183BEDCFBF9C",
        "styleMapHash": {
          "normal": "#__managed_style_7C927D31F13BEDCFBF9C",
          "highlight": "#__managed_style_02B8C32B333BEDCFBF9E"
        }
      },
      "id": "0884BB7CFF3B94D521F1"
    },
    {
      "type": "Feature",
      "geometry": {
        "type": "Polygon",
        "coordinates": [
          [
            [
              -42.54950499125948,
              -19.43152140151702,
              0
            ],
            [
              -42.54941228913388,
              -19.43138939964354,
              0
            ],
            [
              -42.54881121261509,
              -19.43096010476104,
              0
            ],
            [
              -42.54874428386462,
              -19.43088011219886,
              0
            ],
            [
              -42.54867382623852,
              -19.43079402435829,
              0
            ],
            [
              -42.54854000811485,
              -19.43056593066481,
              0
            ],
            [
              -42.54831552305428,
              -19.43022100328136,
              0
            ],
            [
              -42.54818216794961,
              -19.42988884563381,
              0
            ],
            [
              -42.54811205439234,
              -19.42976197977664,
              0
            ],
            [
              -42.54798284909624,
              -19.4294312884232,
              0
            ],
            [
              -42.54833952039668,
              -19.42939427605515,
              0
            ],
            [
              -42.54865805697113,
              -19.42928139214283,
              0
            ],
            [
              -42.54878966784639,
              -19.42904331735151,
              0
            ],
            [
              -42.54900604172309,
              -19.42898904321252,
              0
            ],
            [
              -42.54905965264718,
              -19.42914912464187,
              0
            ],
            [
              -42.54927031554851,
              -19.42937021299054,
              0
            ],
            [
              -42.54932500061121,
              -19.42940637560911,
              0
            ],
            [
              -42.54937144714577,
              -19.4293704165116,
              0
            ],
            [
              -42.54942786003833,
              -19.4293981750926,
              0
            ],
            [
              -42.54950335912167,
              -19.4294718421173,
              0
            ],
            [
              -42.54953566356727,
              -19.42956236634767,
              0
            ],
            [
              -42.54967794041077,
              -19.42961866086783,
              0
            ],
            [
              -42.54964860655031,
              -19.429747782902,
              0
            ],
            [
              -42.54969525722127,
              -19.42977492539696,
              0
            ],
            [
              -42.54967152927699,
              -19.42985452094727,
              0
            ],
            [
              -42.54953273166981,
              -19.42999758799778,
              0
            ],
            [
              -42.54958163376987,
              -19.43029649246797,
              0
            ],
            [
              -42.54968764723503,
              -19.43045380693944,
              0
            ],
            [
              -42.54937589955512,
              -19.43053303089605,
              0
            ],
            [
              -42.54955266929346,
              -19.43082454617008,
              0
            ],
            [
              -42.54967838320444,
              -19.43077967033874,
              0
            ],
            [
              -42.54978928233037,
              -19.43092367718463,
              0
            ],
            [
              -42.54961503935301,
              -19.43097758860895,
              0
            ],
            [
              -42.54962228687923,
              -19.43107194716888,
              0
            ],
            [
              -42.54970381990759,
              -19.43112071550826,
              0
            ],
            [
              -42.54977710821906,
              -19.43115794275899,
              0
            ],
            [
              -42.54997864853657,
              -19.43125782534989,
              0
            ],
            [
              -42.54981925325276,
              -19.43151237598262,
              0
            ],
            [
              -42.54964019723845,
              -19.43152015787894,
              0
            ],
            [
              -42.54950499125948,
              -19.43152140151702,
              0
            ]
          ]
        ]
      },
      "properties": {
        "name": "CENARIO 18-2",
        "styleUrl": "#__managed_style_6DB59F26183BEDCFBF9C",
        "styleMapHash": {
          "normal": "#__managed_style_7C927D31F13BEDCFBF9C",
          "highlight": "#__managed_style_02B8C32B333BEDCFBF9E"
        }
      },
      "id": "0558ADFD063B94D7CCD6"
    },
    {
      "type": "Feature",
      "geometry": {
        "type": "Polygon",
        "coordinates": [
          [
            [
              -42.5482472460882,
              -19.44631683030222,
              0
            ],
            [
              -42.5477742565059,
              -19.44684129646247,
              0
            ],
            [
              -42.54852393993769,
              -19.44721388847436,
              0
            ],
            [
              -42.54725740852783,
              -19.44791354960775,
              0
            ],
            [
              -42.5463419129096,
              -19.44755331625928,
              0
            ],
            [
              -42.54591012489217,
              -19.44746758708382,
              0
            ],
            [
              -42.54537997779052,
              -19.44764297875584,
              0
            ],
            [
              -42.54513351138939,
              -19.44779798865276,
              0
            ],
            [
              -42.54424107052885,
              -19.44746678308879,
              0
            ],
            [
              -42.54434568588542,
              -19.44731332481164,
              0
            ],
            [
              -42.54491767474386,
              -19.44700664433463,
              0
            ],
            [
              -42.54569926613049,
              -19.44654555554538,
              0
            ],
            [
              -42.54639418452356,
              -19.44611264830746,
              0
            ],
            [
              -42.54661643686128,
              -19.44639841013824,
              0
            ],
            [
              -42.54682511889531,
              -19.4466937126928,
              0
            ],
            [
              -42.54707925478588,
              -19.44668854170136,
              0
            ],
            [
              -42.54721449732914,
              -19.44657294869607,
              0
            ],
            [
              -42.54721773752912,
              -19.44639366652802,
              0
            ],
            [
              -42.54695452508891,
              -19.44602794622122,
              0
            ],
            [
              -42.5468551973477,
              -19.44585780733839,
              0
            ],
            [
              -42.54724104229617,
              -19.44564196194329,
              0
            ],
            [
              -42.5482472460882,
              -19.44631683030222,
              0
            ]
          ]
        ]
      },
      "properties": {
        "name": "CENARIO 19-1",
        "styleUrl": "#__managed_style_30F84B542F3BEDCFBF9C",
        "styleMapHash": {
          "normal": "#__managed_style_4BB088C9B63BEDCFBF9C",
          "highlight": "#__managed_style_5BC47251923BEDCFBF9C"
        }
      },
      "id": "0EB198D3063A6FFBAE78"
    },
    {
      "type": "Feature",
      "geometry": {
        "type": "Polygon",
        "coordinates": [
          [
            [
              -42.55089946203912,
              -19.44853688683828,
              1
            ],
            [
              -42.55088133718659,
              -19.44855630866723,
              1
            ],
            [
              -42.55082193730409,
              -19.44857821502722,
              1
            ],
            [
              -42.55075914767471,
              -19.44863170915622,
              1
            ],
            [
              -42.55072184545103,
              -19.4486831170132,
              1
            ],
            [
              -42.55070535212185,
              -19.44873484531982,
              1
            ],
            [
              -42.55068456928001,
              -19.44885941449525,
              1
            ],
            [
              -42.55063502558343,
              -19.44907811896487,
              1
            ],
            [
              -42.5505620615779,
              -19.44937221633409,
              1
            ],
            [
              -42.5503898473733,
              -19.4493530445475,
              1
            ],
            [
              -42.550377693573,
              -19.44930357578479,
              1
            ],
            [
              -42.55038186327147,
              -19.44912643832591,
              1
            ],
            [
              -42.55039529817136,
              -19.4489068621839,
              1
            ],
            [
              -42.55037268887462,
              -19.44878760014473,
              1
            ],
            [
              -42.55030082054473,
              -19.44871891309976,
              1
            ],
            [
              -42.55029587786554,
              -19.44866813167016,
              1
            ],
            [
              -42.5502696458508,
              -19.44860107062127,
              1
            ],
            [
              -42.55030010171289,
              -19.44850592531644,
              1
            ],
            [
              -42.55033310645422,
              -19.44843923748598,
              1
            ],
            [
              -42.55040488641296,
              -19.44841720060881,
              1
            ],
            [
              -42.55056125386322,
              -19.44844675223952,
              1
            ],
            [
              -42.55054829480262,
              -19.44848758732315,
              1
            ],
            [
              -42.55053219958973,
              -19.44855965409727,
              1
            ],
            [
              -42.550720793683,
              -19.44860736207432,
              1
            ],
            [
              -42.55083275363558,
              -19.44849587258414,
              1
            ],
            [
              -42.55091551759609,
              -19.44835623810331,
              1
            ],
            [
              -42.55095648136182,
              -19.44838245376214,
              1
            ],
            [
              -42.5510387271482,
              -19.44840622015253,
              1
            ],
            [
              -42.55113956386288,
              -19.44847592836053,
              1
            ],
            [
              -42.5511944346469,
              -19.44855351366598,
              1
            ],
            [
              -42.55123959474653,
              -19.44867333649325,
              1
            ],
            [
              -42.55119309476228,
              -19.4487447141378,
              1
            ],
            [
              -42.55113852291306,
              -19.44880892394032,
              1
            ],
            [
              -42.55089946203912,
              -19.44853688683828,
              1
            ]
          ]
        ]
      },
      "properties": {
        "name": "CENARIO 19-2",
        "styleUrl": "#__managed_style_02FFB2BF273BEDCFBFBC",
        "styleMapHash": {
          "normal": "#__managed_style_119944EF543BEDCFBFBC",
          "highlight": "#__managed_style_08A08BAE863BEDCFBFBE"
        }
      },
      "id": "5727CE059200002F"
    },
    {
      "type": "Feature",
      "geometry": {
        "type": "Polygon",
        "coordinates": [
          [
            [
              -42.55078061615026,
              -19.4506303792702,
              0
            ],
            [
              -42.55098495414144,
              -19.45056788884236,
              0
            ],
            [
              -42.55116342889356,
              -19.45054646685736,
              0
            ],
            [
              -42.55118299431159,
              -19.45063743263043,
              0
            ],
            [
              -42.55117293648386,
              -19.45073730324953,
              0
            ],
            [
              -42.55114328140994,
              -19.4508211858412,
              0
            ],
            [
              -42.55113004558164,
              -19.45089272829552,
              0
            ],
            [
              -42.55111025365494,
              -19.45097349137087,
              0
            ],
            [
              -42.55107716250235,
              -19.45105121867808,
              0
            ],
            [
              -42.55102788974097,
              -19.45111927185076,
              0
            ],
            [
              -42.55092986240501,
              -19.45119931406105,
              0
            ],
            [
              -42.55101150797184,
              -19.45129085115538,
              0
            ],
            [
              -42.55097246101452,
              -19.45136773040682,
              0
            ],
            [
              -42.55084533286534,
              -19.45141416621763,
              0
            ],
            [
              -42.55067892551745,
              -19.45145127316344,
              0
            ],
            [
              -42.55061446481874,
              -19.45132042152955,
              0
            ],
            [
              -42.55051699096634,
              -19.45113821985991,
              0
            ],
            [
              -42.55062203176232,
              -19.4511287102337,
              0
            ],
            [
              -42.55050955790463,
              -19.45093336234989,
              0
            ],
            [
              -42.55064818408228,
              -19.45085859755674,
              0
            ],
            [
              -42.55075864274346,
              -19.45079001067211,
              0
            ],
            [
              -42.55079481041735,
              -19.45073277148136,
              0
            ],
            [
              -42.55078061615026,
              -19.4506303792702,
              0
            ]
          ]
        ]
      },
      "properties": {
        "name": "CENARIO 19-3",
        "styleUrl": "#__managed_style_03A8F903E53BEDCFBFD8",
        "styleMapHash": {
          "normal": "#__managed_style_1321854AEE3BEDCFBFD8",
          "highlight": "#__managed_style_28EDC61E373BEDCFBFD8"
        }
      },
      "id": "5727CE059200002E"
    },
    {
      "type": "Feature",
      "geometry": {
        "type": "Polygon",
        "coordinates": [
          [
            [
              -42.55050935387184,
              -19.45460278840671,
              0
            ],
            [
              -42.55064111656823,
              -19.45486075825499,
              0
            ],
            [
              -42.5502532890984,
              -19.45517998839013,
              0
            ],
            [
              -42.55002817495871,
              -19.45515501618123,
              0
            ],
            [
              -42.54988028123253,
              -19.45518366932327,
              0
            ],
            [
              -42.54966515824275,
              -19.45524066251742,
              0
            ],
            [
              -42.54920151840388,
              -19.45490472157207,
              0
            ],
            [
              -42.54934362755734,
              -19.45471429727176,
              0
            ],
            [
              -42.54952111672652,
              -19.45457359034114,
              0
            ],
            [
              -42.5496789227516,
              -19.45453033191914,
              0
            ],
            [
              -42.54990880689888,
              -19.45452388523696,
              0
            ],
            [
              -42.55030260331404,
              -19.45455132561081,
              0
            ],
            [
              -42.55050935387184,
              -19.45460278840671,
              0
            ]
          ]
        ]
      },
      "properties": {
        "name": "CENARIO 19-4",
        "styleUrl": "#__managed_style_0A76355EF83BEDCFBFA8",
        "styleMapHash": {
          "normal": "#__managed_style_14C471D42E3BEDCFBFA8",
          "highlight": "#__managed_style_24A5D2DB5B3BEDCFBFA8"
        }
      },
      "id": "096F3CD7A63A5F991907"
    },
    {
      "type": "Feature",
      "geometry": {
        "type": "Polygon",
        "coordinates": [
          [
            [
              -42.54710550390546,
              -19.45686676149535,
              0
            ],
            [
              -42.54702001645047,
              -19.45680157704278,
              0
            ],
            [
              -42.54685965383396,
              -19.45655901226571,
              0
            ],
            [
              -42.54679586273367,
              -19.45653755992756,
              0
            ],
            [
              -42.54675585001199,
              -19.45651536102177,
              0
            ],
            [
              -42.54669189512477,
              -19.45642953423369,
              0
            ],
            [
              -42.54669406210465,
              -19.45640277138531,
              0
            ],
            [
              -42.54677561867279,
              -19.45634462768589,
              0
            ],
            [
              -42.54687434453287,
              -19.45642406454555,
              0
            ],
            [
              -42.54693788076567,
              -19.45633739454786,
              0
            ],
            [
              -42.54722288918899,
              -19.45661543163742,
              0
            ],
            [
              -42.54750187837971,
              -19.4569404087822,
              0
            ],
            [
              -42.54738285131703,
              -19.45704798791612,
              0
            ],
            [
              -42.54710550390546,
              -19.45686676149535,
              0
            ]
          ]
        ]
      },
      "properties": {
        "name": "CENARIO 19-5",
        "styleUrl": "#__managed_style_6DB59F26183BEDCFBF9C",
        "styleMapHash": {
          "normal": "#__managed_style_7C927D31F13BEDCFBF9C",
          "highlight": "#__managed_style_02B8C32B333BEDCFBF9E"
        }
      },
      "id": "5727CE059200003A"
    },
    {
      "type": "Feature",
      "geometry": {
        "type": "Polygon",
        "coordinates": [
          [
            [
              -42.53795316965153,
              -19.46151426172027,
              0
            ],
            [
              -42.53808662138699,
              -19.4617677182425,
              0
            ],
            [
              -42.53760270866668,
              -19.46199870528747,
              0
            ],
            [
              -42.53747266834362,
              -19.4620446078809,
              0
            ],
            [
              -42.53738024852678,
              -19.46215668388369,
              0
            ],
            [
              -42.53717852578169,
              -19.46245454301849,
              0
            ],
            [
              -42.53714971810562,
              -19.46256665676769,
              0
            ],
            [
              -42.53710447205406,
              -19.46271748213643,
              0
            ],
            [
              -42.53694493853688,
              -19.46292173152011,
              0
            ],
            [
              -42.53688966987436,
              -19.46310118436493,
              0
            ],
            [
              -42.53671811941071,
              -19.4630605413054,
              0
            ],
            [
              -42.53660192746928,
              -19.46287082651415,
              0
            ],
            [
              -42.53692143065976,
              -19.46239577746669,
              0
            ],
            [
              -42.53719845718591,
              -19.46191481821862,
              0
            ],
            [
              -42.53736965076857,
              -19.46173612460775,
              0
            ],
            [
              -42.53795316965153,
              -19.46151426172027,
              0
            ]
          ]
        ]
      },
      "properties": {
        "name": "CENÁRIO 20-1",
        "styleUrl": "#__managed_style_30F84B542F3BEDCFBF9C",
        "styleMapHash": {
          "normal": "#__managed_style_4BB088C9B63BEDCFBF9C",
          "highlight": "#__managed_style_5BC47251923BEDCFBF9C"
        }
      },
      "id": "0BE5EE2DFD3B4CC94D78"
    },
    {
      "type": "Feature",
      "geometry": {
        "type": "Polygon",
        "coordinates": [
          [
            [
              -42.54258885649975,
              -19.4593015668525,
              0
            ],
            [
              -42.54251861115385,
              -19.45931704417895,
              0
            ],
            [
              -42.54251213228981,
              -19.45922845233246,
              0
            ],
            [
              -42.54239612585955,
              -19.45921516665466,
              0
            ],
            [
              -42.54234761163284,
              -19.45931194770657,
              0
            ],
            [
              -42.5423499592294,
              -19.45942861436271,
              0
            ],
            [
              -42.54236176638447,
              -19.4596505337951,
              0
            ],
            [
              -42.54222559248475,
              -19.45966938036694,
              0
            ],
            [
              -42.54212877070546,
              -19.45965446218639,
              0
            ],
            [
              -42.5420268446908,
              -19.45959062954496,
              0
            ],
            [
              -42.54196775333071,
              -19.45949638981768,
              0
            ],
            [
              -42.54199504583817,
              -19.4593805166326,
              0
            ],
            [
              -42.54206923369887,
              -19.45931522512402,
              0
            ],
            [
              -42.54216922523269,
              -19.45922562675194,
              0
            ],
            [
              -42.54228274094199,
              -19.45908535961472,
              0
            ],
            [
              -42.54233677279,
              -19.45902357836325,
              0
            ],
            [
              -42.54242371050117,
              -19.45899040664717,
              0
            ],
            [
              -42.54245266353334,
              -19.45899833245113,
              0
            ],
            [
              -42.54252244103752,
              -19.45905692537509,
              0
            ],
            [
              -42.54256983973465,
              -19.459131888534,
              0
            ],
            [
              -42.54258885649975,
              -19.4593015668525,
              0
            ]
          ]
        ]
      },
      "properties": {
        "name": "CENARIO 20-2",
        "styleUrl": "#__managed_style_0C554000C93BEDCFBFDB",
        "styleMapHash": {
          "normal": "#__managed_style_18876357E03BEDCFBFDB",
          "highlight": "#__managed_style_273FC369F13BEDCFBFDB"
        }
      },
      "id": "0C043C437F3BA325EC14"
    },
    {
      "type": "Feature",
      "geometry": {
        "type": "Polygon",
        "coordinates": [
          [
            [
              -42.54277583443421,
              -19.45286177075048,
              0
            ],
            [
              -42.54298067927644,
              -19.4527911935738,
              0
            ],
            [
              -42.54334604184182,
              -19.45281219424772,
              0
            ],
            [
              -42.54317210056783,
              -19.45450493209426,
              0
            ],
            [
              -42.5430609680184,
              -19.45459382593477,
              0
            ],
            [
              -42.54299066224952,
              -19.45464996916605,
              0
            ],
            [
              -42.54250112239252,
              -19.4553438428598,
              0
            ],
            [
              -42.54211917253839,
              -19.45513514188535,
              0
            ],
            [
              -42.54268252335091,
              -19.4541085768417,
              0
            ],
            [
              -42.54277583443421,
              -19.45286177075048,
              0
            ]
          ]
        ]
      },
      "properties": {
        "name": "CENARIO 20-3",
        "styleUrl": "#__managed_style_30F84B542F3BEDCFBF9C",
        "styleMapHash": {
          "normal": "#__managed_style_4BB088C9B63BEDCFBF9C",
          "highlight": "#__managed_style_5BC47251923BEDCFBF9C"
        }
      },
      "id": "0549B407593A60235504"
    },
    {
      "type": "Feature",
      "geometry": {
        "type": "Polygon",
        "coordinates": [
          [
            [
              -42.54005053341921,
              -19.45348608933707,
              0
            ],
            [
              -42.53976774613044,
              -19.45334443063173,
              0
            ],
            [
              -42.53942691649841,
              -19.45317550285547,
              0
            ],
            [
              -42.53925126936303,
              -19.45346094928581,
              0
            ],
            [
              -42.53873906454593,
              -19.45309040908198,
              0
            ],
            [
              -42.53891314014326,
              -19.45231598359304,
              0
            ],
            [
              -42.54031726276394,
              -19.45211121192637,
              0
            ],
            [
              -42.54120735842182,
              -19.45275632493687,
              0
            ],
            [
              -42.54066649849486,
              -19.45399037099269,
              0
            ],
            [
              -42.53995697293912,
              -19.45368797267032,
              0
            ],
            [
              -42.54005053341921,
              -19.45348608933707,
              0
            ]
          ]
        ]
      },
      "properties": {
        "name": "CENARIO 20-4",
        "styleUrl": "#__managed_style_30F84B542F3BEDCFBF9C",
        "styleMapHash": {
          "normal": "#__managed_style_4BB088C9B63BEDCFBF9C",
          "highlight": "#__managed_style_5BC47251923BEDCFBF9C"
        }
      },
      "id": "0F451BAE6E3BA328CA46"
    },
    {
      "type": "Feature",
      "geometry": {
        "type": "Polygon",
        "coordinates": [
          [
            [
              -42.53768865277566,
              -19.45465866981766,
              0
            ],
            [
              -42.53707473307036,
              -19.45542733530269,
              0
            ],
            [
              -42.53693999131775,
              -19.45531088043797,
              0
            ],
            [
              -42.53683729116909,
              -19.45544921772452,
              0
            ],
            [
              -42.53665548915619,
              -19.45532779633541,
              0
            ],
            [
              -42.53733750053616,
              -19.45434699733466,
              0
            ],
            [
              -42.53782977511958,
              -19.45399663284233,
              0
            ],
            [
              -42.53809818074541,
              -19.45435602842957,
              0
            ],
            [
              -42.53768865277566,
              -19.45465866981766,
              0
            ]
          ]
        ]
      },
      "properties": {
        "name": "CENARIO 20-5",
        "styleUrl": "#__managed_style_30F84B542F3BEDCFBF9C",
        "styleMapHash": {
          "normal": "#__managed_style_4BB088C9B63BEDCFBF9C",
          "highlight": "#__managed_style_5BC47251923BEDCFBF9C"
        }
      },
      "id": "0D5AEE72FC3B4CBFCCE0"
    },
    {
      "type": "Feature",
      "geometry": {
        "type": "Polygon",
        "coordinates": [
          [
            [
              -42.52892108360762,
              -19.46037870106195,
              0
            ],
            [
              -42.5287672626673,
              -19.46107326656761,
              0
            ],
            [
              -42.52755901200539,
              -19.46088431060157,
              0
            ],
            [
              -42.52689435546278,
              -19.46096071047603,
              0
            ],
            [
              -42.52644210727851,
              -19.4607547203933,
              0
            ],
            [
              -42.52656135991967,
              -19.46014322972913,
              0
            ],
            [
              -42.52836610911935,
              -19.46014402688467,
              0
            ],
            [
              -42.52899137980735,
              -19.46009748749029,
              0
            ],
            [
              -42.52892108360762,
              -19.46037870106195,
              0
            ]
          ]
        ]
      },
      "properties": {
        "name": "CENARIO 20-6",
        "styleUrl": "#__managed_style_30F84B542F3BEDCFBF9C",
        "styleMapHash": {
          "normal": "#__managed_style_4BB088C9B63BEDCFBF9C",
          "highlight": "#__managed_style_5BC47251923BEDCFBF9C"
        }
      },
      "id": "08960BA6D03BA329E198"
    },
    {
      "type": "Feature",
      "geometry": {
        "type": "Polygon",
        "coordinates": [
          [
            [
              -42.53143740049809,
              -19.46664456779014,
              0
            ],
            [
              -42.53150601642804,
              -19.46672748272082,
              0
            ],
            [
              -42.53158793597586,
              -19.46690303118659,
              0
            ],
            [
              -42.53156612338776,
              -19.46705705731015,
              0
            ],
            [
              -42.53155583098,
              -19.46728702542342,
              0
            ],
            [
              -42.5315173016713,
              -19.46739058064107,
              0
            ],
            [
              -42.53145210189807,
              -19.46743033487513,
              0
            ],
            [
              -42.53143084177644,
              -19.46744275093037,
              0
            ],
            [
              -42.53140878819069,
              -19.46748364395966,
              0
            ],
            [
              -42.53137410404432,
              -19.46759174561823,
              0
            ],
            [
              -42.53128066990929,
              -19.46764761221126,
              0
            ],
            [
              -42.53117562196189,
              -19.4678289081452,
              0
            ],
            [
              -42.53103468348733,
              -19.46799765311754,
              0
            ],
            [
              -42.53096104506301,
              -19.46812908688658,
              0
            ],
            [
              -42.53084395061216,
              -19.46829439994311,
              0
            ],
            [
              -42.53074181729433,
              -19.46845329144331,
              0
            ],
            [
              -42.53074887605765,
              -19.46856986370614,
              0
            ],
            [
              -42.53067541110807,
              -19.46870207218892,
              0
            ],
            [
              -42.53055499808849,
              -19.46866031612193,
              0
            ],
            [
              -42.53045755186325,
              -19.46856079843153,
              0
            ],
            [
              -42.5304675890606,
              -19.4684256218191,
              0
            ],
            [
              -42.53054494701577,
              -19.46837515106572,
              0
            ],
            [
              -42.53065820333313,
              -19.46825601595239,
              0
            ],
            [
              -42.53090202251413,
              -19.46787095742782,
              0
            ],
            [
              -42.53099721205046,
              -19.46770177197543,
              0
            ],
            [
              -42.53107193237516,
              -19.46759007286917,
              0
            ],
            [
              -42.53116090040514,
              -19.46743489036531,
              0
            ],
            [
              -42.53125571548715,
              -19.46725436945514,
              0
            ],
            [
              -42.53132424506985,
              -19.4671378613023,
              0
            ],
            [
              -42.53134337044175,
              -19.46702284936897,
              0
            ],
            [
              -42.53123788014447,
              -19.4668557046246,
              0
            ],
            [
              -42.53123014397532,
              -19.46679200020886,
              0
            ],
            [
              -42.53132030404949,
              -19.46666146988078,
              0
            ],
            [
              -42.53137162554761,
              -19.46661573134992,
              0
            ],
            [
              -42.53143740049809,
              -19.46664456779014,
              0
            ]
          ]
        ]
      },
      "properties": {
        "name": "CENARIO 21-1",
        "styleUrl": "#__managed_style_0C554000C93BEDCFBFDB",
        "styleMapHash": {
          "normal": "#__managed_style_18876357E03BEDCFBFDB",
          "highlight": "#__managed_style_273FC369F13BEDCFBFDB"
        }
      },
      "id": "5727CE0592000057"
    },
    {
      "type": "Feature",
      "geometry": {
        "type": "Polygon",
        "coordinates": [
          [
            [
              -42.53033571471426,
              -19.46866867676659,
              0
            ],
            [
              -42.53018868272508,
              -19.468879626324,
              0
            ],
            [
              -42.53004363202491,
              -19.46878905292699,
              0
            ],
            [
              -42.53001563424542,
              -19.46872363657846,
              0
            ],
            [
              -42.53002490953433,
              -19.46859413436541,
              0
            ],
            [
              -42.5299292514594,
              -19.46853368237839,
              0
            ],
            [
              -42.52986356702206,
              -19.46859447696017,
              0
            ],
            [
              -42.52980055761361,
              -19.46867929666007,
              0
            ],
            [
              -42.52970675840155,
              -19.46882646558915,
              0
            ],
            [
              -42.52965845568209,
              -19.46888155650185,
              0
            ],
            [
              -42.52962236170636,
              -19.46888834748155,
              0
            ],
            [
              -42.52957698351622,
              -19.46895750908114,
              0
            ],
            [
              -42.52952434151717,
              -19.46902344115223,
              0
            ],
            [
              -42.52948309724294,
              -19.46906866245627,
              0
            ],
            [
              -42.52945007052673,
              -19.46908595101242,
              0
            ],
            [
              -42.52944067210895,
              -19.46914559627129,
              0
            ],
            [
              -42.52938226030033,
              -19.46922499252698,
              0
            ],
            [
              -42.52935223036334,
              -19.46929108577593,
              0
            ],
            [
              -42.52936505246679,
              -19.46937898026254,
              0
            ],
            [
              -42.52928292954221,
              -19.46949069263872,
              0
            ],
            [
              -42.5292128368981,
              -19.46954325442119,
              0
            ],
            [
              -42.52911262561106,
              -19.46950607949389,
              0
            ],
            [
              -42.52907583979004,
              -19.46946582747517,
              0
            ],
            [
              -42.5290608273968,
              -19.46936762219539,
              0
            ],
            [
              -42.5289864891726,
              -19.46932230678172,
              0
            ],
            [
              -42.52892954906122,
              -19.46932122097356,
              0
            ],
            [
              -42.52881471971967,
              -19.46940677511411,
              0
            ],
            [
              -42.52865204229504,
              -19.46949137497028,
              0
            ],
            [
              -42.52860703758132,
              -19.4695870607695,
              0
            ],
            [
              -42.5284881695714,
              -19.4698234032441,
              0
            ],
            [
              -42.52846684523402,
              -19.47018040989846,
              0
            ],
            [
              -42.52888498269702,
              -19.47039700241852,
              0
            ],
            [
              -42.52841489071626,
              -19.47110148693147,
              0
            ],
            [
              -42.52801857537489,
              -19.47089725307413,
              0
            ],
            [
              -42.52776513331428,
              -19.47065225437765,
              0
            ],
            [
              -42.52788350387211,
              -19.47028987139564,
              0
            ],
            [
              -42.52781134402421,
              -19.46999395695689,
              0
            ],
            [
              -42.52806947519726,
              -19.46951094329364,
              0
            ],
            [
              -42.52813588638476,
              -19.46941493595986,
              0
            ],
            [
              -42.52828896021481,
              -19.46921040666655,
              0
            ],
            [
              -42.52845221821288,
              -19.46908048660845,
              0
            ],
            [
              -42.5285956939658,
              -19.46895735420442,
              0
            ],
            [
              -42.52868277067745,
              -19.46884701889197,
              0
            ],
            [
              -42.52882012937174,
              -19.4686647835371,
              0
            ],
            [
              -42.52905928015834,
              -19.46852454351467,
              0
            ],
            [
              -42.5292752107917,
              -19.4684003126436,
              0
            ],
            [
              -42.52959760102662,
              -19.46834841362474,
              0
            ],
            [
              -42.52978313766612,
              -19.46838142278191,
              0
            ],
            [
              -42.52999842597026,
              -19.46846349832168,
              0
            ],
            [
              -42.53018268199925,
              -19.46857021728972,
              0
            ],
            [
              -42.53033571471426,
              -19.46866867676659,
              0
            ]
          ]
        ]
      },
      "properties": {
        "name": "CENARIO 21-2",
        "styleUrl": "#__managed_style_0C554000C93BEDCFBFDB",
        "styleMapHash": {
          "normal": "#__managed_style_18876357E03BEDCFBFDB",
          "highlight": "#__managed_style_273FC369F13BEDCFBFDB"
        }
      },
      "id": "5727CE0592000056"
    },
    {
      "type": "Feature",
      "geometry": {
        "type": "Polygon",
        "coordinates": [
          [
            [
              -42.5274101181936,
              -19.47306677751069,
              0
            ],
            [
              -42.52735881623026,
              -19.47363984999635,
              0
            ],
            [
              -42.52704613453084,
              -19.47345256859605,
              0
            ],
            [
              -42.52707751540533,
              -19.47294485828186,
              0
            ],
            [
              -42.52707000320426,
              -19.47230056036278,
              0
            ],
            [
              -42.52746246754824,
              -19.47179232832938,
              0
            ],
            [
              -42.52775310457029,
              -19.47138663691819,
              0
            ],
            [
              -42.52811246372923,
              -19.47161896000894,
              0
            ],
            [
              -42.52763155351622,
              -19.47229212148326,
              0
            ],
            [
              -42.52749682159943,
              -19.4725714635898,
              0
            ],
            [
              -42.52741323630384,
              -19.47279740759153,
              0
            ],
            [
              -42.5274101181936,
              -19.47306677751069,
              0
            ]
          ]
        ]
      },
      "properties": {
        "name": "CEANRIO 21-3",
        "styleUrl": "#__managed_style_30F84B542F3BEDCFBF9C",
        "styleMapHash": {
          "normal": "#__managed_style_4BB088C9B63BEDCFBF9C",
          "highlight": "#__managed_style_5BC47251923BEDCFBF9C"
        }
      },
      "id": "099FDB9D1F3A5F9CC6FC"
    },
    {
      "type": "Feature",
      "geometry": {
        "type": "Polygon",
        "coordinates": [
          [
            [
              -42.52276084509815,
              -19.47786395173926,
              0
            ],
            [
              -42.52248131817922,
              -19.47836676369923,
              0
            ],
            [
              -42.52216796977235,
              -19.47848416575005,
              0
            ],
            [
              -42.52182848427665,
              -19.47850609407897,
              0
            ],
            [
              -42.52152735724879,
              -19.47832014938813,
              0
            ],
            [
              -42.52161761627823,
              -19.47821286993843,
              0
            ],
            [
              -42.52181377138857,
              -19.47817224057112,
              0
            ],
            [
              -42.52202511773523,
              -19.47809462137149,
              0
            ],
            [
              -42.52228098498298,
              -19.4779146919776,
              0
            ],
            [
              -42.52249950072579,
              -19.4777784588945,
              0
            ],
            [
              -42.52276084509815,
              -19.47786395173926,
              0
            ]
          ]
        ]
      },
      "properties": {
        "name": "CENARIO 21-4",
        "styleUrl": "#__managed_style_30F84B542F3BEDCFBF9C",
        "styleMapHash": {
          "normal": "#__managed_style_4BB088C9B63BEDCFBF9C",
          "highlight": "#__managed_style_5BC47251923BEDCFBF9C"
        }
      },
      "id": "02596F83393A5F9BF564"
    },
    {
      "type": "Feature",
      "geometry": {
        "type": "Polygon",
        "coordinates": [
          [
            [
              -42.51841000771281,
              -19.4639230756221,
              0
            ],
            [
              -42.51834911192807,
              -19.4641128345306,
              0
            ],
            [
              -42.51784416007146,
              -19.46398401298941,
              0
            ],
            [
              -42.5179724237708,
              -19.46359918005148,
              0
            ],
            [
              -42.51867830872873,
              -19.46338634355531,
              0
            ],
            [
              -42.51881373010553,
              -19.46379565771953,
              0
            ],
            [
              -42.51879593913539,
              -19.4639033389314,
              0
            ],
            [
              -42.51967200870351,
              -19.46412779307693,
              0
            ],
            [
              -42.52016807533258,
              -19.46363077712529,
              0
            ],
            [
              -42.52099685700582,
              -19.46401542376802,
              0
            ],
            [
              -42.52073711559233,
              -19.4644259266543,
              0
            ],
            [
              -42.52039108164784,
              -19.4645476568234,
              0
            ],
            [
              -42.51995488096532,
              -19.464559378065,
              0
            ],
            [
              -42.51973033529335,
              -19.46450951150949,
              0
            ],
            [
              -42.51978933460861,
              -19.46425860534355,
              0
            ],
            [
              -42.51862734483271,
              -19.46390361162558,
              0
            ],
            [
              -42.51841000771281,
              -19.4639230756221,
              0
            ]
          ]
        ]
      },
      "properties": {
        "name": "CENARIO 21-5",
        "styleUrl": "#__managed_style_30F84B542F3BEDCFBF9C",
        "styleMapHash": {
          "normal": "#__managed_style_4BB088C9B63BEDCFBF9C",
          "highlight": "#__managed_style_5BC47251923BEDCFBF9C"
        }
      },
      "id": "0BCE0628413A5FA2119F"
    },
    {
      "type": "Feature",
      "geometry": {
        "type": "Polygon",
        "coordinates": [
          [
            [
              -42.58891477556914,
              -19.48752723538246,
              0
            ],
            [
              -42.58918330382659,
              -19.48729395556995,
              0
            ],
            [
              -42.5864313085182,
              -19.48490848223317,
              0
            ],
            [
              -42.58638128678122,
              -19.48442645785608,
              0
            ],
            [
              -42.58641651029093,
              -19.48407775577183,
              0
            ],
            [
              -42.58890810946995,
              -19.48603460285522,
              0
            ],
            [
              -42.58950713509089,
              -19.48567308135825,
              0
            ],
            [
              -42.59116260855656,
              -19.48689850587293,
              0
            ],
            [
              -42.59127827111674,
              -19.4876689316038,
              0
            ],
            [
              -42.59122330799354,
              -19.48841248975733,
              0
            ],
            [
              -42.58891477556914,
              -19.48752723538246,
              0
            ]
          ]
        ]
      },
      "properties": {
        "name": "CENARIO 22-1",
        "styleUrl": "#__managed_style_30F84B542F3BEDCFBF9C",
        "styleMapHash": {
          "normal": "#__managed_style_4BB088C9B63BEDCFBF9C",
          "highlight": "#__managed_style_5BC47251923BEDCFBF9C"
        }
      },
      "id": "1385A3AD273BA3311CDC"
    },
    {
      "type": "Feature",
      "geometry": {
        "type": "Polygon",
        "coordinates": [
          [
            [
              -42.58154963244893,
              -19.48301593294321,
              0
            ],
            [
              -42.5815382966329,
              -19.48334667994785,
              0
            ],
            [
              -42.58153701381949,
              -19.48429589009281,
              0
            ],
            [
              -42.58171908751314,
              -19.48481946116428,
              0
            ],
            [
              -42.58122027941481,
              -19.48500298414913,
              0
            ],
            [
              -42.5806633867545,
              -19.48669764250424,
              0
            ],
            [
              -42.5800499472896,
              -19.48660933321975,
              0
            ],
            [
              -42.57958877724654,
              -19.48677831081603,
              0
            ],
            [
              -42.5790992533141,
              -19.48666547363154,
              0
            ],
            [
              -42.578844445465,
              -19.48608209698513,
              0
            ],
            [
              -42.57897669005912,
              -19.48514726867492,
              0
            ],
            [
              -42.58069562980209,
              -19.4830471060193,
              0
            ],
            [
              -42.58125330116226,
              -19.48297637088042,
              0
            ],
            [
              -42.58154963244893,
              -19.48301593294321,
              0
            ]
          ]
        ]
      },
      "properties": {
        "name": "CENARIO 22-2",
        "styleUrl": "#__managed_style_30F84B542F3BEDCFBF9C",
        "styleMapHash": {
          "normal": "#__managed_style_4BB088C9B63BEDCFBF9C",
          "highlight": "#__managed_style_5BC47251923BEDCFBF9C"
        }
      },
      "id": "0730D1669C3BA3311CDC"
    },
    {
      "type": "Feature",
      "geometry": {
        "type": "Polygon",
        "coordinates": [
          [
            [
              -42.57774997371379,
              -19.48884280775429,
              0
            ],
            [
              -42.57751306158603,
              -19.48910092969991,
              0
            ],
            [
              -42.57711088120743,
              -19.48915246914424,
              0
            ],
            [
              -42.57690420737597,
              -19.48871069577196,
              0
            ],
            [
              -42.57745994407648,
              -19.48841470596392,
              0
            ],
            [
              -42.57774997371379,
              -19.48884280775429,
              0
            ]
          ]
        ]
      },
      "properties": {
        "name": "CENARIO 21-3",
        "styleUrl": "#__managed_style_0A76355EF83BEDCFBFA8",
        "styleMapHash": {
          "normal": "#__managed_style_14C471D42E3BEDCFBFA8",
          "highlight": "#__managed_style_24A5D2DB5B3BEDCFBFA8"
        }
      },
      "id": "53D2F9A0C43BA3311CDC"
    },
    {
      "type": "Feature",
      "geometry": {
        "type": "Polygon",
        "coordinates": [
          [
            [
              -42.58894211224474,
              -19.48231798104858,
              0
            ],
            [
              -42.58878112055875,
              -19.48244457915772,
              0
            ],
            [
              -42.5886870106627,
              -19.48239276182323,
              0
            ],
            [
              -42.58862261122044,
              -19.48246460270202,
              0
            ],
            [
              -42.588551499875,
              -19.48240939126641,
              0
            ],
            [
              -42.58860316473123,
              -19.48233214147834,
              0
            ],
            [
              -42.58840761814179,
              -19.48220119085848,
              0
            ],
            [
              -42.58831451079477,
              -19.48213881790026,
              0
            ],
            [
              -42.58836049289414,
              -19.48209409831927,
              0
            ],
            [
              -42.58827094657979,
              -19.48202925999966,
              0
            ],
            [
              -42.58831789447802,
              -19.4819666446417,
              0
            ],
            [
              -42.58826204371582,
              -19.48194433804443,
              0
            ],
            [
              -42.58821488013297,
              -19.4819205549109,
              0
            ],
            [
              -42.58806672737715,
              -19.48207701874464,
              0
            ],
            [
              -42.5875939749935,
              -19.48173657102018,
              0
            ],
            [
              -42.58768736776471,
              -19.48163280819597,
              0
            ],
            [
              -42.58775874554874,
              -19.48160663045993,
              0
            ],
            [
              -42.58803682877264,
              -19.48174227707657,
              0
            ],
            [
              -42.58825840579332,
              -19.48185366183957,
              0
            ],
            [
              -42.58835023177657,
              -19.48187316219375,
              0
            ],
            [
              -42.58894211224474,
              -19.48231798104858,
              0
            ]
          ]
        ]
      },
      "properties": {
        "name": "CENARIO 22-4",
        "styleUrl": "#__managed_style_0C554000C93BEDCFBFDB",
        "styleMapHash": {
          "normal": "#__managed_style_18876357E03BEDCFBFDB",
          "highlight": "#__managed_style_273FC369F13BEDCFBFDB"
        }
      },
      "id": "3495B0A6A53BA3311CDC"
    },
    {
      "type": "Feature",
      "geometry": {
        "type": "Polygon",
        "coordinates": [
          [
            [
              -42.59139914080932,
              -19.48178376080047,
              0
            ],
            [
              -42.59149350330726,
              -19.48190895639026,
              0
            ],
            [
              -42.59131220614398,
              -19.48214075523821,
              0
            ],
            [
              -42.59125500927078,
              -19.48220797754533,
              0
            ],
            [
              -42.59118312734545,
              -19.48226360437875,
              0
            ],
            [
              -42.59112414859613,
              -19.48235966102018,
              0
            ],
            [
              -42.59109458641687,
              -19.48238138709201,
              0
            ],
            [
              -42.59104527719995,
              -19.4824093400289,
              0
            ],
            [
              -42.5910091283108,
              -19.48237828254256,
              0
            ],
            [
              -42.59098617095434,
              -19.4823286467854,
              0
            ],
            [
              -42.59092057672849,
              -19.4822790798958,
              0
            ],
            [
              -42.59083514184972,
              -19.48231005119013,
              0
            ],
            [
              -42.59069895794898,
              -19.48248979649344,
              0
            ],
            [
              -42.5906423981464,
              -19.48253920108655,
              0
            ],
            [
              -42.59051258878971,
              -19.48269769267447,
              0
            ],
            [
              -42.5902828334863,
              -19.48257234662811,
              0
            ],
            [
              -42.59033160273712,
              -19.48247244413601,
              0
            ],
            [
              -42.59018399569887,
              -19.48234018778153,
              0
            ],
            [
              -42.59034659894678,
              -19.48226504710252,
              0
            ],
            [
              -42.59050249886309,
              -19.48228255654406,
              0
            ],
            [
              -42.59074844184958,
              -19.48211322172903,
              0
            ],
            [
              -42.5906456348149,
              -19.48199109285828,
              0
            ],
            [
              -42.59073075713081,
              -19.48190636224857,
              0
            ],
            [
              -42.59092561335385,
              -19.48200624740092,
              0
            ],
            [
              -42.59105207812966,
              -19.48192170240832,
              0
            ],
            [
              -42.59111883209501,
              -19.4818853937484,
              0
            ],
            [
              -42.59118908182569,
              -19.48186350918667,
              0
            ],
            [
              -42.59128574930022,
              -19.48187499976993,
              0
            ],
            [
              -42.59139914080932,
              -19.48178376080047,
              0
            ]
          ]
        ]
      },
      "properties": {
        "name": "CENARIO 22-5",
        "styleUrl": "#__managed_style_0C554000C93BEDCFBFDB",
        "styleMapHash": {
          "normal": "#__managed_style_18876357E03BEDCFBFDB",
          "highlight": "#__managed_style_273FC369F13BEDCFBFDB"
        }
      },
      "id": "4FFCB7A5A73BA3311CDC"
    },
    {
      "type": "Feature",
      "geometry": {
        "type": "Polygon",
        "coordinates": [
          [
            [
              -42.57864626614139,
              -19.47948730610584,
              0
            ],
            [
              -42.57859113579647,
              -19.47962849174085,
              0
            ],
            [
              -42.57852418015246,
              -19.47983909374418,
              0
            ],
            [
              -42.57841464286927,
              -19.48000138705922,
              0
            ],
            [
              -42.57839050822518,
              -19.48002324391741,
              0
            ],
            [
              -42.57829784044905,
              -19.48001548759135,
              0
            ],
            [
              -42.57824795729638,
              -19.4801191302538,
              0
            ],
            [
              -42.57820312545662,
              -19.48019233929785,
              0
            ],
            [
              -42.57821763766807,
              -19.48046315669813,
              0
            ],
            [
              -42.57813986574297,
              -19.48057141638411,
              0
            ],
            [
              -42.57813348727397,
              -19.48070738174399,
              0
            ],
            [
              -42.57806555295898,
              -19.4808169400909,
              0
            ],
            [
              -42.57805861218368,
              -19.48087759817991,
              0
            ],
            [
              -42.57786589591318,
              -19.48096449632276,
              0
            ],
            [
              -42.57776344147872,
              -19.48087556078319,
              0
            ],
            [
              -42.57771230456996,
              -19.48082292682027,
              0
            ],
            [
              -42.57769426150342,
              -19.48070572629471,
              0
            ],
            [
              -42.57768316810743,
              -19.48064051483053,
              0
            ],
            [
              -42.57775513978037,
              -19.4806079338991,
              0
            ],
            [
              -42.57784318629215,
              -19.4806286622777,
              0
            ],
            [
              -42.57792833954832,
              -19.48061654889079,
              0
            ],
            [
              -42.57799388948022,
              -19.48043394675362,
              0
            ],
            [
              -42.57795983666969,
              -19.48027391577298,
              0
            ],
            [
              -42.57799724555891,
              -19.48011605109235,
              0
            ],
            [
              -42.57805633080708,
              -19.48010731915405,
              0
            ],
            [
              -42.57803034039775,
              -19.4800179678443,
              0
            ],
            [
              -42.57789059942586,
              -19.47994616509497,
              0
            ],
            [
              -42.57793686449774,
              -19.47987326298749,
              0
            ],
            [
              -42.57809177904803,
              -19.47994016298406,
              0
            ],
            [
              -42.57820732364755,
              -19.47995163686427,
              0
            ],
            [
              -42.57837692143869,
              -19.47988896165576,
              0
            ],
            [
              -42.57841634134702,
              -19.47983614634441,
              0
            ],
            [
              -42.57834902807917,
              -19.47975836653373,
              0
            ],
            [
              -42.57829427657245,
              -19.47971976401794,
              0
            ],
            [
              -42.57838108306111,
              -19.47965240320809,
              0
            ],
            [
              -42.5785127801031,
              -19.47959849051309,
              0
            ],
            [
              -42.57850112633519,
              -19.47950637268803,
              0
            ],
            [
              -42.5785820529666,
              -19.47944385982183,
              0
            ],
            [
              -42.57864626614139,
              -19.47948730610584,
              0
            ]
          ]
        ]
      },
      "properties": {
        "name": "CENARIO 23-1",
        "styleUrl": "#__managed_style_0C554000C93BEDCFBFDB",
        "styleMapHash": {
          "normal": "#__managed_style_18876357E03BEDCFBFDB",
          "highlight": "#__managed_style_273FC369F13BEDCFBFDB"
        }
      },
      "id": "5727CE0592000059"
    },
    {
      "type": "Feature",
      "geometry": {
        "type": "Polygon",
        "coordinates": [
          [
            [
              -42.57729753821967,
              -19.48051238940333,
              1
            ],
            [
              -42.57746177753654,
              -19.48062278943609,
              1
            ],
            [
              -42.57737516999655,
              -19.48082711556137,
              1
            ],
            [
              -42.57760425027678,
              -19.48101208646705,
              1
            ],
            [
              -42.57752528911924,
              -19.48107890716128,
              1
            ],
            [
              -42.57742697932858,
              -19.48111550858925,
              1
            ],
            [
              -42.57740139527967,
              -19.48121823006892,
              1
            ],
            [
              -42.57735383114723,
              -19.48118402880953,
              1
            ],
            [
              -42.5772318055577,
              -19.48116285250579,
              1
            ],
            [
              -42.57710339199672,
              -19.48117569610339,
              1
            ],
            [
              -42.57708644801179,
              -19.48106543527528,
              1
            ],
            [
              -42.57703740362467,
              -19.48107618872085,
              1
            ],
            [
              -42.57702846022124,
              -19.48102741532999,
              1
            ],
            [
              -42.57690180924033,
              -19.48106459868147,
              1
            ],
            [
              -42.5768357344649,
              -19.48114477133881,
              1
            ],
            [
              -42.57675725024283,
              -19.4812743065689,
              1
            ],
            [
              -42.57668333184492,
              -19.48126461141416,
              1
            ],
            [
              -42.57660735679393,
              -19.48121440324247,
              1
            ],
            [
              -42.57648439612,
              -19.48111018481793,
              1
            ],
            [
              -42.57641775451729,
              -19.48101889491787,
              1
            ],
            [
              -42.57651006806395,
              -19.48096914021059,
              1
            ],
            [
              -42.57647573197407,
              -19.48090287390475,
              1
            ],
            [
              -42.57658665418882,
              -19.48089548105031,
              1
            ],
            [
              -42.57668719184721,
              -19.4809409172726,
              1
            ],
            [
              -42.57669136533869,
              -19.48093893062135,
              1
            ],
            [
              -42.57666128124784,
              -19.48071280541765,
              1
            ],
            [
              -42.57659490090189,
              -19.4805852346177,
              1
            ],
            [
              -42.57661331084653,
              -19.48049718711573,
              1
            ],
            [
              -42.57666383261872,
              -19.48043712489406,
              1
            ],
            [
              -42.5766150013219,
              -19.48034400936253,
              1
            ],
            [
              -42.57655886750864,
              -19.480263540017,
              1
            ],
            [
              -42.57666760810592,
              -19.48019675899273,
              1
            ],
            [
              -42.5767321274707,
              -19.48018859657278,
              1
            ],
            [
              -42.57681958116482,
              -19.48021689470329,
              1
            ],
            [
              -42.57682194085618,
              -19.48040330267136,
              1
            ],
            [
              -42.57696164964231,
              -19.48055997546963,
              1
            ],
            [
              -42.57712921704589,
              -19.48071548205996,
              1
            ],
            [
              -42.57729753821967,
              -19.48051238940333,
              1
            ]
          ]
        ]
      },
      "properties": {
        "name": "CENARIO 23-2",
        "styleUrl": "#__managed_style_0C554000C93BEDCFBFDB",
        "styleMapHash": {
          "normal": "#__managed_style_18876357E03BEDCFBFDB",
          "highlight": "#__managed_style_273FC369F13BEDCFBFDB"
        }
      },
      "id": "5727CE059200005A"
    },
    {
      "type": "Feature",
      "geometry": {
        "type": "Polygon",
        "coordinates": [
          [
            [
              -42.57817758730526,
              -19.47941690555755,
              1
            ],
            [
              -42.57801604236705,
              -19.47964376407924,
              1
            ],
            [
              -42.57797981864809,
              -19.47961205287471,
              1
            ],
            [
              -42.57793002165884,
              -19.47968371301799,
              1
            ],
            [
              -42.57788859793953,
              -19.47965711661617,
              1
            ],
            [
              -42.5778260738664,
              -19.47974755899073,
              1
            ],
            [
              -42.57773398404954,
              -19.47968259919124,
              1
            ],
            [
              -42.57763849911525,
              -19.47975274597045,
              1
            ],
            [
              -42.57762269730917,
              -19.47981997899196,
              1
            ],
            [
              -42.57756251065883,
              -19.47986371019214,
              1
            ],
            [
              -42.57753674507891,
              -19.47993337158701,
              1
            ],
            [
              -42.57753607810197,
              -19.48012360736305,
              1
            ],
            [
              -42.5773464579358,
              -19.48014055734962,
              1
            ],
            [
              -42.57730340797136,
              -19.48002274911091,
              1
            ],
            [
              -42.57719302152925,
              -19.48005318671913,
              1
            ],
            [
              -42.57716753077648,
              -19.48013190947598,
              1
            ],
            [
              -42.57716432388504,
              -19.48023419842987,
              1
            ],
            [
              -42.57725155517587,
              -19.48034054130037,
              1
            ],
            [
              -42.57718141550539,
              -19.48042795567902,
              1
            ],
            [
              -42.57711836302698,
              -19.48042481806663,
              1
            ],
            [
              -42.57702318780197,
              -19.48023173496041,
              1
            ],
            [
              -42.57700304652703,
              -19.48001837525302,
              1
            ],
            [
              -42.57716211733429,
              -19.47976569559273,
              1
            ],
            [
              -42.57735858072751,
              -19.47950324000665,
              1
            ],
            [
              -42.57757984250922,
              -19.47973121957405,
              1
            ],
            [
              -42.57765692560222,
              -19.47968524781654,
              1
            ],
            [
              -42.57778114573387,
              -19.47953545745821,
              1
            ],
            [
              -42.57769870009525,
              -19.4794650759802,
              1
            ],
            [
              -42.57789233871286,
              -19.47927188610974,
              1
            ],
            [
              -42.57817758730526,
              -19.47941690555755,
              1
            ]
          ]
        ]
      },
      "properties": {
        "name": "CENARIO 23-3",
        "styleUrl": "#__managed_style_0C554000C93BEDCFBFDB",
        "styleMapHash": {
          "normal": "#__managed_style_18876357E03BEDCFBFDB",
          "highlight": "#__managed_style_273FC369F13BEDCFBFDB"
        }
      },
      "id": "5727CE0592000058"
    },
    {
      "type": "Feature",
      "geometry": {
        "type": "Polygon",
        "coordinates": [
          [
            [
              -42.57817652864405,
              -19.48114183285692,
              0
            ],
            [
              -42.57820018566185,
              -19.48200557983253,
              0
            ],
            [
              -42.57560607813488,
              -19.48258657254937,
              0
            ],
            [
              -42.57556928631646,
              -19.48239966915007,
              0
            ],
            [
              -42.57597607647915,
              -19.4820335506969,
              0
            ],
            [
              -42.57627181287934,
              -19.48199895426317,
              0
            ],
            [
              -42.57602637963094,
              -19.48155705695471,
              0
            ],
            [
              -42.57619031257253,
              -19.4809062465733,
              0
            ],
            [
              -42.57675379613796,
              -19.48143040945435,
              0
            ],
            [
              -42.57709437624367,
              -19.48132218167507,
              0
            ],
            [
              -42.57742174807109,
              -19.48146093711311,
              0
            ],
            [
              -42.57772706464887,
              -19.48108335408692,
              0
            ],
            [
              -42.57817652864405,
              -19.48114183285692,
              0
            ]
          ]
        ]
      },
      "properties": {
        "name": "CENARIO 23-4",
        "styleUrl": "#__managed_style_30F84B542F3BEDCFBF9C",
        "styleMapHash": {
          "normal": "#__managed_style_4BB088C9B63BEDCFBF9C",
          "highlight": "#__managed_style_5BC47251923BEDCFBF9C"
        }
      },
      "id": "02FB63E81D3A6FFF4E68"
    },
    {
      "type": "Feature",
      "geometry": {
        "type": "Polygon",
        "coordinates": [
          [
            [
              -42.57666050465087,
              -19.4761170662547,
              0
            ],
            [
              -42.57661082509884,
              -19.47609965456446,
              0
            ],
            [
              -42.57657417728871,
              -19.4761934091193,
              0
            ],
            [
              -42.57643588465001,
              -19.47638828096786,
              0
            ],
            [
              -42.57632482400395,
              -19.47652894405674,
              0
            ],
            [
              -42.57625919375762,
              -19.47664107332043,
              0
            ],
            [
              -42.57614904970509,
              -19.47668392394062,
              0
            ],
            [
              -42.57600720466339,
              -19.4768231111628,
              0
            ],
            [
              -42.5758572957103,
              -19.47688481081803,
              0
            ],
            [
              -42.57544473429267,
              -19.47739788770349,
              0
            ],
            [
              -42.57469035169026,
              -19.47812169121449,
              0
            ],
            [
              -42.57450047080413,
              -19.47831941554668,
              0
            ],
            [
              -42.57420156419535,
              -19.47805825449423,
              0
            ],
            [
              -42.57416504612394,
              -19.47795757202091,
              0
            ],
            [
              -42.57408824379766,
              -19.47788394185462,
              0
            ],
            [
              -42.5740922281724,
              -19.4778180062353,
              0
            ],
            [
              -42.57425287407128,
              -19.47771191148318,
              0
            ],
            [
              -42.5744319754781,
              -19.47749864552872,
              0
            ],
            [
              -42.57439190807478,
              -19.47736290695108,
              0
            ],
            [
              -42.57452366572149,
              -19.47715179901092,
              0
            ],
            [
              -42.57465025392549,
              -19.47702198258934,
              0
            ],
            [
              -42.57476062566597,
              -19.47714013923644,
              0
            ],
            [
              -42.57487711370556,
              -19.47711281508458,
              0
            ],
            [
              -42.57506372802012,
              -19.47696167898515,
              0
            ],
            [
              -42.57523963937678,
              -19.4767919778121,
              0
            ],
            [
              -42.57535204855322,
              -19.47694243800237,
              0
            ],
            [
              -42.57550087849916,
              -19.47676182292472,
              0
            ],
            [
              -42.57563424911943,
              -19.4765725608725,
              0
            ],
            [
              -42.57570937836693,
              -19.47663718143202,
              0
            ],
            [
              -42.57577493290299,
              -19.47672778299831,
              0
            ],
            [
              -42.57582835816265,
              -19.47681947650746,
              0
            ],
            [
              -42.57598345461402,
              -19.47676756592421,
              0
            ],
            [
              -42.57609826598381,
              -19.47662748505322,
              0
            ],
            [
              -42.5762014882074,
              -19.47659966712573,
              0
            ],
            [
              -42.57626505580122,
              -19.47649870040277,
              0
            ],
            [
              -42.57632959779918,
              -19.47636119524046,
              0
            ],
            [
              -42.57620665211815,
              -19.476207910887,
              0
            ],
            [
              -42.57623463503043,
              -19.4761568346489,
              0
            ],
            [
              -42.57627401077885,
              -19.4761488545248,
              0
            ],
            [
              -42.57632131146655,
              -19.4760381423222,
              0
            ],
            [
              -42.57629393189414,
              -19.47598640881202,
              0
            ],
            [
              -42.57631462306603,
              -19.47590477134623,
              0
            ],
            [
              -42.57643177428609,
              -19.47588299003856,
              0
            ],
            [
              -42.5765222935152,
              -19.47584070021513,
              0
            ],
            [
              -42.57670918298501,
              -19.47588446923189,
              0
            ],
            [
              -42.57666050465087,
              -19.4761170662547,
              0
            ]
          ]
        ]
      },
      "properties": {
        "name": "CENÁRIO 23-5",
        "styleUrl": "#__managed_style_30F84B542F3BEDCFBF9C",
        "styleMapHash": {
          "normal": "#__managed_style_4BB088C9B63BEDCFBF9C",
          "highlight": "#__managed_style_5BC47251923BEDCFBF9C"
        }
      },
      "id": "0673F50D023B6BAE92C0"
    },
    {
      "type": "Feature",
      "geometry": {
        "type": "Polygon",
        "coordinates": [
          [
            [
              -42.57410323112461,
              -19.47886240742573,
              0
            ],
            [
              -42.57381893696661,
              -19.47866197989127,
              0
            ],
            [
              -42.57392385913101,
              -19.47840588946083,
              0
            ],
            [
              -42.57414339278223,
              -19.47812056650575,
              0
            ],
            [
              -42.57402891323518,
              -19.47794627850254,
              0
            ],
            [
              -42.5739180114591,
              -19.47805368498564,
              0
            ],
            [
              -42.57325718981734,
              -19.47918029592155,
              0
            ],
            [
              -42.57304691587565,
              -19.4793810961254,
              0
            ],
            [
              -42.57286470587943,
              -19.47917476767656,
              0
            ],
            [
              -42.57275895923695,
              -19.47917184671582,
              0
            ],
            [
              -42.57262571878431,
              -19.47927949309096,
              0
            ],
            [
              -42.57222043452165,
              -19.47968462762966,
              0
            ],
            [
              -42.57194646673037,
              -19.47988435027332,
              0
            ],
            [
              -42.57179057557452,
              -19.47973822692396,
              0
            ],
            [
              -42.57191485118278,
              -19.47948156879803,
              0
            ],
            [
              -42.57202427232215,
              -19.47935463746425,
              0
            ],
            [
              -42.57218765160894,
              -19.47925675307754,
              0
            ],
            [
              -42.57252540589332,
              -19.47902379486534,
              0
            ],
            [
              -42.572579945965,
              -19.4789289012419,
              0
            ],
            [
              -42.57269778168707,
              -19.47883244403112,
              0
            ],
            [
              -42.57277348859712,
              -19.47870906582035,
              0
            ],
            [
              -42.5729140298557,
              -19.47861575159537,
              0
            ],
            [
              -42.57301747322418,
              -19.47845969703403,
              0
            ],
            [
              -42.57328559518729,
              -19.47819081999277,
              0
            ],
            [
              -42.57356296639959,
              -19.4779257065338,
              0
            ],
            [
              -42.57387379469959,
              -19.47773424696204,
              0
            ],
            [
              -42.5739843343929,
              -19.47771848897459,
              0
            ],
            [
              -42.57407770887321,
              -19.47780247778933,
              0
            ],
            [
              -42.57408642284873,
              -19.47790284453649,
              0
            ],
            [
              -42.57419268852413,
              -19.47806807776891,
              0
            ],
            [
              -42.5744826279583,
              -19.47834178302675,
              0
            ],
            [
              -42.57410323112461,
              -19.47886240742573,
              0
            ]
          ]
        ]
      },
      "properties": {
        "name": "CENÁRIO 23-6",
        "styleUrl": "#__managed_style_30F84B542F3BEDCFBF9C",
        "styleMapHash": {
          "normal": "#__managed_style_4BB088C9B63BEDCFBF9C",
          "highlight": "#__managed_style_5BC47251923BEDCFBF9C"
        }
      },
      "id": "0F4507E8D23B6BCEF7C0"
    },
    {
      "type": "Feature",
      "geometry": {
        "type": "Polygon",
        "coordinates": [
          [
            [
              -42.57646126424031,
              -19.45571422168096,
              0
            ],
            [
              -42.57653843751742,
              -19.45581573514717,
              0
            ],
            [
              -42.57644883442536,
              -19.45590453993403,
              0
            ],
            [
              -42.5763608171095,
              -19.45596135368622,
              0
            ],
            [
              -42.57635296476332,
              -19.45609868296056,
              0
            ],
            [
              -42.57644838217243,
              -19.45623680977672,
              0
            ],
            [
              -42.57655304823118,
              -19.4562965073336,
              0
            ],
            [
              -42.57662871087606,
              -19.45640896240929,
              0
            ],
            [
              -42.57668006303024,
              -19.45646007288774,
              0
            ],
            [
              -42.57677052333629,
              -19.45656589573132,
              0
            ],
            [
              -42.5768283772362,
              -19.45665691626949,
              0
            ],
            [
              -42.57687381318578,
              -19.45672644876661,
              0
            ],
            [
              -42.57695156634448,
              -19.45688957239618,
              0
            ],
            [
              -42.57703752387628,
              -19.45696326212149,
              0
            ],
            [
              -42.57712317518863,
              -19.45698982754266,
              0
            ],
            [
              -42.57721802584383,
              -19.45703300348129,
              0
            ],
            [
              -42.57732958252216,
              -19.45710625290123,
              0
            ],
            [
              -42.57744086645175,
              -19.4571572192813,
              0
            ],
            [
              -42.57750609201626,
              -19.45715868614711,
              0
            ],
            [
              -42.57753690617437,
              -19.45710052262761,
              0
            ],
            [
              -42.57761663601679,
              -19.4571002220368,
              0
            ],
            [
              -42.57766084948269,
              -19.45712044697927,
              0
            ],
            [
              -42.57760884892729,
              -19.45724437990311,
              0
            ],
            [
              -42.57769083681219,
              -19.45731072844469,
              0
            ],
            [
              -42.57782089390013,
              -19.45739339621414,
              0
            ],
            [
              -42.57790957367991,
              -19.45744085065746,
              0
            ],
            [
              -42.57804412238129,
              -19.45764835596972,
              0
            ],
            [
              -42.57805239838484,
              -19.45780587524742,
              0
            ],
            [
              -42.57803479704781,
              -19.45791268370916,
              0
            ],
            [
              -42.57804798427556,
              -19.45803424108751,
              0
            ],
            [
              -42.57814835237183,
              -19.45814654611003,
              0
            ],
            [
              -42.57807117382674,
              -19.4583493874594,
              0
            ],
            [
              -42.57789645289628,
              -19.45838418557302,
              0
            ],
            [
              -42.57768505968561,
              -19.45858958226771,
              0
            ],
            [
              -42.57753452349121,
              -19.45853503581559,
              0
            ],
            [
              -42.57781283365817,
              -19.45814692465095,
              0
            ],
            [
              -42.57783339263145,
              -19.45800680776853,
              0
            ],
            [
              -42.57779332942365,
              -19.45778343944754,
              0
            ],
            [
              -42.57775783384738,
              -19.45764771919468,
              0
            ],
            [
              -42.57759850726694,
              -19.45753449153329,
              0
            ],
            [
              -42.57746785936956,
              -19.45747228894032,
              0
            ],
            [
              -42.57726758610522,
              -19.4574774420029,
              0
            ],
            [
              -42.57692850159059,
              -19.45747282515084,
              0
            ],
            [
              -42.57675271779294,
              -19.45744306446289,
              0
            ],
            [
              -42.57663771612481,
              -19.45733884421211,
              0
            ],
            [
              -42.57654327449936,
              -19.45716898947312,
              0
            ],
            [
              -42.57666575376902,
              -19.45710730756277,
              0
            ],
            [
              -42.57662050809913,
              -19.45702081646556,
              0
            ],
            [
              -42.57647695089943,
              -19.45678675627304,
              0
            ],
            [
              -42.57642310911447,
              -19.45659315472755,
              0
            ],
            [
              -42.57635425521414,
              -19.45644257921565,
              0
            ],
            [
              -42.57629814603565,
              -19.45629146779256,
              0
            ],
            [
              -42.57624601971521,
              -19.45619539546342,
              0
            ],
            [
              -42.57617501267342,
              -19.45606994811809,
              0
            ],
            [
              -42.57621867494565,
              -19.45592797341962,
              0
            ],
            [
              -42.57646126424031,
              -19.45571422168096,
              0
            ]
          ]
        ]
      },
      "properties": {
        "name": "CENARIO 24-1",
        "styleUrl": "#__managed_style_3004C684E43BEDCFBFD8",
        "styleMapHash": {
          "normal": "#__managed_style_4B76FC9D433BEDCFBFD8",
          "highlight": "#__managed_style_0857125D313BEDCFBFD9"
        }
      },
      "id": "5727CE059100000C"
    },
    {
      "type": "Feature",
      "geometry": {
        "type": "Polygon",
        "coordinates": [
          [
            [
              -42.57647896814028,
              -19.4616878842801,
              0
            ],
            [
              -42.57658426632332,
              -19.46169417783251,
              0
            ],
            [
              -42.57669691478438,
              -19.46155359744777,
              0
            ],
            [
              -42.57671563643839,
              -19.46145260279012,
              0
            ],
            [
              -42.57676222217285,
              -19.46139296232606,
              0
            ],
            [
              -42.57681304038064,
              -19.46138645807984,
              0
            ],
            [
              -42.57678999674245,
              -19.4611927755171,
              0
            ],
            [
              -42.57694441493842,
              -19.46119526335816,
              0
            ],
            [
              -42.57708517602073,
              -19.46124846094747,
              0
            ],
            [
              -42.57719645049716,
              -19.46132354003158,
              0
            ],
            [
              -42.57730918390355,
              -19.4614343281336,
              0
            ],
            [
              -42.5773908987296,
              -19.46152891980031,
              0
            ],
            [
              -42.57740251457685,
              -19.46163209634175,
              0
            ],
            [
              -42.57737666357958,
              -19.46175489810304,
              0
            ],
            [
              -42.57730516514198,
              -19.46194347891826,
              0
            ],
            [
              -42.57718870173113,
              -19.46211269940774,
              0
            ],
            [
              -42.57709144789578,
              -19.46226432897458,
              0
            ],
            [
              -42.57695858757847,
              -19.46242593896149,
              0
            ],
            [
              -42.57680031191735,
              -19.46245796307207,
              0
            ],
            [
              -42.57663537869222,
              -19.46247671579506,
              0
            ],
            [
              -42.57635937781796,
              -19.46241922026992,
              0
            ],
            [
              -42.57615991109612,
              -19.4623562674885,
              0
            ],
            [
              -42.57599422741755,
              -19.46231279081889,
              0
            ],
            [
              -42.57589791217672,
              -19.46237611607621,
              0
            ],
            [
              -42.57577328409148,
              -19.46249726407669,
              0
            ],
            [
              -42.57557090116093,
              -19.46238053918968,
              0
            ],
            [
              -42.57572203111053,
              -19.46224418578974,
              0
            ],
            [
              -42.57580999688235,
              -19.46228193372511,
              0
            ],
            [
              -42.57592608841549,
              -19.46212167073442,
              0
            ],
            [
              -42.57604563814461,
              -19.46194705521097,
              0
            ],
            [
              -42.57623969350745,
              -19.46187057226241,
              0
            ],
            [
              -42.57647896814028,
              -19.4616878842801,
              0
            ]
          ]
        ]
      },
      "properties": {
        "name": "CENARIO 24-3",
        "styleUrl": "#__managed_style_0C554000C93BEDCFBFDB",
        "styleMapHash": {
          "normal": "#__managed_style_18876357E03BEDCFBFDB",
          "highlight": "#__managed_style_273FC369F13BEDCFBFDB"
        }
      },
      "id": "5727CE059200003F"
    },
    {
      "type": "Feature",
      "geometry": {
        "type": "Polygon",
        "coordinates": [
          [
            [
              -42.57628799398338,
              -19.4607580215988,
              0
            ],
            [
              -42.57622571280053,
              -19.4608239182655,
              0
            ],
            [
              -42.57612547143877,
              -19.46079943279351,
              0
            ],
            [
              -42.57600151866502,
              -19.46071511609744,
              0
            ],
            [
              -42.57604556916235,
              -19.46062543875986,
              0
            ],
            [
              -42.57615193940578,
              -19.4604903179615,
              0
            ],
            [
              -42.57630715686261,
              -19.46049483608679,
              0
            ],
            [
              -42.57636555786554,
              -19.46037966127951,
              0
            ],
            [
              -42.57640189036682,
              -19.46032952494332,
              0
            ],
            [
              -42.57625762245345,
              -19.46021035644252,
              0
            ],
            [
              -42.57630350580036,
              -19.45976163821485,
              0
            ],
            [
              -42.57647640686508,
              -19.45977107643929,
              0
            ],
            [
              -42.57651964798677,
              -19.46004581576962,
              0
            ],
            [
              -42.57654861129762,
              -19.46019112815435,
              0
            ],
            [
              -42.57652026449269,
              -19.46041778319563,
              0
            ],
            [
              -42.57640099305885,
              -19.46062347623329,
              0
            ],
            [
              -42.57628799398338,
              -19.4607580215988,
              0
            ]
          ]
        ]
      },
      "properties": {
        "name": "CENARIO 24-4",
        "styleUrl": "#__managed_style_0C554000C93BEDCFBFDB",
        "styleMapHash": {
          "normal": "#__managed_style_18876357E03BEDCFBFDB",
          "highlight": "#__managed_style_273FC369F13BEDCFBFDB"
        }
      },
      "id": "5727CE0592000040"
    },
    {
      "type": "Feature",
      "geometry": {
        "type": "Polygon",
        "coordinates": [
          [
            [
              -42.57335612283478,
              -19.46065356525258,
              0
            ],
            [
              -42.57367344693028,
              -19.46119592223755,
              0
            ],
            [
              -42.57297105962142,
              -19.46169543616958,
              0
            ],
            [
              -42.57252156458008,
              -19.46201760700556,
              0
            ],
            [
              -42.5724275435902,
              -19.46205417031477,
              0
            ],
            [
              -42.57234305914685,
              -19.46209009748925,
              0
            ],
            [
              -42.57223817866245,
              -19.46213319566875,
              0
            ],
            [
              -42.57223001953962,
              -19.4621441583387,
              0
            ],
            [
              -42.57190183782016,
              -19.46165037146477,
              0
            ],
            [
              -42.57335612283478,
              -19.46065356525258,
              0
            ]
          ]
        ]
      },
      "properties": {
        "name": "CENARIO 24-6",
        "styleUrl": "#__managed_style_30F84B542F3BEDCFBF9C",
        "styleMapHash": {
          "normal": "#__managed_style_4BB088C9B63BEDCFBF9C",
          "highlight": "#__managed_style_5BC47251923BEDCFBF9C"
        }
      },
      "id": "048489A3EF3A5FB62826"
    },
    {
      "type": "Feature",
      "geometry": {
        "type": "Polygon",
        "coordinates": [
          [
            [
              -42.55655557367687,
              -19.46552996264332,
              0
            ],
            [
              -42.55660488884554,
              -19.4656024874042,
              0
            ],
            [
              -42.5566234567462,
              -19.46578816662514,
              0
            ],
            [
              -42.55653895441641,
              -19.46593061002097,
              0
            ],
            [
              -42.55644844688849,
              -19.46606345538789,
              0
            ],
            [
              -42.55637303667141,
              -19.46617561403026,
              0
            ],
            [
              -42.55626584774176,
              -19.46620108095289,
              0
            ],
            [
              -42.55620682793265,
              -19.46618184039781,
              0
            ],
            [
              -42.55613294221772,
              -19.4661642314415,
              0
            ],
            [
              -42.55606067314216,
              -19.46617569749143,
              0
            ],
            [
              -42.55598422565969,
              -19.46623062546755,
              0
            ],
            [
              -42.55592233816169,
              -19.46623029583959,
              0
            ],
            [
              -42.55582584400091,
              -19.46625341666222,
              0
            ],
            [
              -42.55579949795092,
              -19.46637253699721,
              0
            ],
            [
              -42.55566836295049,
              -19.46636183839751,
              0
            ],
            [
              -42.55560964962683,
              -19.46635432100028,
              0
            ],
            [
              -42.55555154195308,
              -19.46635386696477,
              0
            ],
            [
              -42.55552007902517,
              -19.46632766131371,
              0
            ],
            [
              -42.55552202027972,
              -19.46638084989534,
              0
            ],
            [
              -42.55546711450472,
              -19.46643139364542,
              0
            ],
            [
              -42.55546960875334,
              -19.46648714760976,
              0
            ],
            [
              -42.55548051171382,
              -19.466555580212,
              0
            ],
            [
              -42.55554786197261,
              -19.46659513504322,
              0
            ],
            [
              -42.55621027165014,
              -19.46658162873552,
              0
            ],
            [
              -42.55633714393845,
              -19.46669629584738,
              0
            ],
            [
              -42.55627739978602,
              -19.46698766840381,
              0
            ],
            [
              -42.55614442895727,
              -19.46705948969997,
              0
            ],
            [
              -42.55604759157187,
              -19.46709706656939,
              0
            ],
            [
              -42.555908124872,
              -19.46715282723164,
              0
            ],
            [
              -42.55574191312493,
              -19.46717080207755,
              0
            ],
            [
              -42.5556269035983,
              -19.46705421113769,
              0
            ],
            [
              -42.55555903167728,
              -19.46690164468913,
              0
            ],
            [
              -42.55545838752377,
              -19.46670315923792,
              0
            ],
            [
              -42.55540657290668,
              -19.4665462822184,
              0
            ],
            [
              -42.55533651442255,
              -19.46639824639731,
              0
            ],
            [
              -42.55520356361195,
              -19.46615977468072,
              0
            ],
            [
              -42.55518246151091,
              -19.46607070825111,
              0
            ],
            [
              -42.55527398319055,
              -19.46602934962438,
              0
            ],
            [
              -42.55530200437203,
              -19.46599514415169,
              0
            ],
            [
              -42.55534139863293,
              -19.46596022338547,
              0
            ],
            [
              -42.55538226894535,
              -19.46588886627388,
              0
            ],
            [
              -42.55543391765375,
              -19.46586393293591,
              0
            ],
            [
              -42.55550092242981,
              -19.46583799786581,
              0
            ],
            [
              -42.55554117438701,
              -19.46581001568376,
              0
            ],
            [
              -42.55555703511216,
              -19.46575808655192,
              0
            ],
            [
              -42.55557533007725,
              -19.46568419669141,
              0
            ],
            [
              -42.55563815633914,
              -19.46564050720392,
              0
            ],
            [
              -42.55574442060647,
              -19.46561242328649,
              0
            ],
            [
              -42.55579828325572,
              -19.46549316172835,
              0
            ],
            [
              -42.55585108180029,
              -19.46535971621292,
              0
            ],
            [
              -42.55593588844362,
              -19.46524631238329,
              0
            ],
            [
              -42.5560691837316,
              -19.46528176840252,
              0
            ],
            [
              -42.55620822083174,
              -19.46528800118291,
              0
            ],
            [
              -42.55633660102735,
              -19.46532137803419,
              0
            ],
            [
              -42.55641841840961,
              -19.46534987874975,
              0
            ],
            [
              -42.55653442734266,
              -19.46538379865433,
              0
            ],
            [
              -42.55655557367687,
              -19.46552996264332,
              0
            ]
          ]
        ]
      },
      "properties": {
        "name": "CENARIO 25-1",
        "styleUrl": "#__managed_style_0C554000C93BEDCFBFDB",
        "styleMapHash": {
          "normal": "#__managed_style_18876357E03BEDCFBFDB",
          "highlight": "#__managed_style_273FC369F13BEDCFBFDB"
        }
      },
      "id": "5727CE0592000053"
    },
    {
      "type": "Feature",
      "geometry": {
        "type": "Polygon",
        "coordinates": [
          [
            [
              -42.56785217556656,
              -19.47497748584308,
              0
            ],
            [
              -42.56832512079269,
              -19.4752045163564,
              0
            ],
            [
              -42.56784079390419,
              -19.47657401492416,
              0
            ],
            [
              -42.56761745903465,
              -19.47679767299053,
              0
            ],
            [
              -42.56794901298191,
              -19.47716019084888,
              0
            ],
            [
              -42.56792961124522,
              -19.47729969000039,
              0
            ],
            [
              -42.56755783562232,
              -19.47746204999738,
              0
            ],
            [
              -42.56712659441217,
              -19.47745863683478,
              0
            ],
            [
              -42.56672728296408,
              -19.47728698585537,
              0
            ],
            [
              -42.56785217556656,
              -19.47497748584308,
              0
            ]
          ]
        ]
      },
      "properties": {
        "name": "CENARIO 26-1",
        "styleUrl": "#__managed_style_30F84B542F3BEDCFBF9C",
        "styleMapHash": {
          "normal": "#__managed_style_4BB088C9B63BEDCFBF9C",
          "highlight": "#__managed_style_5BC47251923BEDCFBF9C"
        }
      },
      "id": "089499AA7D3A5FB1FD4C"
    }
  ]
}