{
  "type": "FeatureCollection",
  "features": [
    {
      "type": "Feature",
      "geometry": {
        "type": "Polygon",
        "coordinates": [
          [
            [
              -43.34418324010573,
              -21.79648840221805
            ],
            [
              -43.34455848072752,
              -21.79623406458713
            ],
            [
              -43.34481039347072,
              -21.7960172549166
            ],
            [
              -43.34497298372765,
              -21.79585661163885
            ],
            [
              -43.34512784354838,
              -21.7956539414052
            ],
            [
              -43.34518408764722,
              -21.79546144762428
            ],
            [
              -43.345315940734,
              -21.79515832802061
            ],
            [
              -43.34560180610212,
              -21.79456526858066
            ],
            [
              -43.34589307646344,
              -21.79404167660214
            ],
            [
              -43.34603475396043,
              -21.79378855125014
            ],
            [
              -43.34647447564256,
              -21.79402360374492
            ],
            [
              -43.34647288695555,
              -21.7941295094038
            ],
            [
              -43.34640575366259,
              -21.79427918672404
            ],
            [
              -43.3462274477587,
              -21.794580504705
            ],
            [
              -43.34611313808064,
              -21.79476640497921
            ],
            [
              -43.34605841424224,
              -21.7948112684095
            ],
            [
              -43.34588190206431,
              -21.79513615585135
            ],
            [
              -43.34570397586187,
              -21.79535603044939
            ],
            [
              -43.34554524412164,
              -21.79571473444921
            ],
            [
              -43.34511464333952,
              -21.79633954268896
            ],
            [
              -43.34485114719702,
              -21.79668901408461
            ],
            [
              -43.34453001147862,
              -21.79689483074664
            ],
            [
              -43.34415492409082,
              -21.79697916959434
            ],
            [
              -43.34382436466824,
              -21.79700035674572
            ],
            [
              -43.34381097740685,
              -21.79663207211131
            ],
            [
              -43.34418324010573,
              -21.79648840221805
            ]
          ]
        ]
      },
      "properties": {
        "LOCAL": "Rua Manoel Moreira Moraes",
        "DATA_SETOR": "Outubro de 2017",
        "NUM_SETOR": "MG_JUIZDEF_SR_1_CPRM",
        "TIPOLO_G1": "Deslizamento",
        "TIPOLO_E1": "Deslizamento planar",
        "COBRADE_01": "1.1.3.2.1",
        "TIPOLO_G2": "",
        "TIPOLO_E2": "",
        "COBRADE_02": "",
        "TIPOLO_G3": "",
        "TIPOLO_E3": "",
        "COBRADE_03": "",
        "TIPOLO_G4": "",
        "TIPOLO_E4": "",
        "COBRADE_04": "",
        "TIPOLO_G5": "",
        "TIPOLO_E5": "",
        "COBRADE_05": "",
        "SITUACAO": "Instalado",
        "DESCRICAO": "Ocupaçoes em encosta de alto aclive por meio de corte verticalizado e aterro com historicos de deslizamentos.",
        "NUM_EDIF": "45",
        "NUM_PESS": "180",
        "OBS_OCUP": "Casas de Alvenaria",
        "GRAU_VULNE": "Alto",
        "GRAU_RISCO": "Muito alto",
        "SUG_INTERV": "Estudo Geotecnico para avaliação de obras de contenção, implantação de sistemas de drenagem, monitoramento.",
        "ORGAO_EXEC": "CPRM",
        "PROJETO": "Setorização de Áreas em Alto e Muito Alto Risco a Movimentos de Massa, Enchentes e Inundações",
        "UTME": "71100.47",
        "UTMN": "7588830.37",
        "ZONA": "23",
        "Shape_Leng": "954,477227"
      }
    },
    {
      "type": "Feature",
      "geometry": {
        "type": "Polygon",
        "coordinates": [
          [
            [
              -43.34154488679324,
              -21.79703826481018
            ],
            [
              -43.34143923072868,
              -21.79716250439654
            ],
            [
              -43.34132838918723,
              -21.79724445173848
            ],
            [
              -43.34131496448518,
              -21.79725083082927
            ],
            [
              -43.34129898330344,
              -21.79725522429628
            ],
            [
              -43.34129692068051,
              -21.79725780480794
            ],
            [
              -43.34111602989425,
              -21.79731352132158
            ],
            [
              -43.34110482608408,
              -21.79731726457295
            ],
            [
              -43.34090544352693,
              -21.79733528059982
            ],
            [
              -43.34089836008166,
              -21.79733873826401
            ],
            [
              -43.34079210383517,
              -21.79731559034388
            ],
            [
              -43.34077853610039,
              -21.79731104190843
            ],
            [
              -43.3407629177121,
              -21.79730912557911
            ],
            [
              -43.34065617577912,
              -21.7972816319024
            ],
            [
              -43.34064062589884,
              -21.79727972979804
            ],
            [
              -43.34062996879046,
              -21.7972769835779
            ],
            [
              -43.34062130632461,
              -21.79727159836665
            ],
            [
              -43.34060866226962,
              -21.79727149482575
            ],
            [
              -43.34043089263708,
              -21.79724976700953
            ],
            [
              -43.3404136061264,
              -21.79725052272202
            ],
            [
              -43.34040113215557,
              -21.79725043080945
            ],
            [
              -43.34039345427502,
              -21.79724949201084
            ],
            [
              -43.34022406940288,
              -21.79725364820305
            ],
            [
              -43.34020690630526,
              -21.7972546047417
            ],
            [
              -43.34019159461303,
              -21.79725293169278
            ],
            [
              -43.34018868029988,
              -21.79725119896755
            ],
            [
              -43.34000569702295,
              -21.79721368813179
            ],
            [
              -43.33999798147306,
              -21.79721308131497
            ],
            [
              -43.33977080117554,
              -21.79713581144682
            ],
            [
              -43.339757387848,
              -21.79713188407878
            ],
            [
              -43.33974691163998,
              -21.79712963999549
            ],
            [
              -43.33946005946205,
              -21.7969828348047
            ],
            [
              -43.33944569802277,
              -21.79697415516535
            ],
            [
              -43.33922285136145,
              -21.79683839521345
            ],
            [
              -43.33914647615393,
              -21.79666089407895
            ],
            [
              -43.33910013434966,
              -21.79644311763827
            ],
            [
              -43.3391010098896,
              -21.79642799238376
            ],
            [
              -43.3390983741275,
              -21.79641862676912
            ],
            [
              -43.3391111390236,
              -21.79606311739122
            ],
            [
              -43.33921966539813,
              -21.79590676142272
            ],
            [
              -43.33922342524334,
              -21.79590032958567
            ],
            [
              -43.33930820394261,
              -21.79580067085805
            ],
            [
              -43.33938652069583,
              -21.79566413619686
            ],
            [
              -43.33939084652143,
              -21.79565659368662
            ],
            [
              -43.33942994823978,
              -21.79557259514089
            ],
            [
              -43.33949335410944,
              -21.79550483300125
            ],
            [
              -43.34000686268278,
              -21.79584251363895
            ],
            [
              -43.34020568718559,
              -21.79620938469833
            ],
            [
              -43.340507934646,
              -21.7963493668944
            ],
            [
              -43.34083776153438,
              -21.79646178436104
            ],
            [
              -43.34129191689932,
              -21.79662755460268
            ],
            [
              -43.34143625976522,
              -21.79675776192507
            ],
            [
              -43.34153751191754,
              -21.79689985979245
            ],
            [
              -43.34154488679324,
              -21.79703826481018
            ]
          ]
        ]
      },
      "properties": {
        "LOCAL": "Avenida Santa Luzia",
        "DATA_SETOR": "Outubro de 2017",
        "NUM_SETOR": "MG_JUIZDEF_SR_2_CPRM",
        "TIPOLO_G1": "Deslizamento",
        "TIPOLO_E1": "Deslizamento planar",
        "COBRADE_01": "1.1.3.2.1",
        "TIPOLO_G2": "",
        "TIPOLO_E2": "",
        "COBRADE_02": "",
        "TIPOLO_G3": "",
        "TIPOLO_E3": "",
        "COBRADE_03": "",
        "TIPOLO_G4": "",
        "TIPOLO_E4": "",
        "COBRADE_04": "",
        "TIPOLO_G5": "",
        "TIPOLO_E5": "",
        "COBRADE_05": "",
        "SITUACAO": "Instalado",
        "DESCRICAO": "Ocupaçoes em encosta de alto aclive por meio de corte verticalizado e aterro com historicos de deslizamentos.",
        "NUM_EDIF": "30",
        "NUM_PESS": "120",
        "OBS_OCUP": "Casas de Alvenaria",
        "GRAU_VULNE": "Alto",
        "GRAU_RISCO": "Muito alto",
        "SUG_INTERV": "Estudo Geotecnico para avaliação de obras de contenção, implantação de sistemas de drenagem, monitoramento.",
        "ORGAO_EXEC": "CPRM",
        "PROJETO": "Setorização de Áreas em Alto e Muito Alto Risco a Movimentos de Massa, Enchentes e Inundações",
        "UTME": "671616.71",
        "UTMN": "7588802.97",
        "ZONA": "23",
        "Shape_Leng": "712,518554"
      }
    },
    {
      "type": "Feature",
      "geometry": {
        "type": "Polygon",
        "coordinates": [
          [
            [
              -43.34353672894778,
              -21.79230663928617
            ],
            [
              -43.34382998111221,
              -21.79245779970059
            ],
            [
              -43.34370132475789,
              -21.7927845906899
            ],
            [
              -43.34351139971654,
              -21.79310827164809
            ],
            [
              -43.34321739179592,
              -21.79365551276765
            ],
            [
              -43.34269255270598,
              -21.7944696609256
            ],
            [
              -43.34243247566855,
              -21.79487416689888
            ],
            [
              -43.34185516566834,
              -21.7952490109082
            ],
            [
              -43.34159315769127,
              -21.795311024754
            ],
            [
              -43.34129265677964,
              -21.79531259225733
            ],
            [
              -43.34086951274958,
              -21.79528820226103
            ],
            [
              -43.34053663112603,
              -21.79522778330151
            ],
            [
              -43.34018548380728,
              -21.79517702415975
            ],
            [
              -43.33993042514401,
              -21.79506361016206
            ],
            [
              -43.33976899529191,
              -21.79484344164638
            ],
            [
              -43.33961284185702,
              -21.79454318304848
            ],
            [
              -43.33937301774625,
              -21.79420766038482
            ],
            [
              -43.33916988161685,
              -21.79413603820663
            ],
            [
              -43.33887676522045,
              -21.79427426699023
            ],
            [
              -43.3386885088939,
              -21.79446118018622
            ],
            [
              -43.33842151775995,
              -21.79501378093767
            ],
            [
              -43.33815878487025,
              -21.79520641210875
            ],
            [
              -43.33791826295516,
              -21.79522459786824
            ],
            [
              -43.33763509768598,
              -21.79528085673544
            ],
            [
              -43.33768402389844,
              -21.79467199122631
            ],
            [
              -43.33755360409786,
              -21.79380696021901
            ],
            [
              -43.3381363447681,
              -21.79279693411461
            ],
            [
              -43.33837743760208,
              -21.79299448616852
            ],
            [
              -43.33896665377495,
              -21.79298170078984
            ],
            [
              -43.33956440276511,
              -21.79297377881394
            ],
            [
              -43.34001411040325,
              -21.79297838670081
            ],
            [
              -43.34026702507506,
              -21.79306151614141
            ],
            [
              -43.34058421892886,
              -21.79320466205012
            ],
            [
              -43.34092333380498,
              -21.79339635974266
            ],
            [
              -43.34127576052948,
              -21.79347358206993
            ],
            [
              -43.34167858857445,
              -21.79342197629943
            ],
            [
              -43.34167686285914,
              -21.79341629679355
            ],
            [
              -43.34198324256179,
              -21.7930325019422
            ],
            [
              -43.34233104178016,
              -21.79272493424522
            ],
            [
              -43.34279212333622,
              -21.79258633186491
            ],
            [
              -43.34322562236888,
              -21.79259576758187
            ],
            [
              -43.34325135361802,
              -21.79261742072734
            ],
            [
              -43.34353672894778,
              -21.79230663928617
            ]
          ]
        ]
      },
      "properties": {
        "LOCAL": "Rua Margarida da Costa",
        "DATA_SETOR": "Outubro de 2017",
        "NUM_SETOR": "MG_JUIZDEF_SR_3_CPRM",
        "TIPOLO_G1": "Deslizamento",
        "TIPOLO_E1": "Deslizamento planar",
        "COBRADE_01": "1.1.3.2.1",
        "TIPOLO_G2": "",
        "TIPOLO_E2": "",
        "COBRADE_02": "",
        "TIPOLO_G3": "",
        "TIPOLO_E3": "",
        "COBRADE_03": "",
        "TIPOLO_G4": "",
        "TIPOLO_E4": "",
        "COBRADE_04": "",
        "TIPOLO_G5": "",
        "TIPOLO_E5": "",
        "COBRADE_05": "",
        "SITUACAO": "Instalado",
        "DESCRICAO": "Ocupaçoes em encosta de alto aclive por meio de corte verticalizado e aterro com historicos de deslizamentos.",
        "NUM_EDIF": "350",
        "NUM_PESS": "1400",
        "OBS_OCUP": "Casas de Alvenaria",
        "GRAU_VULNE": "Alto",
        "GRAU_RISCO": "Alto",
        "SUG_INTERV": "Monitoramento, estudo Geotecnico para avaliação de obras de contenção, implantação de sistemas de drenagem.",
        "ORGAO_EXEC": "CPRM",
        "PROJETO": "Setorização de Áreas em Alto e Muito Alto Risco a Movimentos de Massa, Enchentes e Inundações",
        "UTME": "671429.49",
        "UTMN": "7588976.61",
        "ZONA": "23",
        "Shape_Leng": "1893,905649"
      }
    },
    {
      "type": "Feature",
      "geometry": {
        "type": "Polygon",
        "coordinates": [
          [
            [
              -43.34167235747849,
              -21.78906762563534
            ],
            [
              -43.34174593390844,
              -21.78889479719039
            ],
            [
              -43.34173793880775,
              -21.78864636837452
            ],
            [
              -43.34175624968174,
              -21.78837678678788
            ],
            [
              -43.34185751361578,
              -21.78821792959976
            ],
            [
              -43.34202609941971,
              -21.78799270212532
            ],
            [
              -43.34204782391397,
              -21.78796502284536
            ],
            [
              -43.34231714897301,
              -21.78774825635255
            ],
            [
              -43.34235605255172,
              -21.78772661568364
            ],
            [
              -43.34238196477507,
              -21.78771487566366
            ],
            [
              -43.3428379213023,
              -21.78740364011608
            ],
            [
              -43.34310246294475,
              -21.78729766911445
            ],
            [
              -43.343115139724,
              -21.78729897310503
            ],
            [
              -43.34316707392599,
              -21.78728013908831
            ],
            [
              -43.34347411252035,
              -21.78717309786886
            ],
            [
              -43.3437653948932,
              -21.78699834111326
            ],
            [
              -43.34378298526808,
              -21.78698786593155
            ],
            [
              -43.34379810371431,
              -21.78697268737042
            ],
            [
              -43.34391399826129,
              -21.78693466973126
            ],
            [
              -43.34413418511796,
              -21.78709384888342
            ],
            [
              -43.34423428678576,
              -21.7872975862695
            ],
            [
              -43.34418762889418,
              -21.78738310112303
            ],
            [
              -43.34390746579859,
              -21.78752694496206
            ],
            [
              -43.34341397834327,
              -21.78767029805817
            ],
            [
              -43.34284431529587,
              -21.78794794272351
            ],
            [
              -43.34251032935498,
              -21.78823206191568
            ],
            [
              -43.34236887984817,
              -21.78845924029914
            ],
            [
              -43.34262917412414,
              -21.78874561022869
            ],
            [
              -43.34313364872986,
              -21.78917127940492
            ],
            [
              -43.3434458177973,
              -21.78946473737282
            ],
            [
              -43.34365246483426,
              -21.78985564317551
            ],
            [
              -43.3437915802256,
              -21.79018698378531
            ],
            [
              -43.34377636217126,
              -21.79050195115015
            ],
            [
              -43.34338996973711,
              -21.79044318324763
            ],
            [
              -43.34306409457469,
              -21.79056748218672
            ],
            [
              -43.34285661261608,
              -21.7905842267328
            ],
            [
              -43.34266908814282,
              -21.79054835364648
            ],
            [
              -43.34236911653833,
              -21.79020199940766
            ],
            [
              -43.34215753357182,
              -21.79009912587769
            ],
            [
              -43.34184805760484,
              -21.78999434568701
            ],
            [
              -43.34133868112417,
              -21.7896480078426
            ],
            [
              -43.34110393543276,
              -21.78942035865444
            ],
            [
              -43.34104364604021,
              -21.78890054215918
            ],
            [
              -43.3409702890794,
              -21.78862191059543
            ],
            [
              -43.34086610984451,
              -21.78837108624269
            ],
            [
              -43.34092524236829,
              -21.78825700474055
            ],
            [
              -43.34123025310549,
              -21.78803018903451
            ],
            [
              -43.34167235747849,
              -21.78906762563534
            ]
          ]
        ]
      },
      "properties": {
        "LOCAL": "Rua Nicolau Westerman",
        "DATA_SETOR": "Outubro de 2017",
        "NUM_SETOR": "MG_JUIZDEF_SR_4_CPRM",
        "TIPOLO_G1": "Deslizamento",
        "TIPOLO_E1": "Deslizamento planar",
        "COBRADE_01": "1.1.3.2.1",
        "TIPOLO_G2": "",
        "TIPOLO_E2": "",
        "COBRADE_02": "",
        "TIPOLO_G3": "",
        "TIPOLO_E3": "",
        "COBRADE_03": "",
        "TIPOLO_G4": "",
        "TIPOLO_E4": "",
        "COBRADE_04": "",
        "TIPOLO_G5": "",
        "TIPOLO_E5": "",
        "COBRADE_05": "",
        "SITUACAO": "Instalado",
        "DESCRICAO": "Ocupaçoes em encosta de alto aclive por meio de corte verticalizado e aterro com historicos de deslizamentos.",
        "NUM_EDIF": "300",
        "NUM_PESS": "1200",
        "OBS_OCUP": "Casas de Alvenaria",
        "GRAU_VULNE": "Alto",
        "GRAU_RISCO": "Alto",
        "SUG_INTERV": "Monitoramento, estudo Geotecnico para avaliação de obras de contenção, implantação de sistemas de drenagem.",
        "ORGAO_EXEC": "CPRM",
        "PROJETO": "Setorização de Áreas em Alto e Muito Alto Risco a Movimentos de Massa, Enchentes e Inundações",
        "UTME": "671428.48",
        "UTMN": "7589564.79",
        "ZONA": "23",
        "Shape_Leng": "1556,370569"
      }
    },
    {
      "type": "Feature",
      "geometry": {
        "type": "Polygon",
        "coordinates": [
          [
            [
              -43.34838062771009,
              -21.79132566315365
            ],
            [
              -43.34780251099604,
              -21.7912976783335
            ],
            [
              -43.34779582542011,
              -21.79104665666392
            ],
            [
              -43.34751886347422,
              -21.79102584427045
            ],
            [
              -43.3471769710471,
              -21.79106388955452
            ],
            [
              -43.34719246343729,
              -21.79079072911969
            ],
            [
              -43.34730448134722,
              -21.79059856460252
            ],
            [
              -43.34756347507064,
              -21.79041508575204
            ],
            [
              -43.34759326068834,
              -21.79039557905952
            ],
            [
              -43.34779123884584,
              -21.79024275222563
            ],
            [
              -43.34782385540827,
              -21.79015640585584
            ],
            [
              -43.34800829797969,
              -21.78994103635948
            ],
            [
              -43.34799765264494,
              -21.78985276076313
            ],
            [
              -43.34712888679144,
              -21.78967341935064
            ],
            [
              -43.34731581490092,
              -21.78879933862423
            ],
            [
              -43.3475553480722,
              -21.78878856472776
            ],
            [
              -43.34758923263102,
              -21.78879041105481
            ],
            [
              -43.34814639711024,
              -21.78891619261716
            ],
            [
              -43.34849604781199,
              -21.7890536161894
            ],
            [
              -43.34900731585416,
              -21.7896200476883
            ],
            [
              -43.34904110141488,
              -21.78995742664952
            ],
            [
              -43.34897789619377,
              -21.79035496720721
            ],
            [
              -43.34928461567607,
              -21.79043182481957
            ],
            [
              -43.34905497179058,
              -21.79071360306145
            ],
            [
              -43.34880728785451,
              -21.7908524832301
            ],
            [
              -43.34845301905313,
              -21.79113905198082
            ],
            [
              -43.34838062771009,
              -21.79132566315365
            ]
          ]
        ]
      },
      "properties": {
        "LOCAL": "Rua José Nunes Leal",
        "DATA_SETOR": "Outubro de 2017",
        "NUM_SETOR": "MG_JUIZDEF_SR_5_CPRM",
        "TIPOLO_G1": "Deslizamento",
        "TIPOLO_E1": "Deslizamento planar",
        "COBRADE_01": "1.1.3.2.1",
        "TIPOLO_G2": "",
        "TIPOLO_E2": "",
        "COBRADE_02": "",
        "TIPOLO_G3": "",
        "TIPOLO_E3": "",
        "COBRADE_03": "",
        "TIPOLO_G4": "",
        "TIPOLO_E4": "",
        "COBRADE_04": "",
        "TIPOLO_G5": "",
        "TIPOLO_E5": "",
        "COBRADE_05": "",
        "SITUACAO": "Instalado",
        "DESCRICAO": "Ocupaçoes em encosta de alto aclive por meio de corte verticalizado e aterro com historicos de deslizamentos.",
        "NUM_EDIF": "260",
        "NUM_PESS": "1040",
        "OBS_OCUP": "Casas de Alvenaria",
        "GRAU_VULNE": "Alto",
        "GRAU_RISCO": "Alto",
        "SUG_INTERV": "Monitoramento, estudo Geotecnico para avaliação de obras de contenção, implantação de sistemas de drenagem.",
        "ORGAO_EXEC": "CPRM",
        "PROJETO": "Setorização de Áreas em Alto e Muito Alto Risco a Movimentos de Massa, Enchentes e Inundações",
        "UTME": "670785.38",
        "UTMN": "7589482.40",
        "ZONA": "23",
        "Shape_Leng": "974,887148"
      }
    },
    {
      "type": "Feature",
      "geometry": {
        "type": "Polygon",
        "coordinates": [
          [
            [
              -43.35517781127646,
              -21.7894243268406
            ],
            [
              -43.3549905718892,
              -21.78940427213565
            ],
            [
              -43.35433557495032,
              -21.78944227590174
            ],
            [
              -43.3537807618637,
              -21.78942398388887
            ],
            [
              -43.35358518681625,
              -21.78937698224272
            ],
            [
              -43.35327601192547,
              -21.78910684335869
            ],
            [
              -43.35292775242955,
              -21.78885153790364
            ],
            [
              -43.35248397405232,
              -21.78854868108747
            ],
            [
              -43.35207639600703,
              -21.78825302691148
            ],
            [
              -43.3516257041895,
              -21.78793052199002
            ],
            [
              -43.35117920091927,
              -21.78769347855073
            ],
            [
              -43.35080092669151,
              -21.78747741184414
            ],
            [
              -43.35045866098084,
              -21.78727245467069
            ],
            [
              -43.35002939622898,
              -21.78706224487387
            ],
            [
              -43.34962140301081,
              -21.78683179607108
            ],
            [
              -43.34949246801919,
              -21.78676027398677
            ],
            [
              -43.34949120877304,
              -21.78658318591909
            ],
            [
              -43.34947012923055,
              -21.78650215190861
            ],
            [
              -43.34939665883056,
              -21.78639428867582
            ],
            [
              -43.34931312320491,
              -21.78646529528066
            ],
            [
              -43.3491609851134,
              -21.78636919342894
            ],
            [
              -43.34920436093233,
              -21.78628304627517
            ],
            [
              -43.34886857036946,
              -21.78610710211824
            ],
            [
              -43.34873278087701,
              -21.78629533461956
            ],
            [
              -43.34870455752517,
              -21.78631776100054
            ],
            [
              -43.34859697210752,
              -21.78627512389863
            ],
            [
              -43.34814274483927,
              -21.78593705861927
            ],
            [
              -43.34767767214998,
              -21.78560052125876
            ],
            [
              -43.34780784193695,
              -21.78544897228223
            ],
            [
              -43.34788042082041,
              -21.78550276491385
            ],
            [
              -43.34826271276204,
              -21.78573615996731
            ],
            [
              -43.34845316172918,
              -21.78591858558601
            ],
            [
              -43.34863186662044,
              -21.78598744367715
            ],
            [
              -43.34897701203497,
              -21.7859077261509
            ],
            [
              -43.34927937113271,
              -21.78600951973317
            ],
            [
              -43.34964515396192,
              -21.78637580095025
            ],
            [
              -43.34967925640534,
              -21.78656643819139
            ],
            [
              -43.34994479419418,
              -21.78677723673307
            ],
            [
              -43.35034528525591,
              -21.78699375014825
            ],
            [
              -43.35054707433354,
              -21.78699585580221
            ],
            [
              -43.35070045896561,
              -21.78701020697493
            ],
            [
              -43.35091313841431,
              -21.78704407829453
            ],
            [
              -43.35111226347605,
              -21.78724626675438
            ],
            [
              -43.35136390338253,
              -21.7873080650853
            ],
            [
              -43.3517698717001,
              -21.78749693572467
            ],
            [
              -43.35193017416295,
              -21.78761652878727
            ],
            [
              -43.35198080345344,
              -21.78774126091644
            ],
            [
              -43.35249211287895,
              -21.78804581742176
            ],
            [
              -43.35310142147323,
              -21.78858850994148
            ],
            [
              -43.35365697952255,
              -21.78887264454692
            ],
            [
              -43.35396616222415,
              -21.78876167961631
            ],
            [
              -43.35477200698706,
              -21.78886997438578
            ],
            [
              -43.35527121500583,
              -21.78899944808511
            ],
            [
              -43.35562146257906,
              -21.78918645534112
            ],
            [
              -43.35571090401553,
              -21.7892687769423
            ],
            [
              -43.35517781127646,
              -21.7894243268406
            ]
          ]
        ]
      },
      "properties": {
        "LOCAL": "Rua Ibitiguaia",
        "DATA_SETOR": "Outubro de 2017",
        "NUM_SETOR": "MG_JUIZDEF_SR_6_CPRM",
        "TIPOLO_G1": "Deslizamento",
        "TIPOLO_E1": "Deslizamento planar",
        "COBRADE_01": "1.1.3.2.1",
        "TIPOLO_G2": "",
        "TIPOLO_E2": "",
        "COBRADE_02": "",
        "TIPOLO_G3": "",
        "TIPOLO_E3": "",
        "COBRADE_03": "",
        "TIPOLO_G4": "",
        "TIPOLO_E4": "",
        "COBRADE_04": "",
        "TIPOLO_G5": "",
        "TIPOLO_E5": "",
        "COBRADE_05": "",
        "SITUACAO": "Instalado",
        "DESCRICAO": "Ocupaçoes em encosta de alto aclive por meio de corte verticalizado e aterro com historicos de deslizamentos.",
        "NUM_EDIF": "150",
        "NUM_PESS": "600",
        "OBS_OCUP": "Casas de Alvenaria",
        "GRAU_VULNE": "Alto",
        "GRAU_RISCO": "Alto",
        "SUG_INTERV": "Monitoramento, estudo Geotecnico para avaliação de obras de contenção, implantação de sistemas de drenagem.",
        "ORGAO_EXEC": "CPRM",
        "PROJETO": "Setorização de Áreas em Alto e Muito Alto Risco a Movimentos de Massa, Enchentes e Inundações",
        "UTME": "670490.12",
        "UTMN": "7589754.86",
        "ZONA": "23",
        "Shape_Leng": "2022,426841"
      }
    },
    {
      "type": "Feature",
      "geometry": {
        "type": "Polygon",
        "coordinates": [
          [
            [
              -43.35382554043613,
              -21.791833564295
            ],
            [
              -43.35374845010639,
              -21.79196595242596
            ],
            [
              -43.35373754529542,
              -21.79198134009599
            ],
            [
              -43.35369843268318,
              -21.79220211969223
            ],
            [
              -43.35379476588252,
              -21.79235160670233
            ],
            [
              -43.35389548798582,
              -21.7925800804507
            ],
            [
              -43.35426997965602,
              -21.79242371608194
            ],
            [
              -43.35454885201173,
              -21.79234798705607
            ],
            [
              -43.35472012791325,
              -21.79233799993854
            ],
            [
              -43.35491237544092,
              -21.79227015513579
            ],
            [
              -43.35516466699764,
              -21.79228274157672
            ],
            [
              -43.35545844585059,
              -21.79233469508644
            ],
            [
              -43.3556910449037,
              -21.79221181120403
            ],
            [
              -43.35574742081624,
              -21.79189409796369
            ],
            [
              -43.355754993284,
              -21.79177373772721
            ],
            [
              -43.35604221123288,
              -21.79163854239907
            ],
            [
              -43.35623039909541,
              -21.79144795289721
            ],
            [
              -43.35638128572592,
              -21.79133323370609
            ],
            [
              -43.35659496332505,
              -21.79139621392206
            ],
            [
              -43.35630200427922,
              -21.79226398257775
            ],
            [
              -43.3564444916023,
              -21.79287310410656
            ],
            [
              -43.35616547763265,
              -21.79296427797743
            ],
            [
              -43.35614265218152,
              -21.79320127941842
            ],
            [
              -43.35631315483781,
              -21.79342440197733
            ],
            [
              -43.35647272894197,
              -21.79360044340293
            ],
            [
              -43.35650656656519,
              -21.79368232440321
            ],
            [
              -43.35666457937583,
              -21.79381994571167
            ],
            [
              -43.35667629507306,
              -21.79383138668226
            ],
            [
              -43.3567234484687,
              -21.79393808117802
            ],
            [
              -43.35667796989957,
              -21.79401176773749
            ],
            [
              -43.35644569631886,
              -21.79395915912876
            ],
            [
              -43.35623055194667,
              -21.79395830738323
            ],
            [
              -43.35589215406618,
              -21.79393605919311
            ],
            [
              -43.35557619232304,
              -21.79391712443007
            ],
            [
              -43.35549185151724,
              -21.79388676440361
            ],
            [
              -43.35547540887077,
              -21.79388301588683
            ],
            [
              -43.35545508625217,
              -21.79387976795846
            ],
            [
              -43.35543478486753,
              -21.79387652385183
            ],
            [
              -43.35541138548107,
              -21.7938794945845
            ],
            [
              -43.35528312286438,
              -21.79390161343815
            ],
            [
              -43.35504934628056,
              -21.7939539587532
            ],
            [
              -43.35488482433496,
              -21.7938775808991
            ],
            [
              -43.3547948441003,
              -21.79366328570946
            ],
            [
              -43.35466538061594,
              -21.79366057559283
            ],
            [
              -43.35457811817772,
              -21.79365328194277
            ],
            [
              -43.35444622409707,
              -21.79360723773349
            ],
            [
              -43.35443130729726,
              -21.79360156964379
            ],
            [
              -43.35442014481028,
              -21.79359598772351
            ],
            [
              -43.35428420216983,
              -21.79353507058542
            ],
            [
              -43.35422577473653,
              -21.79341944064258
            ],
            [
              -43.35407049713778,
              -21.7932720617483
            ],
            [
              -43.35395484403562,
              -21.7932131682771
            ],
            [
              -43.35394811900179,
              -21.79321238502599
            ],
            [
              -43.35392461662281,
              -21.79320964896373
            ],
            [
              -43.35372511184479,
              -21.79315402128015
            ],
            [
              -43.35357760736063,
              -21.79307489171305
            ],
            [
              -43.35340548395494,
              -21.79291158880459
            ],
            [
              -43.35332075031097,
              -21.79279366778264
            ],
            [
              -43.35327866679469,
              -21.79256542236937
            ],
            [
              -43.35330441358543,
              -21.79209374137308
            ],
            [
              -43.35339625069531,
              -21.79189779632616
            ],
            [
              -43.35349671356126,
              -21.79171899244458
            ],
            [
              -43.35365764855622,
              -21.79157872492229
            ],
            [
              -43.35367689874331,
              -21.79157050517795
            ],
            [
              -43.35380755127729,
              -21.79153786994735
            ],
            [
              -43.35382554043613,
              -21.791833564295
            ]
          ]
        ]
      },
      "properties": {
        "LOCAL": "Rua Joaquim Pinto Apolinário",
        "DATA_SETOR": "Outubro de 2017",
        "NUM_SETOR": "MG_JUIZDEF_SR_7_CPRM",
        "TIPOLO_G1": "Deslizamento",
        "TIPOLO_E1": "Deslizamento planar",
        "COBRADE_01": "1.1.3.2.1",
        "TIPOLO_G2": "",
        "TIPOLO_E2": "",
        "COBRADE_02": "",
        "TIPOLO_G3": "",
        "TIPOLO_E3": "",
        "COBRADE_03": "",
        "TIPOLO_G4": "",
        "TIPOLO_E4": "",
        "COBRADE_04": "",
        "TIPOLO_G5": "",
        "TIPOLO_E5": "",
        "COBRADE_05": "",
        "SITUACAO": "Instalado",
        "DESCRICAO": "Ocupaçoes em encosta de alto aclive por meio de corte verticalizado e aterro com historicos de deslizamentos.",
        "NUM_EDIF": "150",
        "NUM_PESS": "600",
        "OBS_OCUP": "Casas de Alvenaria",
        "GRAU_VULNE": "Alto",
        "GRAU_RISCO": "Alto",
        "SUG_INTERV": "Monitoramento, estudo Geotecnico para avaliação de obras de contenção, implantação de sistemas de drenagem.",
        "ORGAO_EXEC": "CPRM",
        "PROJETO": "Setorização de Áreas em Alto e Muito Alto Risco a Movimentos de Massa, Enchentes e Inundações",
        "UTME": "669993.96",
        "UTMN": "7589179.20",
        "ZONA": "23",
        "Shape_Leng": "1379,901117"
      }
    },
    {
      "type": "Feature",
      "geometry": {
        "type": "Polygon",
        "coordinates": [
          [
            [
              -43.3514449653829,
              -21.79289899210482
            ],
            [
              -43.35155988893327,
              -21.79266428358144
            ],
            [
              -43.35164296089319,
              -21.79236613744303
            ],
            [
              -43.35188365407547,
              -21.79203572057266
            ],
            [
              -43.35218366285227,
              -21.79170151977277
            ],
            [
              -43.35279293809393,
              -21.79086677364648
            ],
            [
              -43.35304698577529,
              -21.79055713883319
            ],
            [
              -43.35356454351995,
              -21.79090380820231
            ],
            [
              -43.35303778666101,
              -21.79185765956492
            ],
            [
              -43.35267573743884,
              -21.79248959441718
            ],
            [
              -43.35262619039918,
              -21.79253869095006
            ],
            [
              -43.35220075384758,
              -21.79286510676733
            ],
            [
              -43.35191001710923,
              -21.79318915666046
            ],
            [
              -43.35126689436466,
              -21.79315988200546
            ],
            [
              -43.3514449653829,
              -21.79289899210482
            ]
          ]
        ]
      },
      "properties": {
        "LOCAL": "Avenida Darcí Vargas",
        "DATA_SETOR": "Outubro de 2017",
        "NUM_SETOR": "MG_JUIZDEF_SR_8_CPRM",
        "TIPOLO_G1": "Deslizamento",
        "TIPOLO_E1": "Deslizamento planar",
        "COBRADE_01": "1.1.3.2.1",
        "TIPOLO_G2": "",
        "TIPOLO_E2": "",
        "COBRADE_02": "",
        "TIPOLO_G3": "",
        "TIPOLO_E3": "",
        "COBRADE_03": "",
        "TIPOLO_G4": "",
        "TIPOLO_E4": "",
        "COBRADE_04": "",
        "TIPOLO_G5": "",
        "TIPOLO_E5": "",
        "COBRADE_05": "",
        "SITUACAO": "Instalado",
        "DESCRICAO": "Ocupaçoes em encosta de alto aclive por meio de corte verticalizado e aterro com historicos de deslizamentos.",
        "NUM_EDIF": "100",
        "NUM_PESS": "500",
        "OBS_OCUP": "Casas de Alvenaria",
        "GRAU_VULNE": "Alto",
        "GRAU_RISCO": "Alto",
        "SUG_INTERV": "Monitoramento, estudo Geotecnico para avaliação de obras de contenção, implantação de sistemas de drenagem.",
        "ORGAO_EXEC": "CPRM",
        "PROJETO": "Setorização de Áreas em Alto e Muito Alto Risco a Movimentos de Massa, Enchentes e Inundações",
        "UTME": "670375.46",
        "UTMN": "7589282.93",
        "ZONA": "23",
        "Shape_Leng": "786,376691"
      }
    },
    {
      "type": "Feature",
      "geometry": {
        "type": "Polygon",
        "coordinates": [
          [
            [
              -43.3521733510716,
              -21.79584872093585
            ],
            [
              -43.35269513765112,
              -21.79601225200524
            ],
            [
              -43.35316592816265,
              -21.79608446283483
            ],
            [
              -43.35336362535782,
              -21.79617824198799
            ],
            [
              -43.35354888874231,
              -21.79646426474613
            ],
            [
              -43.35399006871418,
              -21.79744202183959
            ],
            [
              -43.35298941325767,
              -21.79761111505481
            ],
            [
              -43.3521733510716,
              -21.79584872093585
            ]
          ]
        ]
      },
      "properties": {
        "LOCAL": "Rua João Alves de Carvalho",
        "DATA_SETOR": "Outubro de 2017",
        "NUM_SETOR": "MG_JUIZDEF_SR_9_CPRM",
        "TIPOLO_G1": "Deslizamento",
        "TIPOLO_E1": "Deslizamento planar",
        "COBRADE_01": "1.1.3.2.1",
        "TIPOLO_G2": "",
        "TIPOLO_E2": "",
        "COBRADE_02": "",
        "TIPOLO_G3": "",
        "TIPOLO_E3": "",
        "COBRADE_03": "",
        "TIPOLO_G4": "",
        "TIPOLO_E4": "",
        "COBRADE_04": "",
        "TIPOLO_G5": "",
        "TIPOLO_E5": "",
        "COBRADE_05": "",
        "SITUACAO": "Instalado",
        "DESCRICAO": "Ocupaçoes em encosta de alto aclive por meio de corte verticalizado e aterro com historicos de deslizamentos.",
        "NUM_EDIF": "100",
        "NUM_PESS": "500",
        "OBS_OCUP": "Casas de Alvenaria",
        "GRAU_VULNE": "Alto",
        "GRAU_RISCO": "Alto",
        "SUG_INTERV": "Monitoramento, estudo Geotecnico para avaliação de obras de contenção, implantação de sistemas de drenagem.",
        "ORGAO_EXEC": "CPRM",
        "PROJETO": "Setorização de Áreas em Alto e Muito Alto Risco a Movimentos de Massa, Enchentes e Inundações",
        "UTME": "670375.46",
        "UTMN": "7589282.93",
        "ZONA": "23",
        "Shape_Leng": "601,420573"
      }
    },
    {
      "type": "Feature",
      "geometry": {
        "type": "Polygon",
        "coordinates": [
          [
            [
              -43.35538268396049,
              -21.79656692235615
            ],
            [
              -43.35519797369692,
              -21.79650157685908
            ],
            [
              -43.35502854055485,
              -21.79632348054475
            ],
            [
              -43.35484843681179,
              -21.79607599455447
            ],
            [
              -43.35473223872374,
              -21.79570958732729
            ],
            [
              -43.35466606335192,
              -21.79553900776351
            ],
            [
              -43.35438589471983,
              -21.79524225089088
            ],
            [
              -43.35418644172832,
              -21.79522788626489
            ],
            [
              -43.35384364654756,
              -21.79521125032545
            ],
            [
              -43.35360810336572,
              -21.79515187981821
            ],
            [
              -43.35319983419135,
              -21.79507137541941
            ],
            [
              -43.35295966505804,
              -21.79499185160256
            ],
            [
              -43.35255080846493,
              -21.79488067229415
            ],
            [
              -43.35230810934039,
              -21.7947734742659
            ],
            [
              -43.35188271528342,
              -21.79457783121816
            ],
            [
              -43.35177203619268,
              -21.79449964908991
            ],
            [
              -43.35226012336585,
              -21.79404437411206
            ],
            [
              -43.35259499979132,
              -21.79433166239479
            ],
            [
              -43.35295731701655,
              -21.79447754659105
            ],
            [
              -43.35555772834488,
              -21.79459043302936
            ],
            [
              -43.35562854144981,
              -21.79655744227779
            ],
            [
              -43.35538268396049,
              -21.79656692235615
            ]
          ]
        ]
      },
      "properties": {
        "LOCAL": "Rua Licínio Pereira Cortês",
        "DATA_SETOR": "Outubro de 2017",
        "NUM_SETOR": "MG_JUIZDEF_SR_10_CPRM",
        "TIPOLO_G1": "Deslizamento",
        "TIPOLO_E1": "Deslizamento planar",
        "COBRADE_01": "1.1.3.2.1",
        "TIPOLO_G2": "",
        "TIPOLO_E2": "",
        "COBRADE_02": "",
        "TIPOLO_G3": "",
        "TIPOLO_E3": "",
        "COBRADE_03": "",
        "TIPOLO_G4": "",
        "TIPOLO_E4": "",
        "COBRADE_04": "",
        "TIPOLO_G5": "",
        "TIPOLO_E5": "",
        "COBRADE_05": "",
        "SITUACAO": "Instalado",
        "DESCRICAO": "Ocupaçoes em encosta de alto aclive por meio de corte verticalizado e aterro com historicos de deslizamentos.",
        "NUM_EDIF": "260",
        "NUM_PESS": "1040",
        "OBS_OCUP": "Casas de Alvenaria",
        "GRAU_VULNE": "Alto",
        "GRAU_RISCO": "Alto",
        "SUG_INTERV": "Monitoramento, estudo Geotecnico para avaliação de obras de contenção, implantação de sistemas de drenagem.",
        "ORGAO_EXEC": "CPRM",
        "PROJETO": "Setorização de Áreas em Alto e Muito Alto Risco a Movimentos de Massa, Enchentes e Inundações",
        "UTME": "670108.81",
        "UTMN": "7588912.97",
        "ZONA": "23",
        "Shape_Leng": "1143,926285"
      }
    },
    {
      "type": "Feature",
      "geometry": {
        "type": "Polygon",
        "coordinates": [
          [
            [
              -43.35171998113901,
              -21.7914346490905
            ],
            [
              -43.35148111188025,
              -21.79168685180803
            ],
            [
              -43.35186828253566,
              -21.79209156605945
            ],
            [
              -43.35158752536793,
              -21.79244680881273
            ],
            [
              -43.3514099871053,
              -21.79294624205052
            ],
            [
              -43.35086568402511,
              -21.79251427916771
            ],
            [
              -43.35043202401508,
              -21.79298797529068
            ],
            [
              -43.34986162882126,
              -21.79347293929256
            ],
            [
              -43.34945985062943,
              -21.79307911173118
            ],
            [
              -43.35001515163494,
              -21.79251595769336
            ],
            [
              -43.35041551063313,
              -21.79201080473539
            ],
            [
              -43.35052986256694,
              -21.7917933244315
            ],
            [
              -43.35053575882483,
              -21.7915121581847
            ],
            [
              -43.35046173383601,
              -21.79125511255631
            ],
            [
              -43.35005983569677,
              -21.79103834368301
            ],
            [
              -43.34957342292293,
              -21.79080019434958
            ],
            [
              -43.34974104773335,
              -21.79036730994549
            ],
            [
              -43.35011077556732,
              -21.7903063067191
            ],
            [
              -43.35036137253396,
              -21.79007082940614
            ],
            [
              -43.35075763420226,
              -21.79020656779191
            ],
            [
              -43.35124755272068,
              -21.7904547082959
            ],
            [
              -43.3513258362244,
              -21.79047782760382
            ],
            [
              -43.35132917823998,
              -21.79046330938547
            ],
            [
              -43.35134934715516,
              -21.79043522129919
            ],
            [
              -43.3514651297982,
              -21.79036769313629
            ],
            [
              -43.351622100389,
              -21.79034187044873
            ],
            [
              -43.35165546112778,
              -21.79034127569017
            ],
            [
              -43.35177507868882,
              -21.79031360434752
            ],
            [
              -43.35179231240002,
              -21.79030149626602
            ],
            [
              -43.35180380939012,
              -21.79029234314992
            ],
            [
              -43.35181044557418,
              -21.79027263904982
            ],
            [
              -43.35194806073411,
              -21.79019311425204
            ],
            [
              -43.35195909633576,
              -21.79018117644993
            ],
            [
              -43.3519601827936,
              -21.79016160485152
            ],
            [
              -43.35206668115537,
              -21.78998089575659
            ],
            [
              -43.35207267125355,
              -21.78995256679465
            ],
            [
              -43.35214694026155,
              -21.78986201405834
            ],
            [
              -43.35280032323922,
              -21.7900727617255
            ],
            [
              -43.35171998113901,
              -21.7914346490905
            ]
          ]
        ]
      },
      "properties": {
        "LOCAL": "Rua Bráz Antônio Falco",
        "DATA_SETOR": "Outubro de 2017",
        "NUM_SETOR": "MG_JUIZDEF_SR_11_CPRM",
        "TIPOLO_G1": "Deslizamento",
        "TIPOLO_E1": "Deslizamento planar",
        "COBRADE_01": "1.1.3.2.1",
        "TIPOLO_G2": "",
        "TIPOLO_E2": "",
        "COBRADE_02": "",
        "TIPOLO_G3": "",
        "TIPOLO_E3": "",
        "COBRADE_03": "",
        "TIPOLO_G4": "",
        "TIPOLO_E4": "",
        "COBRADE_04": "",
        "TIPOLO_G5": "",
        "TIPOLO_E5": "",
        "COBRADE_05": "",
        "SITUACAO": "Instalado",
        "DESCRICAO": "Ocupaçoes em encosta de alto aclive por meio de corte verticalizado e aterro com historicos de deslizamentos.",
        "NUM_EDIF": "200",
        "NUM_PESS": "1000",
        "OBS_OCUP": "Casas de Alvenaria",
        "GRAU_VULNE": "Alto",
        "GRAU_RISCO": "Alto",
        "SUG_INTERV": "Monitoramento, estudo Geotecnico para avaliação de obras de contenção, implantação de sistemas de drenagem.",
        "ORGAO_EXEC": "CPRM",
        "PROJETO": "Setorização de Áreas em Alto e Muito Alto Risco a Movimentos de Massa, Enchentes e Inundações",
        "UTME": "670464.44",
        "UTMN": "7589438.28",
        "ZONA": "23",
        "Shape_Leng": "1447,011505"
      }
    },
    {
      "type": "Feature",
      "geometry": {
        "type": "Polygon",
        "coordinates": [
          [
            [
              -43.33984124595695,
              -21.78857609042356
            ],
            [
              -43.33939032359248,
              -21.788735177971
            ],
            [
              -43.33917773899929,
              -21.7887893478516
            ],
            [
              -43.33913878989395,
              -21.78865257628465
            ],
            [
              -43.33912564578216,
              -21.78863895120923
            ],
            [
              -43.33912346175717,
              -21.78861431155147
            ],
            [
              -43.33908385798646,
              -21.78854660765749
            ],
            [
              -43.33884652701725,
              -21.78853677035831
            ],
            [
              -43.33855452124876,
              -21.7885394721673
            ],
            [
              -43.33847234962348,
              -21.78854068621155
            ],
            [
              -43.33836636066057,
              -21.78849168015884
            ],
            [
              -43.33837275597244,
              -21.78835276684012
            ],
            [
              -43.33829373043448,
              -21.78827378544519
            ],
            [
              -43.33800054297831,
              -21.7883250044056
            ],
            [
              -43.33759838966375,
              -21.78856595790552
            ],
            [
              -43.33738315842802,
              -21.78878279811364
            ],
            [
              -43.33710225739323,
              -21.7890127066676
            ],
            [
              -43.33682631053703,
              -21.78905374805885
            ],
            [
              -43.33592751193618,
              -21.78827388935744
            ],
            [
              -43.33576072684694,
              -21.78777694502136
            ],
            [
              -43.33604914881504,
              -21.78742208506579
            ],
            [
              -43.3364125884737,
              -21.78745990729554
            ],
            [
              -43.33686033821338,
              -21.78750760396829
            ],
            [
              -43.33722542715905,
              -21.78726218224521
            ],
            [
              -43.33759315148161,
              -21.78665919914386
            ],
            [
              -43.33786173989112,
              -21.78677029625794
            ],
            [
              -43.33833305391946,
              -21.78687668118126
            ],
            [
              -43.33865972242769,
              -21.78695201711032
            ],
            [
              -43.33916946401764,
              -21.78708643221078
            ],
            [
              -43.33944052690769,
              -21.78724348323224
            ],
            [
              -43.33966388838087,
              -21.78752306721745
            ],
            [
              -43.33993297909625,
              -21.78788135669888
            ],
            [
              -43.34004682260535,
              -21.78824038306119
            ],
            [
              -43.33984124595695,
              -21.78857609042356
            ]
          ]
        ]
      },
      "properties": {
        "LOCAL": "Estrada Joaquim Vicente Guedes",
        "DATA_SETOR": "Outubro de 2017",
        "NUM_SETOR": "MG_JUIZDEF_SR_12_CPRM",
        "TIPOLO_G1": "Deslizamento",
        "TIPOLO_E1": "Deslizamento planar",
        "COBRADE_01": "1.1.3.2.1",
        "TIPOLO_G2": "",
        "TIPOLO_E2": "",
        "COBRADE_02": "",
        "TIPOLO_G3": "",
        "TIPOLO_E3": "",
        "COBRADE_03": "",
        "TIPOLO_G4": "",
        "TIPOLO_E4": "",
        "COBRADE_04": "",
        "TIPOLO_G5": "",
        "TIPOLO_E5": "",
        "COBRADE_05": "",
        "SITUACAO": "Instalado",
        "DESCRICAO": "Ocupaçoes em encosta de alto aclive por meio de corte verticalizado e aterro com historicos de deslizamentos.",
        "NUM_EDIF": "200",
        "NUM_PESS": "1000",
        "OBS_OCUP": "Casas de Alvenaria",
        "GRAU_VULNE": "Alto",
        "GRAU_RISCO": "Alto",
        "SUG_INTERV": "Monitoramento, estudo Geotecnico para avaliação de obras de contenção, implantação de sistemas de drenagem.",
        "ORGAO_EXEC": "CPRM",
        "PROJETO": "Setorização de Áreas em Alto e Muito Alto Risco a Movimentos de Massa, Enchentes e Inundações",
        "UTME": "671701.92",
        "UTMN": "7589758.99",
        "ZONA": "23",
        "Shape_Leng": "1201,052295"
      }
    },
    {
      "type": "Feature",
      "geometry": {
        "type": "Polygon",
        "coordinates": [
          [
            [
              -43.34179220592846,
              -21.80361222668567
            ],
            [
              -43.34159552540397,
              -21.80321090156849
            ],
            [
              -43.34104413916597,
              -21.80344747039046
            ],
            [
              -43.34045528354027,
              -21.80357889741414
            ],
            [
              -43.34033658009307,
              -21.80359847269509
            ],
            [
              -43.3402069823449,
              -21.80394373507711
            ],
            [
              -43.34015808443696,
              -21.80421741143503
            ],
            [
              -43.33988552251891,
              -21.80410955512701
            ],
            [
              -43.33943141617394,
              -21.80408566081493
            ],
            [
              -43.33964757536828,
              -21.80304987303301
            ],
            [
              -43.33910060977819,
              -21.80216969065204
            ],
            [
              -43.33989360484516,
              -21.80188661257201
            ],
            [
              -43.34073074134146,
              -21.80160007216819
            ],
            [
              -43.34111245612601,
              -21.80209394203122
            ],
            [
              -43.34150786056782,
              -21.80274699082272
            ],
            [
              -43.34165714542099,
              -21.8030241383659
            ],
            [
              -43.3424154668372,
              -21.80289124672376
            ],
            [
              -43.34179220592846,
              -21.80361222668567
            ]
          ]
        ]
      },
      "properties": {
        "LOCAL": "Rua Ernesto Batista Pereira",
        "DATA_SETOR": "Outubro de 2017",
        "NUM_SETOR": "MG_JUIZDEF_SR_13_CPRM",
        "TIPOLO_G1": "Deslizamento",
        "TIPOLO_E1": "Deslizamento planar",
        "COBRADE_01": "1.1.3.2.1",
        "TIPOLO_G2": "",
        "TIPOLO_E2": "",
        "COBRADE_02": "",
        "TIPOLO_G3": "",
        "TIPOLO_E3": "",
        "COBRADE_03": "",
        "TIPOLO_G4": "",
        "TIPOLO_E4": "",
        "COBRADE_04": "",
        "TIPOLO_G5": "",
        "TIPOLO_E5": "",
        "COBRADE_05": "",
        "SITUACAO": "Instalado",
        "DESCRICAO": "Ocupaçoes em encosta de alto aclive por meio de corte verticalizado e aterro com historicos de deslizamentos.",
        "NUM_EDIF": "200",
        "NUM_PESS": "1000",
        "OBS_OCUP": "Casas de Alvenaria",
        "GRAU_VULNE": "Alto",
        "GRAU_RISCO": "Alto",
        "SUG_INTERV": "Monitoramento, estudo Geotecnico para avaliação de obras de contenção, implantação de sistemas de drenagem.",
        "ORGAO_EXEC": "CPRM",
        "PROJETO": "Setorização de Áreas em Alto e Muito Alto Risco a Movimentos de Massa, Enchentes e Inundações",
        "UTME": "671533.28",
        "UTMN": "7588039.16",
        "ZONA": "23",
        "Shape_Leng": "1112,2755"
      }
    },
    {
      "type": "Feature",
      "geometry": {
        "type": "Polygon",
        "coordinates": [
          [
            [
              -43.33739299302671,
              -21.81007001673152
            ],
            [
              -43.33771053073328,
              -21.809398310206
            ],
            [
              -43.33824601487484,
              -21.80942189207335
            ],
            [
              -43.33913769903687,
              -21.80811884292206
            ],
            [
              -43.3396475541057,
              -21.8087944243654
            ],
            [
              -43.34045782100957,
              -21.8089886698824
            ],
            [
              -43.34071647904997,
              -21.80950657676679
            ],
            [
              -43.34118505988221,
              -21.80914481396754
            ],
            [
              -43.34096446045491,
              -21.80867389989245
            ],
            [
              -43.34097281217657,
              -21.80866879040237
            ],
            [
              -43.34114992069271,
              -21.80833811308634
            ],
            [
              -43.34165115036846,
              -21.80770652623535
            ],
            [
              -43.34230495777805,
              -21.80761580677604
            ],
            [
              -43.34279065691531,
              -21.80887820106182
            ],
            [
              -43.34225659166579,
              -21.80887674510428
            ],
            [
              -43.34201133162556,
              -21.80914405800311
            ],
            [
              -43.34175662166179,
              -21.80993774923458
            ],
            [
              -43.34105032293164,
              -21.81059639910718
            ],
            [
              -43.34038135236836,
              -21.81066004858916
            ],
            [
              -43.3397036916405,
              -21.81034488667475
            ],
            [
              -43.33739299302671,
              -21.81007001673152
            ]
          ]
        ]
      },
      "properties": {
        "LOCAL": "Rua Neri de Mendonça",
        "DATA_SETOR": "Outubro de 2017",
        "NUM_SETOR": "MG_JUIZDEF_SR_14_CPRM",
        "TIPOLO_G1": "Deslizamento",
        "TIPOLO_E1": "Deslizamento planar",
        "COBRADE_01": "1.1.3.2.1",
        "TIPOLO_G2": "",
        "TIPOLO_E2": "",
        "COBRADE_02": "",
        "TIPOLO_G3": "",
        "TIPOLO_E3": "",
        "COBRADE_03": "",
        "TIPOLO_G4": "",
        "TIPOLO_E4": "",
        "COBRADE_04": "",
        "TIPOLO_G5": "",
        "TIPOLO_E5": "",
        "COBRADE_05": "",
        "SITUACAO": "Instalado",
        "DESCRICAO": "Ocupaçoes em encosta de alto aclive por meio de corte verticalizado e aterro com historicos de deslizamentos.",
        "NUM_EDIF": "200",
        "NUM_PESS": "1000",
        "OBS_OCUP": "Casas de Alvenaria",
        "GRAU_VULNE": "Alto",
        "GRAU_RISCO": "Alto",
        "SUG_INTERV": "Monitoramento, estudo Geotecnico para avaliação de obras de contenção, implantação de sistemas de drenagem.",
        "ORGAO_EXEC": "CPRM",
        "PROJETO": "Setorização de Áreas em Alto e Muito Alto Risco a Movimentos de Massa, Enchentes e Inundações",
        "UTME": "671526.15",
        "UTMN": "7587335.44",
        "ZONA": "23",
        "Shape_Leng": "1692,67828"
      }
    },
    {
      "type": "Feature",
      "geometry": {
        "type": "Polygon",
        "coordinates": [
          [
            [
              -43.33526293302774,
              -21.77613228413594
            ],
            [
              -43.33537640855901,
              -21.77572299693191
            ],
            [
              -43.33539496990139,
              -21.7753221950517
            ],
            [
              -43.33542482022484,
              -21.77500528704861
            ],
            [
              -43.33520277063619,
              -21.77494689614609
            ],
            [
              -43.33478268979694,
              -21.77496931320277
            ],
            [
              -43.33459170021233,
              -21.77487204439011
            ],
            [
              -43.33433294302891,
              -21.77463838993992
            ],
            [
              -43.33417508282744,
              -21.77429129709267
            ],
            [
              -43.33373755936454,
              -21.77390151730087
            ],
            [
              -43.33347257888984,
              -21.77371473384797
            ],
            [
              -43.33322114144452,
              -21.77349632723175
            ],
            [
              -43.33330881598072,
              -21.77232138299617
            ],
            [
              -43.33342658369207,
              -21.77245859344357
            ],
            [
              -43.33373469604649,
              -21.77288805421965
            ],
            [
              -43.33399838361834,
              -21.77312598520487
            ],
            [
              -43.33432069745408,
              -21.77325531467852
            ],
            [
              -43.3349301297436,
              -21.7733346774333
            ],
            [
              -43.33559517809506,
              -21.77359738641922
            ],
            [
              -43.33654358326326,
              -21.77403203575938
            ],
            [
              -43.33670571933992,
              -21.77417645642238
            ],
            [
              -43.33704314931728,
              -21.77462722780239
            ],
            [
              -43.33699012586632,
              -21.77536723026642
            ],
            [
              -43.33666225792261,
              -21.77609318898151
            ],
            [
              -43.33600659291261,
              -21.77672959415526
            ],
            [
              -43.3351379527999,
              -21.77637988316045
            ],
            [
              -43.33526293302774,
              -21.77613228413594
            ]
          ]
        ]
      },
      "properties": {
        "LOCAL": "Rua da Esperança",
        "DATA_SETOR": "Outubro de 2017",
        "NUM_SETOR": "MG_JUIZDEF_SR_15_CPRM",
        "TIPOLO_G1": "Deslizamento",
        "TIPOLO_E1": "Deslizamento planar",
        "COBRADE_01": "1.1.3.2.1",
        "TIPOLO_G2": "",
        "TIPOLO_E2": "",
        "COBRADE_02": "",
        "TIPOLO_G3": "",
        "TIPOLO_E3": "",
        "COBRADE_03": "",
        "TIPOLO_G4": "",
        "TIPOLO_E4": "",
        "COBRADE_04": "",
        "TIPOLO_G5": "",
        "TIPOLO_E5": "",
        "COBRADE_05": "",
        "SITUACAO": "Instalado",
        "DESCRICAO": "Ocupaçoes em encosta de alto aclive por meio de corte verticalizado e aterro com historicos de deslizamentos.",
        "NUM_EDIF": "300",
        "NUM_PESS": "1200",
        "OBS_OCUP": "Casas de Alvenaria",
        "GRAU_VULNE": "Alto",
        "GRAU_RISCO": "Alto",
        "SUG_INTERV": "Monitoramento, estudo Geotecnico para avaliação de obras de contenção, implantação de sistemas de drenagem.",
        "ORGAO_EXEC": "CPRM",
        "PROJETO": "Setorização de Áreas em Alto e Muito Alto Risco a Movimentos de Massa, Enchentes e Inundações",
        "UTME": "671526.15",
        "UTMN": "7587335.44",
        "ZONA": "23",
        "Shape_Leng": "1435,928808"
      }
    },
    {
      "type": "Feature",
      "geometry": {
        "type": "Polygon",
        "coordinates": [
          [
            [
              -43.33339628940892,
              -21.77540136039385
            ],
            [
              -43.33364576527126,
              -21.77539238573366
            ],
            [
              -43.333816686742,
              -21.77533943772738
            ],
            [
              -43.33401234789055,
              -21.77517954586195
            ],
            [
              -43.33412105843504,
              -21.77507978798137
            ],
            [
              -43.33440227000877,
              -21.77542758909437
            ],
            [
              -43.33472777521595,
              -21.77582776926746
            ],
            [
              -43.33505489296133,
              -21.77622411657121
            ],
            [
              -43.3350875269254,
              -21.77639381117533
            ],
            [
              -43.33514969833339,
              -21.77669797135996
            ],
            [
              -43.33485846342772,
              -21.77677361743305
            ],
            [
              -43.33469024596358,
              -21.77735404513803
            ],
            [
              -43.33405326645357,
              -21.77723854043964
            ],
            [
              -43.33337583593721,
              -21.77662359083098
            ],
            [
              -43.33346442879019,
              -21.77647296369875
            ],
            [
              -43.33343602911679,
              -21.77633842536734
            ],
            [
              -43.33342781593284,
              -21.7763249173615
            ],
            [
              -43.33342520829767,
              -21.77631953327455
            ],
            [
              -43.33333334825064,
              -21.77615520244735
            ],
            [
              -43.3332348749716,
              -21.77612835629894
            ],
            [
              -43.33315235282484,
              -21.77607936725916
            ],
            [
              -43.33314486818368,
              -21.77592527320254
            ],
            [
              -43.33306573354761,
              -21.77564102955033
            ],
            [
              -43.33296705938039,
              -21.77524577311788
            ],
            [
              -43.33339628940892,
              -21.77540136039385
            ]
          ]
        ]
      },
      "properties": {
        "LOCAL": "Rua Inácio Assis Vilaça",
        "DATA_SETOR": "Outubro de 2017",
        "NUM_SETOR": "MG_JUIZDEF_SR_16_CPRM",
        "TIPOLO_G1": "Deslizamento",
        "TIPOLO_E1": "Deslizamento planar",
        "COBRADE_01": "1.1.3.2.1",
        "TIPOLO_G2": "",
        "TIPOLO_E2": "",
        "COBRADE_02": "",
        "TIPOLO_G3": "",
        "TIPOLO_E3": "",
        "COBRADE_03": "",
        "TIPOLO_G4": "",
        "TIPOLO_E4": "",
        "COBRADE_04": "",
        "TIPOLO_G5": "",
        "TIPOLO_E5": "",
        "COBRADE_05": "",
        "SITUACAO": "Instalado",
        "DESCRICAO": "Ocupaçoes em encosta de alto aclive por meio de corte verticalizado e aterro com historicos de deslizamentos.",
        "NUM_EDIF": "150",
        "NUM_PESS": "300",
        "OBS_OCUP": "Casas de Alvenaria",
        "GRAU_VULNE": "Alto",
        "GRAU_RISCO": "Muito alto",
        "SUG_INTERV": "Estudo Geotecnico para avaliação de obras de contenção, implantação de sistemas de drenagem, monitoramento.",
        "ORGAO_EXEC": "CPRM",
        "PROJETO": "Setorização de Áreas em Alto e Muito Alto Risco a Movimentos de Massa, Enchentes e Inundações",
        "UTME": "672256.70",
        "UTMN": "7591024.45",
        "ZONA": "23",
        "Shape_Leng": "782,415028"
      }
    },
    {
      "type": "Feature",
      "geometry": {
        "type": "Polygon",
        "coordinates": [
          [
            [
              -43.36363612303869,
              -21.80808455732548
            ],
            [
              -43.36338597141202,
              -21.8084081157131
            ],
            [
              -43.36358115323496,
              -21.80860547856952
            ],
            [
              -43.3630894846674,
              -21.80880130059325
            ],
            [
              -43.36316645246918,
              -21.80903181383322
            ],
            [
              -43.36234704479934,
              -21.80936679024553
            ],
            [
              -43.36128955628559,
              -21.80969574962626
            ],
            [
              -43.3610713768599,
              -21.80946499368509
            ],
            [
              -43.36090985566341,
              -21.80930740798205
            ],
            [
              -43.36083404030931,
              -21.80921436729058
            ],
            [
              -43.36065005720325,
              -21.80901182516259
            ],
            [
              -43.36051943542072,
              -21.80888033792976
            ],
            [
              -43.35961362403558,
              -21.80811980329908
            ],
            [
              -43.35942932312214,
              -21.80799941258088
            ],
            [
              -43.35964089704643,
              -21.80774187488473
            ],
            [
              -43.35998737754768,
              -21.80770806569304
            ],
            [
              -43.36019031586521,
              -21.80746300596472
            ],
            [
              -43.36044392594886,
              -21.80741886831577
            ],
            [
              -43.36094302195585,
              -21.80755619767811
            ],
            [
              -43.36127955219425,
              -21.80788203943164
            ],
            [
              -43.36197538024118,
              -21.80782615106361
            ],
            [
              -43.36268778538916,
              -21.80775771957719
            ],
            [
              -43.36311261447993,
              -21.80771335715655
            ],
            [
              -43.36324691677834,
              -21.80770719911913
            ],
            [
              -43.36363612303869,
              -21.80808455732548
            ]
          ]
        ]
      },
      "properties": {
        "LOCAL": "Rua Doutor Alziro Zarur",
        "DATA_SETOR": "Outubro de 2017",
        "NUM_SETOR": "MG_JUIZDEF_SR_17_CPRM",
        "TIPOLO_G1": "Deslizamento",
        "TIPOLO_E1": "Deslizamento planar",
        "COBRADE_01": "1.1.3.2.1",
        "TIPOLO_G2": "",
        "TIPOLO_E2": "",
        "COBRADE_02": "",
        "TIPOLO_G3": "",
        "TIPOLO_E3": "",
        "COBRADE_03": "",
        "TIPOLO_G4": "",
        "TIPOLO_E4": "",
        "COBRADE_04": "",
        "TIPOLO_G5": "",
        "TIPOLO_E5": "",
        "COBRADE_05": "",
        "SITUACAO": "Instalado",
        "DESCRICAO": "Ocupaçoes em encosta de alto aclive por meio de corte verticalizado e aterro com historicos de deslizamentos.",
        "NUM_EDIF": "250",
        "NUM_PESS": "1000",
        "OBS_OCUP": "Casas de Alvenaria",
        "GRAU_VULNE": "Alto",
        "GRAU_RISCO": "Alto",
        "SUG_INTERV": "Monitoramento, estudo Geotecnico para avaliação de obras de contenção, implantação de sistemas de drenagem.",
        "ORGAO_EXEC": "CPRM",
        "PROJETO": "Setorização de Áreas em Alto e Muito Alto Risco a Movimentos de Massa, Enchentes e Inundações",
        "UTME": "669378.53",
        "UTMN": "7587452.20",
        "ZONA": "23",
        "Shape_Leng": "1132,543194"
      }
    },
    {
      "type": "Feature",
      "geometry": {
        "type": "Polygon",
        "coordinates": [
          [
            [
              -43.36416465023704,
              -21.80403031696541
            ],
            [
              -43.36331177321105,
              -21.80432846520138
            ],
            [
              -43.36322913305994,
              -21.8043382344403
            ],
            [
              -43.36306569335478,
              -21.80411841072318
            ],
            [
              -43.36287334291368,
              -21.80388175436047
            ],
            [
              -43.3628684268602,
              -21.80388259257568
            ],
            [
              -43.36253572747887,
              -21.80374731428319
            ],
            [
              -43.36232761031994,
              -21.8037039097287
            ],
            [
              -43.36217761542344,
              -21.80365512380855
            ],
            [
              -43.36202248580026,
              -21.80319799020176
            ],
            [
              -43.3623169975546,
              -21.80305630005306
            ],
            [
              -43.36239716506091,
              -21.80295090922879
            ],
            [
              -43.36249303679718,
              -21.80272053170136
            ],
            [
              -43.36277649840346,
              -21.80269826905562
            ],
            [
              -43.36290716710098,
              -21.80304641496953
            ],
            [
              -43.36291406847938,
              -21.80305274714237
            ],
            [
              -43.36317511027789,
              -21.80328904017572
            ],
            [
              -43.36318509614007,
              -21.80329255328439
            ],
            [
              -43.3634508270382,
              -21.80338004434755
            ],
            [
              -43.36386017554003,
              -21.803603282424
            ],
            [
              -43.36416465023704,
              -21.80403031696541
            ]
          ]
        ]
      },
      "properties": {
        "LOCAL": "Rua José Lanziotti",
        "DATA_SETOR": "Outubro de 2017",
        "NUM_SETOR": "MG_JUIZDEF_SR_18_CPRM",
        "TIPOLO_G1": "Deslizamento",
        "TIPOLO_E1": "Deslizamento planar",
        "COBRADE_01": "1.1.3.2.1",
        "TIPOLO_G2": "",
        "TIPOLO_E2": "",
        "COBRADE_02": "",
        "TIPOLO_G3": "",
        "TIPOLO_E3": "",
        "COBRADE_03": "",
        "TIPOLO_G4": "",
        "TIPOLO_E4": "",
        "COBRADE_04": "",
        "TIPOLO_G5": "",
        "TIPOLO_E5": "",
        "COBRADE_05": "",
        "SITUACAO": "Instalado",
        "DESCRICAO": "Ocupaçoes em encosta de alto aclive por meio de corte verticalizado e aterro com historicos de deslizamentos.",
        "NUM_EDIF": "80",
        "NUM_PESS": "320",
        "OBS_OCUP": "Casas de Alvenaria",
        "GRAU_VULNE": "Alto",
        "GRAU_RISCO": "Alto",
        "SUG_INTERV": "Monitoramento, estudo Geotecnico para avaliação de obras de contenção, implantação de sistemas de drenagem.",
        "ORGAO_EXEC": "CPRM",
        "PROJETO": "Setorização de Áreas em Alto e Muito Alto Risco a Movimentos de Massa, Enchentes e Inundações",
        "UTME": "669258.74",
        "UTMN": "7588019.12",
        "ZONA": "23",
        "Shape_Leng": "615,751897"
      }
    },
    {
      "type": "Feature",
      "geometry": {
        "type": "Polygon",
        "coordinates": [
          [
            [
              -43.35361592832253,
              -21.80414603525916
            ],
            [
              -43.35299436491626,
              -21.80419641399157
            ],
            [
              -43.35284755879093,
              -21.80425318664982
            ],
            [
              -43.3526714791708,
              -21.80436979086608
            ],
            [
              -43.35237322011056,
              -21.80470564301263
            ],
            [
              -43.35207875666971,
              -21.8050841050163
            ],
            [
              -43.35199122708217,
              -21.8052268493249
            ],
            [
              -43.35160940268214,
              -21.80497745300251
            ],
            [
              -43.35184521880317,
              -21.80446826544029
            ],
            [
              -43.35202303569723,
              -21.80414734181301
            ],
            [
              -43.35201702807682,
              -21.80401730692612
            ],
            [
              -43.35192695801522,
              -21.80362383504473
            ],
            [
              -43.35194807174589,
              -21.80334659807258
            ],
            [
              -43.35208091701878,
              -21.80308696319315
            ],
            [
              -43.35238753764548,
              -21.80275496206898
            ],
            [
              -43.35296112388908,
              -21.80274350196117
            ],
            [
              -43.35321256179982,
              -21.8029362689688
            ],
            [
              -43.35345918814701,
              -21.80309727517049
            ],
            [
              -43.35408850970191,
              -21.80268963609909
            ],
            [
              -43.35441648667545,
              -21.80281018234711
            ],
            [
              -43.35450859147444,
              -21.80307820002768
            ],
            [
              -43.35477215227841,
              -21.80351865367111
            ],
            [
              -43.35456332652638,
              -21.80376162570553
            ],
            [
              -43.35443536179602,
              -21.80403536439415
            ],
            [
              -43.35442270017678,
              -21.80404063307508
            ],
            [
              -43.35361592832253,
              -21.80414603525916
            ]
          ]
        ]
      },
      "properties": {
        "LOCAL": "Rua Amaro Correia de Oliveira",
        "DATA_SETOR": "Outubro de 2017",
        "NUM_SETOR": "MG_JUIZDEF_SR_19_CPRM",
        "TIPOLO_G1": "Deslizamento",
        "TIPOLO_E1": "Deslizamento planar",
        "COBRADE_01": "1.1.3.2.1",
        "TIPOLO_G2": "",
        "TIPOLO_E2": "",
        "COBRADE_02": "",
        "TIPOLO_G3": "",
        "TIPOLO_E3": "",
        "COBRADE_03": "",
        "TIPOLO_G4": "",
        "TIPOLO_E4": "",
        "COBRADE_04": "",
        "TIPOLO_G5": "",
        "TIPOLO_E5": "",
        "COBRADE_05": "",
        "SITUACAO": "Instalado",
        "DESCRICAO": "Ocupaçoes em encosta de alto aclive por meio de corte verticalizado e aterro com historicos de deslizamentos.",
        "NUM_EDIF": "150",
        "NUM_PESS": "600",
        "OBS_OCUP": "Casas de Alvenaria",
        "GRAU_VULNE": "Alto",
        "GRAU_RISCO": "Alto",
        "SUG_INTERV": "Monitoramento, estudo Geotecnico para avaliação de obras de contenção, implantação de sistemas de drenagem.",
        "ORGAO_EXEC": "CPRM",
        "PROJETO": "Setorização de Áreas em Alto e Muito Alto Risco a Movimentos de Massa, Enchentes e Inundações",
        "UTME": "670219.37",
        "UTMN": "7588008.86",
        "ZONA": "23",
        "Shape_Leng": "1021,312029"
      }
    },
    {
      "type": "Feature",
      "geometry": {
        "type": "Polygon",
        "coordinates": [
          [
            [
              -43.35378478272224,
              -21.80605197110721
            ],
            [
              -43.35351920495521,
              -21.80575848268364
            ],
            [
              -43.35367757116178,
              -21.80544141685235
            ],
            [
              -43.35401247091234,
              -21.80489520585998
            ],
            [
              -43.35431136069708,
              -21.80436499222865
            ],
            [
              -43.35452078222967,
              -21.80411934581712
            ],
            [
              -43.35468048516509,
              -21.80413553381047
            ],
            [
              -43.35494140204641,
              -21.80432697481115
            ],
            [
              -43.3551829424638,
              -21.80452888117634
            ],
            [
              -43.35494628070882,
              -21.80470457738794
            ],
            [
              -43.35455040465557,
              -21.80543208328164
            ],
            [
              -43.35378478272224,
              -21.80605197110721
            ]
          ]
        ]
      },
      "properties": {
        "LOCAL": "Rua André dos Santos Rocha",
        "DATA_SETOR": "Outubro de 2017",
        "NUM_SETOR": "MG_JUIZDEF_SR_20_CPRM",
        "TIPOLO_G1": "Deslizamento",
        "TIPOLO_E1": "Deslizamento planar",
        "COBRADE_01": "1.1.3.2.1",
        "TIPOLO_G2": "",
        "TIPOLO_E2": "",
        "COBRADE_02": "",
        "TIPOLO_G3": "",
        "TIPOLO_E3": "",
        "COBRADE_03": "",
        "TIPOLO_G4": "",
        "TIPOLO_E4": "",
        "COBRADE_04": "",
        "TIPOLO_G5": "",
        "TIPOLO_E5": "",
        "COBRADE_05": "",
        "SITUACAO": "Instalado",
        "DESCRICAO": "Ocupaçoes em encosta de alto aclive por meio de corte verticalizado e aterro com historicos de deslizamentos.",
        "NUM_EDIF": "150",
        "NUM_PESS": "600",
        "OBS_OCUP": "Casas de Alvenaria",
        "GRAU_VULNE": "Alto",
        "GRAU_RISCO": "Alto",
        "SUG_INTERV": "Monitoramento, estudo Geotecnico para avaliação de obras de contenção, implantação de sistemas de drenagem.",
        "ORGAO_EXEC": "CPRM",
        "PROJETO": "Setorização de Áreas em Alto e Muito Alto Risco a Movimentos de Massa, Enchentes e Inundações",
        "UTME": "670131.69",
        "UTMN": "7587851.29",
        "ZONA": "23",
        "Shape_Leng": "562,912229"
      }
    },
    {
      "type": "Feature",
      "geometry": {
        "type": "Polygon",
        "coordinates": [
          [
            [
              -43.35757649862875,
              -21.79423431692806
            ],
            [
              -43.35836725597687,
              -21.79393870962397
            ],
            [
              -43.35910076421879,
              -21.7930759510642
            ],
            [
              -43.35992498281338,
              -21.79323825213805
            ],
            [
              -43.36035049720616,
              -21.79283813609382
            ],
            [
              -43.36066301351699,
              -21.7929751781184
            ],
            [
              -43.36131716267042,
              -21.79247779335642
            ],
            [
              -43.36122004773653,
              -21.79272856641956
            ],
            [
              -43.3611147322755,
              -21.79338858737093
            ],
            [
              -43.36120408932938,
              -21.79366301455942
            ],
            [
              -43.36132453419346,
              -21.79400245062712
            ],
            [
              -43.36159884454958,
              -21.79429365128063
            ],
            [
              -43.36226708135087,
              -21.7947822096559
            ],
            [
              -43.36249364280752,
              -21.79502648166815
            ],
            [
              -43.36276401717409,
              -21.79510008078603
            ],
            [
              -43.36304150816552,
              -21.79504402008504
            ],
            [
              -43.36346557196364,
              -21.79512483211738
            ],
            [
              -43.36369994716129,
              -21.79515761015828
            ],
            [
              -43.36404656655992,
              -21.79503482497517
            ],
            [
              -43.364268000478,
              -21.79492041958728
            ],
            [
              -43.3645404519547,
              -21.79500374862639
            ],
            [
              -43.36464410567369,
              -21.79503969113523
            ],
            [
              -43.36401960890688,
              -21.79593636777757
            ],
            [
              -43.36298069220718,
              -21.79582865763245
            ],
            [
              -43.36139797033957,
              -21.79621467479156
            ],
            [
              -43.3608272732816,
              -21.79672572878401
            ],
            [
              -43.36038147156682,
              -21.79659552422874
            ],
            [
              -43.35963649963976,
              -21.79635481716939
            ],
            [
              -43.35864337012489,
              -21.79567194832602
            ],
            [
              -43.3587833349028,
              -21.79556131039293
            ],
            [
              -43.35786314438149,
              -21.79516187529099
            ],
            [
              -43.35757649862875,
              -21.79423431692806
            ]
          ]
        ]
      },
      "properties": {
        "LOCAL": "Rua João Moreira da Rocha",
        "DATA_SETOR": "Outubro de 2017",
        "NUM_SETOR": "MG_JUIZDEF_SR_21_CPRM",
        "TIPOLO_G1": "Deslizamento",
        "TIPOLO_E1": "Deslizamento planar",
        "COBRADE_01": "1.1.3.2.1",
        "TIPOLO_G2": "Rastejo",
        "TIPOLO_E2": "",
        "COBRADE_02": "0",
        "TIPOLO_G3": "",
        "TIPOLO_E3": "",
        "COBRADE_03": "",
        "TIPOLO_G4": "",
        "TIPOLO_E4": "",
        "COBRADE_04": "",
        "TIPOLO_G5": "",
        "TIPOLO_E5": "",
        "COBRADE_05": "",
        "SITUACAO": "Instalado",
        "DESCRICAO": "Ocupaçoes em encosta de alto aclive por meio de corte verticalizado e aterro com historicos de deslizamentos.",
        "NUM_EDIF": "250",
        "NUM_PESS": "1000",
        "OBS_OCUP": "Casas de Alvenaria",
        "GRAU_VULNE": "Alto",
        "GRAU_RISCO": "Muito alto",
        "SUG_INTERV": "Estudo Geotecnico para avaliação de obras de contenção, implantação de sistemas de drenagem, monitoramento.",
        "ORGAO_EXEC": "CPRM",
        "PROJETO": "Setorização de Áreas em Alto e Muito Alto Risco a Movimentos de Massa, Enchentes e Inundações",
        "UTME": "670131.69",
        "UTMN": "7587851.29",
        "ZONA": "23",
        "Shape_Leng": "2022,643641"
      }
    },
    {
      "type": "Feature",
      "geometry": {
        "type": "Polygon",
        "coordinates": [
          [
            [
              -43.36382144556186,
              -21.79304877426147
            ],
            [
              -43.36386924098301,
              -21.79331248571236
            ],
            [
              -43.36402413794703,
              -21.79327490255768
            ],
            [
              -43.36417099253888,
              -21.79351518200409
            ],
            [
              -43.36397434028617,
              -21.793657179326
            ],
            [
              -43.36395870061099,
              -21.79367127259079
            ],
            [
              -43.36393995858106,
              -21.79368569280105
            ],
            [
              -43.36381640673292,
              -21.79356133803841
            ],
            [
              -43.36377016907547,
              -21.7935540039381
            ],
            [
              -43.36359610210396,
              -21.79360448627397
            ],
            [
              -43.36334846762734,
              -21.79365248917031
            ],
            [
              -43.36317787822934,
              -21.79363698623041
            ],
            [
              -43.36309474358055,
              -21.79337286488001
            ],
            [
              -43.36302269769227,
              -21.79339838564572
            ],
            [
              -43.3628286933359,
              -21.79299504568563
            ],
            [
              -43.36319369688808,
              -21.7928870545524
            ],
            [
              -43.36366074555036,
              -21.79265454873652
            ],
            [
              -43.36382144556186,
              -21.79304877426147
            ]
          ]
        ]
      },
      "properties": {
        "LOCAL": "Rua Maria Eugênia de Menezes",
        "DATA_SETOR": "Outubro de 2017",
        "NUM_SETOR": "MG_JUIZDEF_SR_22_CPRM",
        "TIPOLO_G1": "Deslizamento",
        "TIPOLO_E1": "Deslizamento planar",
        "COBRADE_01": "1.1.3.2.1",
        "TIPOLO_G2": "",
        "TIPOLO_E2": "",
        "COBRADE_02": "",
        "TIPOLO_G3": "",
        "TIPOLO_E3": "",
        "COBRADE_03": "",
        "TIPOLO_G4": "",
        "TIPOLO_E4": "",
        "COBRADE_04": "",
        "TIPOLO_G5": "",
        "TIPOLO_E5": "",
        "COBRADE_05": "",
        "SITUACAO": "Instalado",
        "DESCRICAO": "Ocupaçoes em encosta de alto aclive por meio de corte verticalizado e aterro com historicos de deslizamentos.",
        "NUM_EDIF": "50",
        "NUM_PESS": "200",
        "OBS_OCUP": "Casas de Alvenaria",
        "GRAU_VULNE": "Alto",
        "GRAU_RISCO": "Muito alto",
        "SUG_INTERV": "Estudo Geotecnico para avaliação de obras de contenção, implantação de sistemas de drenagem, monitoramento.",
        "ORGAO_EXEC": "CPRM",
        "PROJETO": "Setorização de Áreas em Alto e Muito Alto Risco a Movimentos de Massa, Enchentes e Inundações",
        "UTME": "669198.50",
        "UTMN": "7589129.58",
        "ZONA": "23",
        "Shape_Leng": "422,049301"
      }
    },
    {
      "type": "Feature",
      "geometry": {
        "type": "Polygon",
        "coordinates": [
          [
            [
              -43.34417525635217,
              -21.79069952600755
            ],
            [
              -43.34415270131996,
              -21.79086361634941
            ],
            [
              -43.34415867339438,
              -21.7909413599244
            ],
            [
              -43.3443048482357,
              -21.79097333874227
            ],
            [
              -43.34430651282875,
              -21.79106708728712
            ],
            [
              -43.34420368822813,
              -21.79108615671042
            ],
            [
              -43.34418565038466,
              -21.79117929863759
            ],
            [
              -43.34415548415096,
              -21.79126983609492
            ],
            [
              -43.34408613330032,
              -21.7914422518924
            ],
            [
              -43.34407303964598,
              -21.79158104524299
            ],
            [
              -43.34404088820457,
              -21.79165984911066
            ],
            [
              -43.34400468604693,
              -21.79175502088154
            ],
            [
              -43.34392884907687,
              -21.79183405700615
            ],
            [
              -43.34383866367779,
              -21.79191776423561
            ],
            [
              -43.34374789836054,
              -21.79206504305
            ],
            [
              -43.34364219433704,
              -21.79220531580447
            ],
            [
              -43.34307804895739,
              -21.79198857091625
            ],
            [
              -43.34305568565902,
              -21.79167057774825
            ],
            [
              -43.34320817840563,
              -21.79145446557892
            ],
            [
              -43.34337671140669,
              -21.79122005168075
            ],
            [
              -43.34337869286922,
              -21.7910555122466
            ],
            [
              -43.34316066555154,
              -21.79097060324574
            ],
            [
              -43.34310738242976,
              -21.79093076144446
            ],
            [
              -43.34294666077977,
              -21.7906532161434
            ],
            [
              -43.34341680665719,
              -21.79048758109334
            ],
            [
              -43.34377659059058,
              -21.7905311341699
            ],
            [
              -43.34417525635217,
              -21.79069952600755
            ]
          ]
        ]
      },
      "properties": {
        "LOCAL": "Rua José Ozimbo de Oliveira",
        "DATA_SETOR": "Outubro de 2017",
        "NUM_SETOR": "MG_JUIZDEF_SR_23_CPRM",
        "TIPOLO_G1": "Deslizamento",
        "TIPOLO_E1": "Deslizamento planar",
        "COBRADE_01": "1.1.3.2.1",
        "TIPOLO_G2": "",
        "TIPOLO_E2": "",
        "COBRADE_02": "",
        "TIPOLO_G3": "",
        "TIPOLO_E3": "",
        "COBRADE_03": "",
        "TIPOLO_G4": "",
        "TIPOLO_E4": "",
        "COBRADE_04": "",
        "TIPOLO_G5": "",
        "TIPOLO_E5": "",
        "COBRADE_05": "",
        "SITUACAO": "Instalado",
        "DESCRICAO": "Ocupaçoes em encosta de alto aclive por meio de corte verticalizado e aterro com historicos de deslizamentos.",
        "NUM_EDIF": "250",
        "NUM_PESS": "1000",
        "OBS_OCUP": "Casas de Alvenaria",
        "GRAU_VULNE": "Alto",
        "GRAU_RISCO": "Muito alto",
        "SUG_INTERV": "Estudo Geotecnico para avaliação de obras de contenção, implantação de sistemas de drenagem, monitoramento.",
        "ORGAO_EXEC": "CPRM",
        "PROJETO": "Setorização de Áreas em Alto e Muito Alto Risco a Movimentos de Massa, Enchentes e Inundações",
        "UTME": "671224.83",
        "UTMN": "7589355.57",
        "ZONA": "23",
        "Shape_Leng": "581,373764"
      }
    },
    {
      "type": "Feature",
      "geometry": {
        "type": "Polygon",
        "coordinates": [
          [
            [
              -43.35727988492322,
              -21.79233325928144
            ],
            [
              -43.35748267456934,
              -21.79246235615541
            ],
            [
              -43.35790986482681,
              -21.79282027957504
            ],
            [
              -43.35791240801604,
              -21.79282157928154
            ],
            [
              -43.35819109877843,
              -21.7929347041447
            ],
            [
              -43.35843372456289,
              -21.79295419308619
            ],
            [
              -43.35876501273705,
              -21.79304274217605
            ],
            [
              -43.35840135604469,
              -21.79381107913018
            ],
            [
              -43.35817666101537,
              -21.79376935785398
            ],
            [
              -43.35782713541143,
              -21.79404928263789
            ],
            [
              -43.35756202512085,
              -21.79418024063176
            ],
            [
              -43.35701160944313,
              -21.79383619144008
            ],
            [
              -43.35661646794963,
              -21.79323277633809
            ],
            [
              -43.35645675026025,
              -21.79282336805471
            ],
            [
              -43.35645566622045,
              -21.79245655980101
            ],
            [
              -43.35717271585037,
              -21.79217432266984
            ],
            [
              -43.35727988492322,
              -21.79233325928144
            ]
          ]
        ]
      },
      "properties": {
        "LOCAL": "Rua Francisco Gonçalves Mariano",
        "DATA_SETOR": "Outubro de 2017",
        "NUM_SETOR": "MG_JUIZDEF_SR_24_CPRM",
        "TIPOLO_G1": "Deslizamento",
        "TIPOLO_E1": "Deslizamento planar",
        "COBRADE_01": "1.1.3.2.1",
        "TIPOLO_G2": "",
        "TIPOLO_E2": "",
        "COBRADE_02": "",
        "TIPOLO_G3": "",
        "TIPOLO_E3": "",
        "COBRADE_03": "",
        "TIPOLO_G4": "",
        "TIPOLO_E4": "",
        "COBRADE_04": "",
        "TIPOLO_G5": "",
        "TIPOLO_E5": "",
        "COBRADE_05": "",
        "SITUACAO": "Instalado",
        "DESCRICAO": "Ocupaçoes em encosta de alto aclive por meio de corte verticalizado e aterro com historicos de deslizamentos.",
        "NUM_EDIF": "200",
        "NUM_PESS": "800",
        "OBS_OCUP": "Casas de Alvenaria",
        "GRAU_VULNE": "Alto",
        "GRAU_RISCO": "Alto",
        "SUG_INTERV": "Monitoramento, estudo Geotecnico para avaliação de obras de contenção, implantação de sistemas de drenagem.",
        "ORGAO_EXEC": "CPRM",
        "PROJETO": "Setorização de Áreas em Alto e Muito Alto Risco a Movimentos de Massa, Enchentes e Inundações",
        "UTME": "670131.69",
        "UTMN": "670131.69",
        "ZONA": "23",
        "Shape_Leng": "709,513788"
      }
    },
    {
      "type": "Feature",
      "geometry": {
        "type": "Polygon",
        "coordinates": [
          [
            [
              -43.355104339154,
              -21.79848078785974
            ],
            [
              -43.35508742564533,
              -21.79805798066053
            ],
            [
              -43.35503343130636,
              -21.79774991705285
            ],
            [
              -43.35490673774253,
              -21.79746646796862
            ],
            [
              -43.35483300476122,
              -21.79728322879136
            ],
            [
              -43.35488695362456,
              -21.79722080803821
            ],
            [
              -43.3552278331352,
              -21.79719728805649
            ],
            [
              -43.35551748469725,
              -21.79721338687232
            ],
            [
              -43.35553166697889,
              -21.79747262764214
            ],
            [
              -43.35560927252436,
              -21.79776625631145
            ],
            [
              -43.35568277687416,
              -21.79806469886442
            ],
            [
              -43.35579378802429,
              -21.79849162392795
            ],
            [
              -43.35608847566131,
              -21.79864117308483
            ],
            [
              -43.35704590860146,
              -21.79960171436569
            ],
            [
              -43.35616147930836,
              -21.79958838367006
            ],
            [
              -43.35604752308093,
              -21.79950885192528
            ],
            [
              -43.3558921590672,
              -21.79935079491785
            ],
            [
              -43.35511357496524,
              -21.79922972005046
            ],
            [
              -43.355104339154,
              -21.79848078785974
            ]
          ]
        ]
      },
      "properties": {
        "LOCAL": "Rua Adail Alevato",
        "DATA_SETOR": "Outubro de 2017",
        "NUM_SETOR": "MG_JUIZDEF_SR_25_CPRM",
        "TIPOLO_G1": "Deslizamento",
        "TIPOLO_E1": "Deslizamento planar",
        "COBRADE_01": "1.1.3.2.1",
        "TIPOLO_G2": "",
        "TIPOLO_E2": "",
        "COBRADE_02": "",
        "TIPOLO_G3": "",
        "TIPOLO_E3": "",
        "COBRADE_03": "",
        "TIPOLO_G4": "",
        "TIPOLO_E4": "",
        "COBRADE_04": "",
        "TIPOLO_G5": "",
        "TIPOLO_E5": "",
        "COBRADE_05": "",
        "SITUACAO": "Instalado",
        "DESCRICAO": "Ocupaçoes em encosta de alto aclive por meio de corte verticalizado e aterro com historicos de deslizamentos.",
        "NUM_EDIF": "100",
        "NUM_PESS": "400",
        "OBS_OCUP": "Casas de Alvenaria",
        "GRAU_VULNE": "Alto",
        "GRAU_RISCO": "Alto",
        "SUG_INTERV": "Monitoramento, estudo Geotecnico para avaliação de obras de contenção, implantação de sistemas de drenagem.",
        "ORGAO_EXEC": "CPRM",
        "PROJETO": "7591809.52",
        "UTME": "669993.73",
        "UTMN": "669993.73",
        "ZONA": "23",
        "Shape_Leng": "830,559754"
      }
    },
    {
      "type": "Feature",
      "geometry": {
        "type": "Polygon",
        "coordinates": [
          [
            [
              -43.33269959021759,
              -21.77894381445017
            ],
            [
              -43.33284783993747,
              -21.77887899583564
            ],
            [
              -43.33301052529263,
              -21.77876513338342
            ],
            [
              -43.33324090533083,
              -21.77842298081538
            ],
            [
              -43.33343096868887,
              -21.77807274143403
            ],
            [
              -43.33351838946381,
              -21.77777794601541
            ],
            [
              -43.33376924569422,
              -21.77742976234735
            ],
            [
              -43.3338706967462,
              -21.77747549168941
            ],
            [
              -43.33417842865843,
              -21.77743909439487
            ],
            [
              -43.3342488553081,
              -21.77785403270064
            ],
            [
              -43.33419474102193,
              -21.77844995777381
            ],
            [
              -43.33412249002905,
              -21.77869976260853
            ],
            [
              -43.33366555405881,
              -21.77996992003608
            ],
            [
              -43.33358425441586,
              -21.7799554412381
            ],
            [
              -43.33346180961779,
              -21.77993416370338
            ],
            [
              -43.33339056832688,
              -21.77995846856896
            ],
            [
              -43.33334234903004,
              -21.78001788089427
            ],
            [
              -43.33327012782427,
              -21.78003183596639
            ],
            [
              -43.33278965757769,
              -21.77966519991525
            ],
            [
              -43.33250373477875,
              -21.77941743857143
            ],
            [
              -43.33248602551691,
              -21.77920784443575
            ],
            [
              -43.33246829985716,
              -21.77899766395261
            ],
            [
              -43.33269959021759,
              -21.77894381445017
            ]
          ]
        ]
      },
      "properties": {
        "LOCAL": "Avenida Antônio Miranda",
        "DATA_SETOR": "Outubro de 2017",
        "NUM_SETOR": "MG_JUIZDEF_SR_26_CPRM",
        "TIPOLO_G1": "Deslizamento",
        "TIPOLO_E1": "Deslizamento planar",
        "COBRADE_01": "1.1.3.2.1",
        "TIPOLO_G2": "",
        "TIPOLO_E2": "",
        "COBRADE_02": "",
        "TIPOLO_G3": "",
        "TIPOLO_E3": "",
        "COBRADE_03": "",
        "TIPOLO_G4": "",
        "TIPOLO_E4": "",
        "COBRADE_04": "",
        "TIPOLO_G5": "",
        "TIPOLO_E5": "",
        "COBRADE_05": "",
        "SITUACAO": "Instalado",
        "DESCRICAO": "Ocupaçoes em encosta de alto aclive por meio de corte verticalizado e aterro com historicos de deslizamentos.",
        "NUM_EDIF": "75",
        "NUM_PESS": "300",
        "OBS_OCUP": "Casas de Alvenaria",
        "GRAU_VULNE": "Alto",
        "GRAU_RISCO": "Muito alto",
        "SUG_INTERV": "Estudo Geotecnico para avaliação de obras de contenção, implantação de sistemas de drenagem, monitoramento.",
        "ORGAO_EXEC": "CPRM",
        "PROJETO": "Setorização de Áreas em Alto e Muito Alto Risco a Movimentos de Massa, Enchentes e Inundações",
        "UTME": "672355.37",
        "UTMN": "7590726.45",
        "ZONA": "23",
        "Shape_Leng": "760,94007"
      }
    },
    {
      "type": "Feature",
      "geometry": {
        "type": "Polygon",
        "coordinates": [
          [
            [
              -43.31951483517182,
              -21.76733833622211
            ],
            [
              -43.31970402570419,
              -21.76797783400548
            ],
            [
              -43.32030372127994,
              -21.76791336005074
            ],
            [
              -43.32053461625797,
              -21.7682822876342
            ],
            [
              -43.32022278733465,
              -21.76874750181705
            ],
            [
              -43.31998510886698,
              -21.76904306674363
            ],
            [
              -43.31955294131279,
              -21.76916010922382
            ],
            [
              -43.31931470599856,
              -21.76923446327792
            ],
            [
              -43.31882713732884,
              -21.76954802572228
            ],
            [
              -43.31802577178812,
              -21.76959194410242
            ],
            [
              -43.31709297287154,
              -21.76954362394112
            ],
            [
              -43.31630310515475,
              -21.76981894173691
            ],
            [
              -43.31622140399048,
              -21.77004930295409
            ],
            [
              -43.31612206084095,
              -21.77026175828917
            ],
            [
              -43.31544526830892,
              -21.7694665140348
            ],
            [
              -43.31530451192371,
              -21.7692767768805
            ],
            [
              -43.31562012708245,
              -21.76887677537016
            ],
            [
              -43.31593943225569,
              -21.76870944997135
            ],
            [
              -43.31623307952357,
              -21.76853886763344
            ],
            [
              -43.31661715365881,
              -21.7684855977318
            ],
            [
              -43.3167361006788,
              -21.76849080621639
            ],
            [
              -43.31712165904236,
              -21.76840667983818
            ],
            [
              -43.31693771028471,
              -21.76803660637208
            ],
            [
              -43.31748523331576,
              -21.76762256632237
            ],
            [
              -43.31801052578965,
              -21.7671481306948
            ],
            [
              -43.31873730323333,
              -21.76691383220032
            ],
            [
              -43.31908798195313,
              -21.76723942281486
            ],
            [
              -43.31922275926878,
              -21.7677960296091
            ],
            [
              -43.31951483517182,
              -21.76733833622211
            ]
          ]
        ]
      },
      "properties": {
        "LOCAL": "Rua Firmino de Santana",
        "DATA_SETOR": "Outubro de 2017",
        "NUM_SETOR": "MG_JUIZDEF_SR_27_CPRM",
        "TIPOLO_G1": "Deslizamento",
        "TIPOLO_E1": "Deslizamento planar",
        "COBRADE_01": "1.1.3.2.1",
        "TIPOLO_G2": "",
        "TIPOLO_E2": "",
        "COBRADE_02": "",
        "TIPOLO_G3": "",
        "TIPOLO_E3": "",
        "COBRADE_03": "",
        "TIPOLO_G4": "",
        "TIPOLO_E4": "",
        "COBRADE_04": "",
        "TIPOLO_G5": "",
        "TIPOLO_E5": "",
        "COBRADE_05": "",
        "SITUACAO": "Instalado",
        "DESCRICAO": "Ocupaçoes em encosta de alto aclive por meio de corte verticalizado e aterro com historicos de deslizamentos.",
        "NUM_EDIF": "100",
        "NUM_PESS": "400",
        "OBS_OCUP": "Casas de Alvenaria",
        "GRAU_VULNE": "Alto",
        "GRAU_RISCO": "Alto",
        "SUG_INTERV": "Monitoramento, estudo Geotecnico para avaliação de obras de contenção, implantação de sistemas de drenagem.",
        "ORGAO_EXEC": "CPRM",
        "PROJETO": "Setorização de Áreas em Alto e Muito Alto Risco a Movimentos de Massa, Enchentes e Inundações",
        "UTME": "673911.89",
        "UTMN": "7591809.52",
        "ZONA": "23",
        "Shape_Leng": "1544,61231"
      }
    },
    {
      "type": "Feature",
      "geometry": {
        "type": "Polygon",
        "coordinates": [
          [
            [
              -43.32272577484496,
              -21.76937356389977
            ],
            [
              -43.32229436954373,
              -21.76921601531443
            ],
            [
              -43.32207140193185,
              -21.76910109943295
            ],
            [
              -43.32182032423921,
              -21.76896629222086
            ],
            [
              -43.32158649574173,
              -21.7688242074485
            ],
            [
              -43.32135077823248,
              -21.76865437497626
            ],
            [
              -43.32117225017318,
              -21.76839873006066
            ],
            [
              -43.32103139625134,
              -21.76806556118361
            ],
            [
              -43.32100737079723,
              -21.76801638912809
            ],
            [
              -43.32079111379335,
              -21.76763545013293
            ],
            [
              -43.32078465242429,
              -21.7676223558698
            ],
            [
              -43.32049708093793,
              -21.76738156426164
            ],
            [
              -43.32045796633779,
              -21.76736716287381
            ],
            [
              -43.32007901236572,
              -21.76695519481744
            ],
            [
              -43.32008117709639,
              -21.76681760632923
            ],
            [
              -43.32070411512959,
              -21.76724396464307
            ],
            [
              -43.32099522966409,
              -21.76734706755183
            ],
            [
              -43.32149177991262,
              -21.76762823480794
            ],
            [
              -43.32237810927133,
              -21.76859561096412
            ],
            [
              -43.32262090739126,
              -21.76897846844493
            ],
            [
              -43.3229308898898,
              -21.76916799528693
            ],
            [
              -43.32293832659107,
              -21.7691793083258
            ],
            [
              -43.32302146546581,
              -21.76936774071313
            ],
            [
              -43.32272577484496,
              -21.76937356389977
            ]
          ]
        ]
      },
      "properties": {
        "LOCAL": "Estrada Atos Branco da Rosa",
        "DATA_SETOR": "Outubro de 2017",
        "NUM_SETOR": "MG_JUIZDEF_SR_28_CPRM",
        "TIPOLO_G1": "Deslizamento",
        "TIPOLO_E1": "Deslizamento planar",
        "COBRADE_01": "1.1.3.2.1",
        "TIPOLO_G2": "",
        "TIPOLO_E2": "",
        "COBRADE_02": "",
        "TIPOLO_G3": "",
        "TIPOLO_E3": "",
        "COBRADE_03": "",
        "TIPOLO_G4": "",
        "TIPOLO_E4": "",
        "COBRADE_04": "",
        "TIPOLO_G5": "",
        "TIPOLO_E5": "",
        "COBRADE_05": "",
        "SITUACAO": "Instalado",
        "DESCRICAO": "Ocupaçoes em encosta de alto aclive por meio de corte verticalizado e aterro com historicos de deslizamentos.",
        "NUM_EDIF": "30",
        "NUM_PESS": "120",
        "OBS_OCUP": "Casas de Alvenaria",
        "GRAU_VULNE": "Alto",
        "GRAU_RISCO": "Alto",
        "SUG_INTERV": "Monitoramento, estudo Geotecnico para avaliação de obras de contenção, implantação de sistemas de drenagem.",
        "ORGAO_EXEC": "CPRM",
        "PROJETO": "Setorização de Áreas em Alto e Muito Alto Risco a Movimentos de Massa, Enchentes e Inundações",
        "UTME": "673576.09",
        "UTMN": "7591842.57",
        "ZONA": "23",
        "Shape_Leng": "867,612947"
      }
    },
    {
      "type": "Feature",
      "geometry": {
        "type": "Polygon",
        "coordinates": [
          [
            [
              -43.32310819765073,
              -21.77033145373326
            ],
            [
              -43.32350584493825,
              -21.77019807798456
            ],
            [
              -43.32358608193823,
              -21.77035991489982
            ],
            [
              -43.32369924815612,
              -21.77050971180875
            ],
            [
              -43.32400322146285,
              -21.77056985939261
            ],
            [
              -43.32433103220075,
              -21.77064615879242
            ],
            [
              -43.32453025236781,
              -21.77090398566995
            ],
            [
              -43.32462428647509,
              -21.77105382386356
            ],
            [
              -43.3246594522382,
              -21.77129104621344
            ],
            [
              -43.32469451273369,
              -21.77150237184234
            ],
            [
              -43.32466476967594,
              -21.77169540582463
            ],
            [
              -43.32457092733727,
              -21.77182672578562
            ],
            [
              -43.324465653782,
              -21.77192971567449
            ],
            [
              -43.32434502154803,
              -21.77216708233717
            ],
            [
              -43.32416116823033,
              -21.77243623562912
            ],
            [
              -43.32367805621242,
              -21.7729074106654
            ],
            [
              -43.32307668333958,
              -21.77375208127445
            ],
            [
              -43.32299098610002,
              -21.77392778560206
            ],
            [
              -43.32284431510605,
              -21.77407041844395
            ],
            [
              -43.32263925611083,
              -21.77415943099727
            ],
            [
              -43.32252169605086,
              -21.77412789607017
            ],
            [
              -43.32250366822054,
              -21.77401122124129
            ],
            [
              -43.3225693403782,
              -21.77358074826464
            ],
            [
              -43.32286659211137,
              -21.77307076684208
            ],
            [
              -43.32318654708139,
              -21.77264593743056
            ],
            [
              -43.32346318561427,
              -21.77221425530577
            ],
            [
              -43.32366060069145,
              -21.77185322417968
            ],
            [
              -43.32395718499571,
              -21.77141466488924
            ],
            [
              -43.32397816371572,
              -21.77126463840715
            ],
            [
              -43.32342144414234,
              -21.77075485040623
            ],
            [
              -43.32310819765073,
              -21.77033145373326
            ]
          ]
        ]
      },
      "properties": {
        "LOCAL": "Rua Florentina Garcia",
        "DATA_SETOR": "Outubro de 2017",
        "NUM_SETOR": "MG_JUIZDEF_SR_29_CPRM",
        "TIPOLO_G1": "Deslizamento",
        "TIPOLO_E1": "Deslizamento planar",
        "COBRADE_01": "1.1.3.2.1",
        "TIPOLO_G2": "",
        "TIPOLO_E2": "",
        "COBRADE_02": "",
        "TIPOLO_G3": "",
        "TIPOLO_E3": "",
        "COBRADE_03": "",
        "TIPOLO_G4": "",
        "TIPOLO_E4": "",
        "COBRADE_04": "",
        "TIPOLO_G5": "",
        "TIPOLO_E5": "",
        "COBRADE_05": "",
        "SITUACAO": "Instalado",
        "DESCRICAO": "Ocupaçoes em encosta de alto aclive por meio de corte verticalizado e aterro com historicos de deslizamentos.",
        "NUM_EDIF": "60",
        "NUM_PESS": "240",
        "OBS_OCUP": "Casas de Alvenaria",
        "GRAU_VULNE": "Alto",
        "GRAU_RISCO": "Alto",
        "SUG_INTERV": "Monitoramento, estudo Geotecnico para avaliação de obras de contenção, implantação de sistemas de drenagem.",
        "ORGAO_EXEC": "CPRM",
        "PROJETO": "Setorização de Áreas em Alto e Muito Alto Risco a Movimentos de Massa, Enchentes e Inundações",
        "UTME": "673333.06",
        "UTMN": "7591437.03",
        "ZONA": "23",
        "Shape_Leng": "1134,008805"
      }
    },
    {
      "type": "Feature",
      "geometry": {
        "type": "Polygon",
        "coordinates": [
          [
            [
              -43.32324116435881,
              -21.76934012711493
            ],
            [
              -43.32318659351189,
              -21.76917472440121
            ],
            [
              -43.32339922382749,
              -21.76886929501614
            ],
            [
              -43.32299835417746,
              -21.76831510526423
            ],
            [
              -43.3225249024641,
              -21.76759806124894
            ],
            [
              -43.32254319362301,
              -21.76695079624086
            ],
            [
              -43.32290364456093,
              -21.76652339393646
            ],
            [
              -43.32321570673132,
              -21.76641550562777
            ],
            [
              -43.32369113771695,
              -21.76646451582889
            ],
            [
              -43.32397638219761,
              -21.76661888107867
            ],
            [
              -43.32434078776522,
              -21.76675479814838
            ],
            [
              -43.32501233341841,
              -21.7663046419447
            ],
            [
              -43.32545951230893,
              -21.76710499098801
            ],
            [
              -43.32588552627172,
              -21.76769107157315
            ],
            [
              -43.32540150659323,
              -21.76791964870783
            ],
            [
              -43.32510862888162,
              -21.76803414899316
            ],
            [
              -43.3245047433923,
              -21.76856436032685
            ],
            [
              -43.32417918562948,
              -21.76893479355553
            ],
            [
              -43.32358222116228,
              -21.76923233830508
            ],
            [
              -43.32324116435881,
              -21.76934012711493
            ]
          ]
        ]
      },
      "properties": {
        "LOCAL": "Rua José Mazacoli",
        "DATA_SETOR": "Outubro de 2017",
        "NUM_SETOR": "MG_JUIZDEF_SR_30_CPRM",
        "TIPOLO_G1": "Deslizamento",
        "TIPOLO_E1": "Deslizamento planar",
        "COBRADE_01": "1.1.3.2.1",
        "TIPOLO_G2": "",
        "TIPOLO_E2": "",
        "COBRADE_02": "",
        "TIPOLO_G3": "",
        "TIPOLO_E3": "",
        "COBRADE_03": "",
        "TIPOLO_G4": "",
        "TIPOLO_E4": "",
        "COBRADE_04": "",
        "TIPOLO_G5": "",
        "TIPOLO_E5": "",
        "COBRADE_05": "",
        "SITUACAO": "Instalado",
        "DESCRICAO": "Ocupaçoes em encosta de alto aclive por meio de corte verticalizado e aterro com historicos de deslizamentos.",
        "NUM_EDIF": "30",
        "NUM_PESS": "120",
        "OBS_OCUP": "Casas de Alvenaria",
        "GRAU_VULNE": "Alto",
        "GRAU_RISCO": "Alto",
        "SUG_INTERV": "Monitoramento, estudo Geotecnico para avaliação de obras de contenção, implantação de sistemas de drenagem.",
        "ORGAO_EXEC": "CPRM",
        "PROJETO": "Setorização de Áreas em Alto e Muito Alto Risco a Movimentos de Massa, Enchentes e Inundações",
        "UTME": "673331.04",
        "UTMN": "7591970.25",
        "ZONA": "23",
        "Shape_Leng": "1116,165721"
      }
    },
    {
      "type": "Feature",
      "geometry": {
        "type": "Polygon",
        "coordinates": [
          [
            [
              -43.32783480422074,
              -21.76417739575693
            ],
            [
              -43.32779514267239,
              -21.76491632404122
            ],
            [
              -43.32766557716676,
              -21.76480215609084
            ],
            [
              -43.32743065515642,
              -21.76472147810137
            ],
            [
              -43.32722728842894,
              -21.76470694611414
            ],
            [
              -43.32693237163927,
              -21.76469319564931
            ],
            [
              -43.3269207663101,
              -21.76469057004787
            ],
            [
              -43.32637098033247,
              -21.76458462695205
            ],
            [
              -43.32612051891989,
              -21.76443630540941
            ],
            [
              -43.32598289603969,
              -21.76429880266241
            ],
            [
              -43.32665361504832,
              -21.76398294639036
            ],
            [
              -43.32680393214201,
              -21.76407072302638
            ],
            [
              -43.32728345645876,
              -21.76413871313406
            ],
            [
              -43.32751170659189,
              -21.76416951855893
            ],
            [
              -43.32783480422074,
              -21.76417739575693
            ]
          ]
        ]
      },
      "properties": {
        "LOCAL": "Rua Francisco Gonçalo de Faria",
        "DATA_SETOR": "Outubro de 2017",
        "NUM_SETOR": "MG_JUIZDEF_SR_31_CPRM",
        "TIPOLO_G1": "Deslizamento",
        "TIPOLO_E1": "Deslizamento planar",
        "COBRADE_01": "1.1.3.2.1",
        "TIPOLO_G2": "",
        "TIPOLO_E2": "",
        "COBRADE_02": "",
        "TIPOLO_G3": "",
        "TIPOLO_E3": "",
        "COBRADE_03": "",
        "TIPOLO_G4": "",
        "TIPOLO_E4": "",
        "COBRADE_04": "",
        "TIPOLO_G5": "",
        "TIPOLO_E5": "",
        "COBRADE_05": "",
        "SITUACAO": "Instalado",
        "DESCRICAO": "Ocupaçoes em encosta de alto aclive por meio de corte verticalizado e aterro com historicos de deslizamentos.",
        "NUM_EDIF": "50",
        "NUM_PESS": "200",
        "OBS_OCUP": "Casas de Alvenaria",
        "GRAU_VULNE": "Alto",
        "GRAU_RISCO": "Alto",
        "SUG_INTERV": "Monitoramento, estudo Geotecnico para avaliação de obras de contenção, implantação de sistemas de drenagem.",
        "ORGAO_EXEC": "CPRM",
        "PROJETO": "Setorização de Áreas em Alto e Muito Alto Risco a Movimentos de Massa, Enchentes e Inundações",
        "UTME": "672999.62",
        "UTMN": "7592344.75",
        "ZONA": "23",
        "Shape_Leng": "492,146277"
      }
    },
    {
      "type": "Feature",
      "geometry": {
        "type": "Polygon",
        "coordinates": [
          [
            [
              -43.32850560156673,
              -21.76379698426812
            ],
            [
              -43.32828427199767,
              -21.76356493098735
            ],
            [
              -43.32803334098198,
              -21.76348330632269
            ],
            [
              -43.32779532014212,
              -21.76380112819246
            ],
            [
              -43.32712582155074,
              -21.76405676621736
            ],
            [
              -43.32680948431518,
              -21.76402976030694
            ],
            [
              -43.32667420148115,
              -21.76391047768613
            ],
            [
              -43.32652962211556,
              -21.76362485674331
            ],
            [
              -43.32682861890098,
              -21.76355913393782
            ],
            [
              -43.32716642732934,
              -21.76347476638381
            ],
            [
              -43.32719764223575,
              -21.76326102423689
            ],
            [
              -43.32740543960353,
              -21.76316323363638
            ],
            [
              -43.32755281534647,
              -21.76280429776976
            ],
            [
              -43.32776854435188,
              -21.76227943197066
            ],
            [
              -43.32773029925889,
              -21.76206261911779
            ],
            [
              -43.32735540904736,
              -21.76144473666027
            ],
            [
              -43.32759641636665,
              -21.76123369934282
            ],
            [
              -43.32801359001482,
              -21.76084966033876
            ],
            [
              -43.3286760362577,
              -21.76069059997551
            ],
            [
              -43.32952148509173,
              -21.76081996243934
            ],
            [
              -43.32962354659721,
              -21.76130398265779
            ],
            [
              -43.32991721320002,
              -21.76137132765044
            ],
            [
              -43.33015986390943,
              -21.76147463382422
            ],
            [
              -43.33050614090841,
              -21.76213872764942
            ],
            [
              -43.33068094500813,
              -21.76265266775855
            ],
            [
              -43.33077524016064,
              -21.7628734708305
            ],
            [
              -43.33088804839007,
              -21.76295495107649
            ],
            [
              -43.3310879733434,
              -21.76300808725502
            ],
            [
              -43.33134488593017,
              -21.76287279121031
            ],
            [
              -43.33160232671958,
              -21.7632825551714
            ],
            [
              -43.3312289760966,
              -21.76356203187326
            ],
            [
              -43.33083321771947,
              -21.76337374485781
            ],
            [
              -43.33036493662267,
              -21.76321809813897
            ],
            [
              -43.32995467253233,
              -21.7631855129952
            ],
            [
              -43.32930306290576,
              -21.76334586605574
            ],
            [
              -43.32910498318643,
              -21.76337932192381
            ],
            [
              -43.32850560156673,
              -21.76379698426812
            ]
          ]
        ]
      },
      "properties": {
        "LOCAL": "Rua Natalino José de Paula",
        "DATA_SETOR": "Outubro de 2017",
        "NUM_SETOR": "MG_JUIZDEF_SR_32_CPRM",
        "TIPOLO_G1": "Deslizamento",
        "TIPOLO_E1": "Deslizamento planar",
        "COBRADE_01": "1.1.3.2.1",
        "TIPOLO_G2": "",
        "TIPOLO_E2": "",
        "COBRADE_02": "",
        "TIPOLO_G3": "",
        "TIPOLO_E3": "",
        "COBRADE_03": "",
        "TIPOLO_G4": "",
        "TIPOLO_E4": "",
        "COBRADE_04": "",
        "TIPOLO_G5": "",
        "TIPOLO_E5": "",
        "COBRADE_05": "",
        "SITUACAO": "Instalado",
        "DESCRICAO": "Ocupaçoes em encosta de alto aclive por meio de corte verticalizado e aterro com historicos de deslizamentos.",
        "NUM_EDIF": "150",
        "NUM_PESS": "600",
        "OBS_OCUP": "Casas de Alvenaria",
        "GRAU_VULNE": "Alto",
        "GRAU_RISCO": "Alto",
        "SUG_INTERV": "Monitoramento, estudo Geotecnico para avaliação de obras de contenção, implantação de sistemas de drenagem.",
        "ORGAO_EXEC": "CPRM",
        "PROJETO": "Setorização de Áreas em Alto e Muito Alto Risco a Movimentos de Massa, Enchentes e Inundações",
        "UTME": "672888.38",
        "UTMN": "7592578.61",
        "ZONA": "23",
        "Shape_Leng": "1602,433706"
      }
    },
    {
      "type": "Feature",
      "geometry": {
        "type": "Polygon",
        "coordinates": [
          [
            [
              -43.33796468761548,
              -21.75902375328582
            ],
            [
              -43.33770077791383,
              -21.75926516639314
            ],
            [
              -43.33744778832394,
              -21.75945897425023
            ],
            [
              -43.3375565431334,
              -21.75964285627497
            ],
            [
              -43.33731551158071,
              -21.75976871399028
            ],
            [
              -43.33718386574372,
              -21.75984445568365
            ],
            [
              -43.33697347614766,
              -21.75995627891232
            ],
            [
              -43.3363907586178,
              -21.76021912157234
            ],
            [
              -43.33617941422603,
              -21.75994775031289
            ],
            [
              -43.33568617276349,
              -21.75975225054811
            ],
            [
              -43.33462162218245,
              -21.75938602239002
            ],
            [
              -43.33377210762809,
              -21.75906227930972
            ],
            [
              -43.33342471809925,
              -21.75898028926823
            ],
            [
              -43.33321323200211,
              -21.75903749699238
            ],
            [
              -43.33300917122151,
              -21.75910643511775
            ],
            [
              -43.33289870626124,
              -21.75920569666451
            ],
            [
              -43.33282171284289,
              -21.75932517682756
            ],
            [
              -43.33280071138304,
              -21.75950112784332
            ],
            [
              -43.33277276955111,
              -21.75968604093184
            ],
            [
              -43.33240780008576,
              -21.75948516524035
            ],
            [
              -43.33229205821584,
              -21.75936735495651
            ],
            [
              -43.33227577640956,
              -21.75921812062691
            ],
            [
              -43.33251581795106,
              -21.75878845429318
            ],
            [
              -43.3328016491762,
              -21.75855732077586
            ],
            [
              -43.3332317734615,
              -21.75841866114026
            ],
            [
              -43.33357063196107,
              -21.75841429240009
            ],
            [
              -43.3339826238273,
              -21.75846852969106
            ],
            [
              -43.33458782028802,
              -21.75858213708699
            ],
            [
              -43.33506484282877,
              -21.75862297169786
            ],
            [
              -43.33551717859696,
              -21.7586093073335
            ],
            [
              -43.3363030473074,
              -21.75871959721244
            ],
            [
              -43.33662645478884,
              -21.75863816070732
            ],
            [
              -43.33684218609636,
              -21.75851823467804
            ],
            [
              -43.33691576356062,
              -21.75840363694154
            ],
            [
              -43.33698074452464,
              -21.75833452035411
            ],
            [
              -43.33759574681448,
              -21.75853306526041
            ],
            [
              -43.33753515917806,
              -21.7587463489615
            ],
            [
              -43.33820907910206,
              -21.75883626009144
            ],
            [
              -43.33796468761548,
              -21.75902375328582
            ]
          ]
        ]
      },
      "properties": {
        "LOCAL": "Rua Alan Kardec",
        "DATA_SETOR": "Outubro de 2017",
        "NUM_SETOR": "MG_JUIZDEF_SR_33_CPRM",
        "TIPOLO_G1": "Deslizamento",
        "TIPOLO_E1": "Deslizamento planar",
        "COBRADE_01": "1.1.3.2.1",
        "TIPOLO_G2": "",
        "TIPOLO_E2": "",
        "COBRADE_02": "",
        "TIPOLO_G3": "",
        "TIPOLO_E3": "",
        "COBRADE_03": "",
        "TIPOLO_G4": "",
        "TIPOLO_E4": "",
        "COBRADE_04": "",
        "TIPOLO_G5": "",
        "TIPOLO_E5": "",
        "COBRADE_05": "",
        "SITUACAO": "Instalado",
        "DESCRICAO": "Ocupaçoes em encosta de alto aclive por meio de corte verticalizado e aterro com historicos de deslizamentos.",
        "NUM_EDIF": "150",
        "NUM_PESS": "600",
        "OBS_OCUP": "Casas de Alvenaria",
        "GRAU_VULNE": "Alto",
        "GRAU_RISCO": "Alto",
        "SUG_INTERV": "Monitoramento, estudo Geotecnico para avaliação de obras de contenção, implantação de sistemas de drenagem.",
        "ORGAO_EXEC": "CPRM",
        "PROJETO": "Setorização de Áreas em Alto e Muito Alto Risco a Movimentos de Massa, Enchentes e Inundações",
        "UTME": "672022.99",
        "UTMN": "7592789.22",
        "ZONA": "23",
        "Shape_Leng": "1509,386149"
      }
    },
    {
      "type": "Feature",
      "geometry": {
        "type": "Polygon",
        "coordinates": [
          [
            [
              -43.33672848228107,
              -21.75632794541463
            ],
            [
              -43.3366407396358,
              -21.75620270893498
            ],
            [
              -43.33651458874884,
              -21.75605893989211
            ],
            [
              -43.33620212291092,
              -21.75568956938655
            ],
            [
              -43.33614444668391,
              -21.75507596931327
            ],
            [
              -43.33603435972709,
              -21.75461499771024
            ],
            [
              -43.33581897383431,
              -21.75437596375422
            ],
            [
              -43.3354308369961,
              -21.75398241881472
            ],
            [
              -43.33509456994562,
              -21.75380302658417
            ],
            [
              -43.33487525662457,
              -21.75372268669957
            ],
            [
              -43.33516804303817,
              -21.753306129658
            ],
            [
              -43.33560328965915,
              -21.75355574006037
            ],
            [
              -43.3360271465878,
              -21.75369637237065
            ],
            [
              -43.33628286455964,
              -21.75392819219612
            ],
            [
              -43.33660600040947,
              -21.75411232828706
            ],
            [
              -43.33721203994721,
              -21.75428949323954
            ],
            [
              -43.33767799357481,
              -21.75384456076769
            ],
            [
              -43.33853652603209,
              -21.75347594100407
            ],
            [
              -43.33903130055602,
              -21.75341160695853
            ],
            [
              -43.34008343425563,
              -21.75319804394187
            ],
            [
              -43.34061376413819,
              -21.75357717792513
            ],
            [
              -43.34046965112095,
              -21.75396729974393
            ],
            [
              -43.34072406002368,
              -21.75419274680569
            ],
            [
              -43.34064691387989,
              -21.75459273232416
            ],
            [
              -43.34030909489059,
              -21.75482850733049
            ],
            [
              -43.34007942464356,
              -21.75478693882121
            ],
            [
              -43.33969619052036,
              -21.75481799841874
            ],
            [
              -43.33908585803776,
              -21.75485801133354
            ],
            [
              -43.33880529019543,
              -21.75484016670066
            ],
            [
              -43.33857848469658,
              -21.75480209139941
            ],
            [
              -43.33855078536573,
              -21.75478975541261
            ],
            [
              -43.33828809686384,
              -21.75474232702226
            ],
            [
              -43.33806807339459,
              -21.75485423602268
            ],
            [
              -43.33850115787997,
              -21.75536205775733
            ],
            [
              -43.33812076140222,
              -21.75555860674508
            ],
            [
              -43.3375337962634,
              -21.75580869842651
            ],
            [
              -43.33732783200561,
              -21.75603926806665
            ],
            [
              -43.3372537406662,
              -21.75626829800183
            ],
            [
              -43.33707783397961,
              -21.75608498003942
            ],
            [
              -43.33687663034974,
              -21.75619788934677
            ],
            [
              -43.33672848228107,
              -21.75632794541463
            ]
          ]
        ]
      },
      "properties": {
        "LOCAL": "Rua Rosalina Praxades",
        "DATA_SETOR": "Outubro de 2017",
        "NUM_SETOR": "MG_JUIZDEF_SR_34_CPRM",
        "TIPOLO_G1": "Deslizamento",
        "TIPOLO_E1": "Deslizamento planar",
        "COBRADE_01": "1.1.3.2.1",
        "TIPOLO_G2": "",
        "TIPOLO_E2": "",
        "COBRADE_02": "",
        "TIPOLO_G3": "",
        "TIPOLO_E3": "",
        "COBRADE_03": "",
        "TIPOLO_G4": "",
        "TIPOLO_E4": "",
        "COBRADE_04": "",
        "TIPOLO_G5": "",
        "TIPOLO_E5": "",
        "COBRADE_05": "",
        "SITUACAO": "Instalado",
        "DESCRICAO": "Ocupaçoes em encosta de alto aclive por meio de corte verticalizado e aterro com historicos de deslizamentos.",
        "NUM_EDIF": "150",
        "NUM_PESS": "600",
        "OBS_OCUP": "Casas de Alvenaria",
        "GRAU_VULNE": "Alto",
        "GRAU_RISCO": "Alto",
        "SUG_INTERV": "Monitoramento, estudo Geotecnico para avaliação de obras de contenção, implantação de sistemas de drenagem.",
        "ORGAO_EXEC": "CPRM",
        "PROJETO": "Setorização de Áreas em Alto e Muito Alto Risco a Movimentos de Massa, Enchentes e Inundações",
        "UTME": "671829.19",
        "UTMN": "7593470.17",
        "ZONA": "23",
        "Shape_Leng": "1786,460191"
      }
    },
    {
      "type": "Feature",
      "geometry": {
        "type": "Polygon",
        "coordinates": [
          [
            [
              -43.34077061210958,
              -21.75129595788641
            ],
            [
              -43.34124813309846,
              -21.75156517889786
            ],
            [
              -43.34156883580702,
              -21.7512857015476
            ],
            [
              -43.34221319763675,
              -21.75126279123455
            ],
            [
              -43.34248336300622,
              -21.75140858144996
            ],
            [
              -43.34274601965993,
              -21.7517214121026
            ],
            [
              -43.34191357244038,
              -21.75194460095569
            ],
            [
              -43.34195298142854,
              -21.75240615567878
            ],
            [
              -43.34199141700913,
              -21.75250574557779
            ],
            [
              -43.3430324972024,
              -21.75244269125009
            ],
            [
              -43.34318746472388,
              -21.75248087188545
            ],
            [
              -43.34329556297185,
              -21.75280666218631
            ],
            [
              -43.3430195851058,
              -21.75295636083642
            ],
            [
              -43.34290662357468,
              -21.75286507575177
            ],
            [
              -43.34288159877266,
              -21.75284496175333
            ],
            [
              -43.342349674532,
              -21.75284909509067
            ],
            [
              -43.34105965955639,
              -21.75302541581365
            ],
            [
              -43.34078600099986,
              -21.75289793683474
            ],
            [
              -43.34027255025119,
              -21.75327828002394
            ],
            [
              -43.33999805487171,
              -21.75313581980187
            ],
            [
              -43.33961077104478,
              -21.75325105200299
            ],
            [
              -43.33953601505223,
              -21.75280894611398
            ],
            [
              -43.33977293995888,
              -21.75270244762717
            ],
            [
              -43.33991719612288,
              -21.75258321044551
            ],
            [
              -43.34012190636505,
              -21.75209288284233
            ],
            [
              -43.34042970193163,
              -21.75176641730675
            ],
            [
              -43.34077061210958,
              -21.75129595788641
            ]
          ]
        ]
      },
      "properties": {
        "LOCAL": "Rua Maestro Max Gefter",
        "DATA_SETOR": "Outubro de 2017",
        "NUM_SETOR": "MG_JUIZDEF_SR_35_CPRM",
        "TIPOLO_G1": "Deslizamento",
        "TIPOLO_E1": "Deslizamento planar",
        "COBRADE_01": "1.1.3.2.1",
        "TIPOLO_G2": "",
        "TIPOLO_E2": "",
        "COBRADE_02": "",
        "TIPOLO_G3": "",
        "TIPOLO_E3": "",
        "COBRADE_03": "",
        "TIPOLO_G4": "",
        "TIPOLO_E4": "",
        "COBRADE_04": "",
        "TIPOLO_G5": "",
        "TIPOLO_E5": "",
        "COBRADE_05": "",
        "SITUACAO": "Instalado",
        "DESCRICAO": "Ocupaçoes em encosta de alto aclive por meio de corte verticalizado e aterro com historicos de deslizamentos.",
        "NUM_EDIF": "70",
        "NUM_PESS": "280",
        "OBS_OCUP": "Casas de Alvenaria",
        "GRAU_VULNE": "Alto",
        "GRAU_RISCO": "Muito alto",
        "SUG_INTERV": "Estudo Geotecnico para avaliação de obras de contenção, implantação de sistemas de drenagem, monitoramento.",
        "ORGAO_EXEC": "CPRM",
        "PROJETO": "Setorização de Áreas em Alto e Muito Alto Risco a Movimentos de Massa, Enchentes e Inundações",
        "UTME": "671576.34",
        "UTMN": "7593634.34",
        "ZONA": "23",
        "Shape_Leng": "1242,581731"
      }
    },
    {
      "type": "Feature",
      "geometry": {
        "type": "Polygon",
        "coordinates": [
          [
            [
              -43.34175976368878,
              -21.75333979322655
            ],
            [
              -43.34166960282845,
              -21.75337972713585
            ],
            [
              -43.34159281075489,
              -21.75342653112512
            ],
            [
              -43.3414903861273,
              -21.75348803794205
            ],
            [
              -43.34145337800818,
              -21.75363292707543
            ],
            [
              -43.34145638051742,
              -21.75376788732585
            ],
            [
              -43.34151850978837,
              -21.75388293389538
            ],
            [
              -43.34164131707728,
              -21.75406120264536
            ],
            [
              -43.34170811605185,
              -21.75434135440779
            ],
            [
              -43.34171149054774,
              -21.75453914910354
            ],
            [
              -43.34145643698265,
              -21.75453643784993
            ],
            [
              -43.34127405598315,
              -21.75414639909656
            ],
            [
              -43.34103799064526,
              -21.7539918389404
            ],
            [
              -43.34078463291412,
              -21.75371907483739
            ],
            [
              -43.34071862477217,
              -21.75349681456173
            ],
            [
              -43.34074058044165,
              -21.75326177639122
            ],
            [
              -43.34103956256609,
              -21.75307416813185
            ],
            [
              -43.3417952717536,
              -21.75301829201809
            ],
            [
              -43.34175976368878,
              -21.75333979322655
            ]
          ]
        ]
      },
      "properties": {
        "LOCAL": "Rua Padre Arnaldo Jansen",
        "DATA_SETOR": "Outubro de 2017",
        "NUM_SETOR": "MG_JUIZDEF_SR_36_CPRM",
        "TIPOLO_G1": "Deslizamento",
        "TIPOLO_E1": "Deslizamento planar",
        "COBRADE_01": "1.1.3.2.1",
        "TIPOLO_G2": "",
        "TIPOLO_E2": "",
        "COBRADE_02": "",
        "TIPOLO_G3": "",
        "TIPOLO_E3": "",
        "COBRADE_03": "",
        "TIPOLO_G4": "",
        "TIPOLO_E4": "",
        "COBRADE_04": "",
        "TIPOLO_G5": "",
        "TIPOLO_E5": "",
        "COBRADE_05": "",
        "SITUACAO": "Instalado",
        "DESCRICAO": "Ocupaçoes em encosta de alto aclive por meio de corte verticalizado e aterro com historicos de deslizamentos.",
        "NUM_EDIF": "17",
        "NUM_PESS": "68",
        "OBS_OCUP": "Casas de Alvenaria",
        "GRAU_VULNE": "Alto",
        "GRAU_RISCO": "Muito alto",
        "SUG_INTERV": "Estudo Geotecnico para avaliação de obras de contenção, implantação de sistemas de drenagem, monitoramento.",
        "ORGAO_EXEC": "CPRM",
        "PROJETO": "Setorização de Áreas em Alto e Muito Alto Risco a Movimentos de Massa, Enchentes e Inundações",
        "UTME": "671509.31",
        "UTMN": "7593515.28",
        "ZONA": "23",
        "Shape_Leng": "501,689936"
      }
    },
    {
      "type": "Feature",
      "geometry": {
        "type": "Polygon",
        "coordinates": [
          [
            [
              -43.34376177367328,
              -21.7525400378283
            ],
            [
              -43.34450791041985,
              -21.75277985586489
            ],
            [
              -43.34434915176846,
              -21.75317079165105
            ],
            [
              -43.34460112310708,
              -21.75334939171042
            ],
            [
              -43.34455026980236,
              -21.75384070424024
            ],
            [
              -43.3443550998383,
              -21.75383340599248
            ],
            [
              -43.34413990795517,
              -21.75380702374477
            ],
            [
              -43.34392892225365,
              -21.75409206615105
            ],
            [
              -43.34357552939017,
              -21.75435306702204
            ],
            [
              -43.34309515502609,
              -21.75462379459617
            ],
            [
              -43.34276210900791,
              -21.75464201821584
            ],
            [
              -43.34266045714674,
              -21.75405830626941
            ],
            [
              -43.34302664677043,
              -21.75399975864546
            ],
            [
              -43.34287052433478,
              -21.75297438258875
            ],
            [
              -43.34341240992635,
              -21.75286639079789
            ],
            [
              -43.34317064852525,
              -21.75234926954882
            ],
            [
              -43.34292677107431,
              -21.7521108640424
            ],
            [
              -43.34279472009869,
              -21.75168700626866
            ],
            [
              -43.34232058471501,
              -21.7511480804335
            ],
            [
              -43.34154547305049,
              -21.75098227229877
            ],
            [
              -43.34104671880546,
              -21.75065887627223
            ],
            [
              -43.34084466068249,
              -21.75054643311778
            ],
            [
              -43.34047387411262,
              -21.75047494334724
            ],
            [
              -43.34019639960487,
              -21.75065358282944
            ],
            [
              -43.33979240342292,
              -21.7509248967064
            ],
            [
              -43.33857226411381,
              -21.75138232391917
            ],
            [
              -43.33760728515195,
              -21.75154212412823
            ],
            [
              -43.33689887854676,
              -21.75149985661212
            ],
            [
              -43.33652797144744,
              -21.75152527798263
            ],
            [
              -43.33621139607433,
              -21.75123938144638
            ],
            [
              -43.33648576563262,
              -21.75084332963776
            ],
            [
              -43.33724356323099,
              -21.7509535537791
            ],
            [
              -43.33757091330122,
              -21.75082679589842
            ],
            [
              -43.33817885559513,
              -21.75056697557035
            ],
            [
              -43.33928285779092,
              -21.75014840641039
            ],
            [
              -43.3405456641445,
              -21.74969823479693
            ],
            [
              -43.34090260739384,
              -21.7495598083125
            ],
            [
              -43.34120444231995,
              -21.74990740281139
            ],
            [
              -43.34156167640355,
              -21.75033672970917
            ],
            [
              -43.34258765389999,
              -21.7510633552221
            ],
            [
              -43.34291855036937,
              -21.75137898808528
            ],
            [
              -43.34306693784621,
              -21.751926290063
            ],
            [
              -43.34335663826627,
              -21.752306424079
            ],
            [
              -43.34376177367328,
              -21.7525400378283
            ]
          ]
        ]
      },
      "properties": {
        "LOCAL": "Rua Baependi",
        "DATA_SETOR": "Outubro de 2017",
        "NUM_SETOR": "MG_JUIZDEF_SR_37_CPRM",
        "TIPOLO_G1": "Deslizamento",
        "TIPOLO_E1": "Deslizamento planar",
        "COBRADE_01": "1.1.3.2.1",
        "TIPOLO_G2": "",
        "TIPOLO_E2": "",
        "COBRADE_02": "",
        "TIPOLO_G3": "",
        "TIPOLO_E3": "",
        "COBRADE_03": "",
        "TIPOLO_G4": "",
        "TIPOLO_E4": "",
        "COBRADE_04": "",
        "TIPOLO_G5": "",
        "TIPOLO_E5": "",
        "COBRADE_05": "",
        "SITUACAO": "Instalado",
        "DESCRICAO": "Ocupaçoes em encosta de alto aclive por meio de corte verticalizado e aterro com historicos de deslizamentos.",
        "NUM_EDIF": "150",
        "NUM_PESS": "600",
        "OBS_OCUP": "Casas de Alvenaria",
        "GRAU_VULNE": "Alto",
        "GRAU_RISCO": "Alto",
        "SUG_INTERV": "Monitoramento, estudo Geotecnico para avaliação de obras de contenção, implantação de sistemas de drenagem.",
        "ORGAO_EXEC": "CPRM",
        "PROJETO": "Setorização de Áreas em Alto e Muito Alto Risco a Movimentos de Massa, Enchentes e Inundações",
        "UTME": "671261.14",
        "UTMN": "7593640.85",
        "ZONA": "23",
        "Shape_Leng": "2621,789959"
      }
    },
    {
      "type": "Feature",
      "geometry": {
        "type": "Polygon",
        "coordinates": [
          [
            [
              -43.34291868748138,
              -21.74755102202622
            ],
            [
              -43.34334428824013,
              -21.74808146655377
            ],
            [
              -43.34336541383795,
              -21.74827152526753
            ],
            [
              -43.34220863930784,
              -21.74836566700973
            ],
            [
              -43.34211505529054,
              -21.74838413573853
            ],
            [
              -43.34221672498061,
              -21.74845870890954
            ],
            [
              -43.3425319922933,
              -21.74860722132799
            ],
            [
              -43.34272635434171,
              -21.74874680076139
            ],
            [
              -43.34284320222444,
              -21.74904475623702
            ],
            [
              -43.34286666999073,
              -21.74918550879917
            ],
            [
              -43.34247834016193,
              -21.74921339594601
            ],
            [
              -43.34224826627167,
              -21.74909070338263
            ],
            [
              -43.34200571248061,
              -21.74895207571677
            ],
            [
              -43.34155903265738,
              -21.74874666363505
            ],
            [
              -43.3410928509438,
              -21.74861774626875
            ],
            [
              -43.3404269425528,
              -21.74850551469547
            ],
            [
              -43.34020617932521,
              -21.74849300025657
            ],
            [
              -43.33988582044718,
              -21.74845982984724
            ],
            [
              -43.3395465127669,
              -21.74823002922707
            ],
            [
              -43.33934678806593,
              -21.74807328929689
            ],
            [
              -43.33898007163047,
              -21.74751613773776
            ],
            [
              -43.33881019391359,
              -21.74715141093546
            ],
            [
              -43.33882288508711,
              -21.74660377389071
            ],
            [
              -43.33870607594283,
              -21.74627937232847
            ],
            [
              -43.33861028660287,
              -21.74580507320544
            ],
            [
              -43.33847271782909,
              -21.74536989427751
            ],
            [
              -43.33827944286674,
              -21.74445293795329
            ],
            [
              -43.33844290652811,
              -21.74447082878909
            ],
            [
              -43.33875146312926,
              -21.7451053089621
            ],
            [
              -43.33976160917571,
              -21.74488242109189
            ],
            [
              -43.34056448929511,
              -21.74449503928638
            ],
            [
              -43.34076991989986,
              -21.74489220557645
            ],
            [
              -43.34028845687546,
              -21.7454400018547
            ],
            [
              -43.34056871728884,
              -21.7464360384364
            ],
            [
              -43.34068788792224,
              -21.74688792327167
            ],
            [
              -43.34095669345053,
              -21.74719645815124
            ],
            [
              -43.34158836399322,
              -21.74738135771492
            ],
            [
              -43.34236263542501,
              -21.74750904539656
            ],
            [
              -43.34291868748138,
              -21.74755102202622
            ]
          ]
        ]
      },
      "properties": {
        "LOCAL": "Rua Rosa Sfair",
        "DATA_SETOR": "Outubro de 2017",
        "NUM_SETOR": "MG_JUIZDEF_SR_38_CPRM",
        "TIPOLO_G1": "Deslizamento",
        "TIPOLO_E1": "Deslizamento planar",
        "COBRADE_01": "1.1.3.2.1",
        "TIPOLO_G2": "",
        "TIPOLO_E2": "",
        "COBRADE_02": "",
        "TIPOLO_G3": "",
        "TIPOLO_E3": "",
        "COBRADE_03": "",
        "TIPOLO_G4": "",
        "TIPOLO_E4": "",
        "COBRADE_04": "",
        "TIPOLO_G5": "",
        "TIPOLO_E5": "",
        "COBRADE_05": "",
        "SITUACAO": "Instalado",
        "DESCRICAO": "Ocupaçoes em encosta de alto aclive por meio de corte verticalizado e aterro com historicos de deslizamentos.",
        "NUM_EDIF": "90",
        "NUM_PESS": "360",
        "OBS_OCUP": "Casas de Alvenaria",
        "GRAU_VULNE": "Alto",
        "GRAU_RISCO": "Alto",
        "SUG_INTERV": "Monitoramento, estudo Geotecnico para avaliação de obras de contenção, implantação de sistemas de drenagem.",
        "ORGAO_EXEC": "CPRM",
        "PROJETO": "Setorização de Áreas em Alto e Muito Alto Risco a Movimentos de Massa, Enchentes e Inundações",
        "UTME": "671591.36",
        "UTMN": "7594145.73",
        "ZONA": "23",
        "Shape_Leng": "2007,785915"
      }
    },
    {
      "type": "Feature",
      "geometry": {
        "type": "Polygon",
        "coordinates": [
          [
            [
              -43.34394375252856,
              -21.7480940098862
            ],
            [
              -43.34301429072306,
              -21.747472789654
            ],
            [
              -43.3427912099766,
              -21.74678050805607
            ],
            [
              -43.34279908695032,
              -21.74676563432226
            ],
            [
              -43.34275337210386,
              -21.7464767160965
            ],
            [
              -43.34272828027056,
              -21.74643178308552
            ],
            [
              -43.34271440992865,
              -21.74640160075273
            ],
            [
              -43.34247320079141,
              -21.74621033126457
            ],
            [
              -43.34241974045239,
              -21.74617863600135
            ],
            [
              -43.34239784773992,
              -21.74617044409164
            ],
            [
              -43.34211139767441,
              -21.74603661118803
            ],
            [
              -43.34207622544366,
              -21.74601946998274
            ],
            [
              -43.34199587559925,
              -21.74599286212515
            ],
            [
              -43.3419474246591,
              -21.74596678518629
            ],
            [
              -43.34192383817207,
              -21.74595783742205
            ],
            [
              -43.34175580596556,
              -21.74594787043704
            ],
            [
              -43.34154017023266,
              -21.74599936010988
            ],
            [
              -43.34146757789191,
              -21.74610099136771
            ],
            [
              -43.34128300144005,
              -21.74614536307949
            ],
            [
              -43.34087188222523,
              -21.74506232010418
            ],
            [
              -43.34081863966912,
              -21.74488935758094
            ],
            [
              -43.34062856573942,
              -21.74453523505731
            ],
            [
              -43.34076288256716,
              -21.74438731939515
            ],
            [
              -43.34100074525897,
              -21.74398808344295
            ],
            [
              -43.34102058077762,
              -21.74358383286079
            ],
            [
              -43.34111649735707,
              -21.74334362684549
            ],
            [
              -43.34143631690841,
              -21.74317080679564
            ],
            [
              -43.34187318844028,
              -21.74326503813382
            ],
            [
              -43.34212543304808,
              -21.7434935027403
            ],
            [
              -43.34223461786529,
              -21.74353717640091
            ],
            [
              -43.34224807681093,
              -21.74353746837155
            ],
            [
              -43.34254696355765,
              -21.74332365567404
            ],
            [
              -43.34286613229856,
              -21.74316613473406
            ],
            [
              -43.34392181880089,
              -21.74315954421982
            ],
            [
              -43.3438746589808,
              -21.7432928502515
            ],
            [
              -43.34379093462824,
              -21.74353545259936
            ],
            [
              -43.34362097759157,
              -21.74384769817034
            ],
            [
              -43.34348321695548,
              -21.7440862920615
            ],
            [
              -43.3433930817063,
              -21.74449023791376
            ],
            [
              -43.34339317723893,
              -21.74480232284444
            ],
            [
              -43.34352021608831,
              -21.74518935590176
            ],
            [
              -43.3437400864741,
              -21.7456279753653
            ],
            [
              -43.34399198076862,
              -21.74606063503742
            ],
            [
              -43.34404896017103,
              -21.74634095432927
            ],
            [
              -43.34422305959635,
              -21.74690044511435
            ],
            [
              -43.34444779261118,
              -21.74759967380519
            ],
            [
              -43.34473127199043,
              -21.74856204464341
            ],
            [
              -43.34472786425705,
              -21.74875931836073
            ],
            [
              -43.34467792190538,
              -21.74907595528304
            ],
            [
              -43.34450374747598,
              -21.74956332022653
            ],
            [
              -43.34359591908731,
              -21.74899797488435
            ],
            [
              -43.34327005247788,
              -21.74913507743065
            ],
            [
              -43.34293755278385,
              -21.74923891364474
            ],
            [
              -43.3428686470969,
              -21.74889677019198
            ],
            [
              -43.34272952339597,
              -21.74855691579375
            ],
            [
              -43.34240571567195,
              -21.74845856637708
            ],
            [
              -43.34294180961219,
              -21.74839320822309
            ],
            [
              -43.34338930264992,
              -21.74835959694513
            ],
            [
              -43.34371901317562,
              -21.74831852373941
            ],
            [
              -43.34389787569029,
              -21.74819367414627
            ],
            [
              -43.34394375252856,
              -21.7480940098862
            ]
          ]
        ]
      },
      "properties": {
        "LOCAL": "Rua Isabel Pierre Feital",
        "DATA_SETOR": "Outubro de 2017",
        "NUM_SETOR": "MG_JUIZDEF_SR_39_CPRM",
        "TIPOLO_G1": "Deslizamento",
        "TIPOLO_E1": "Deslizamento planar",
        "COBRADE_01": "1.1.3.2.1",
        "TIPOLO_G2": "",
        "TIPOLO_E2": "",
        "COBRADE_02": "",
        "TIPOLO_G3": "",
        "TIPOLO_E3": "",
        "COBRADE_03": "",
        "TIPOLO_G4": "",
        "TIPOLO_E4": "",
        "COBRADE_04": "",
        "TIPOLO_G5": "",
        "TIPOLO_E5": "",
        "COBRADE_05": "",
        "SITUACAO": "Instalado",
        "DESCRICAO": "Ocupaçoes em encosta de alto aclive por meio de corte verticalizado e aterro com historicos de deslizamentos.",
        "NUM_EDIF": "60",
        "NUM_PESS": "240",
        "OBS_OCUP": "Casas de Alvenaria",
        "GRAU_VULNE": "Alto",
        "GRAU_RISCO": "Alto",
        "SUG_INTERV": "Monitoramento, estudo Geotecnico para avaliação de obras de contenção, implantação de sistemas de drenagem.",
        "ORGAO_EXEC": "CPRM",
        "PROJETO": "Setorização de Áreas em Alto e Muito Alto Risco a Movimentos de Massa, Enchentes e Inundações",
        "UTME": "671303.97",
        "UTMN": "7594292.29",
        "ZONA": "23",
        "Shape_Leng": "2287,392416"
      }
    },
    {
      "type": "Feature",
      "geometry": {
        "type": "Polygon",
        "coordinates": [
          [
            [
              -43.33524095657275,
              -21.74137855944444
            ],
            [
              -43.3354302070648,
              -21.74122463169515
            ],
            [
              -43.33623706530893,
              -21.74093429123115
            ],
            [
              -43.33617307041175,
              -21.74032608233076
            ],
            [
              -43.33667720615706,
              -21.73947720473087
            ],
            [
              -43.33712042439058,
              -21.73910949130818
            ],
            [
              -43.33724100674348,
              -21.73898954185952
            ],
            [
              -43.3375385329207,
              -21.73926323873252
            ],
            [
              -43.33810110066757,
              -21.73951970503984
            ],
            [
              -43.33831093067749,
              -21.73957389690389
            ],
            [
              -43.33856652665073,
              -21.73966355621938
            ],
            [
              -43.33883469193128,
              -21.73975554241646
            ],
            [
              -43.33934652439573,
              -21.74002075520636
            ],
            [
              -43.34000881491304,
              -21.74030557488518
            ],
            [
              -43.34065321677922,
              -21.74090239766003
            ],
            [
              -43.34102241038507,
              -21.74133453723843
            ],
            [
              -43.34113031742066,
              -21.74146305245526
            ],
            [
              -43.34112236880308,
              -21.7417404637234
            ],
            [
              -43.34102449330421,
              -21.74239104190386
            ],
            [
              -43.34105138207965,
              -21.74257817258664
            ],
            [
              -43.34117683164367,
              -21.74284697835745
            ],
            [
              -43.34136043238662,
              -21.74305645702203
            ],
            [
              -43.3410882801108,
              -21.74333564054997
            ],
            [
              -43.34094318889975,
              -21.74349560483693
            ],
            [
              -43.34092254141979,
              -21.74388055202683
            ],
            [
              -43.34092372491386,
              -21.7440480448793
            ],
            [
              -43.34045395220642,
              -21.74436221877988
            ],
            [
              -43.34017712881683,
              -21.74464326759928
            ],
            [
              -43.33971909879767,
              -21.74480765611193
            ],
            [
              -43.33927614322638,
              -21.74476733897246
            ],
            [
              -43.33887882169155,
              -21.74457193013321
            ],
            [
              -43.33857031893566,
              -21.74436341326261
            ],
            [
              -43.33844914086481,
              -21.7443333627144
            ],
            [
              -43.3383210143079,
              -21.74425081474415
            ],
            [
              -43.33840009420361,
              -21.74412234169883
            ],
            [
              -43.33847583778662,
              -21.74387744419837
            ],
            [
              -43.33848832063877,
              -21.74357579257731
            ],
            [
              -43.33850158269006,
              -21.74331296681392
            ],
            [
              -43.338410551534,
              -21.74304057857671
            ],
            [
              -43.33800593575105,
              -21.74283736232999
            ],
            [
              -43.33799156602826,
              -21.7428377581479
            ],
            [
              -43.33770341788252,
              -21.74273364820467
            ],
            [
              -43.33724523564483,
              -21.74262039172175
            ],
            [
              -43.33716515104096,
              -21.74249632466457
            ],
            [
              -43.33714686062426,
              -21.74247669124139
            ],
            [
              -43.3369212364443,
              -21.74222972379599
            ],
            [
              -43.33671250433265,
              -21.74212801338621
            ],
            [
              -43.33668942982028,
              -21.74212548373962
            ],
            [
              -43.33666387156762,
              -21.74211960713378
            ],
            [
              -43.33628748755971,
              -21.74197203812912
            ],
            [
              -43.33582380983938,
              -21.74186904539437
            ],
            [
              -43.33564365929008,
              -21.74171178755251
            ],
            [
              -43.33557964043627,
              -21.7416321719105
            ],
            [
              -43.33547458368121,
              -21.74153486429913
            ],
            [
              -43.33538169817228,
              -21.74145948515361
            ],
            [
              -43.33524095657275,
              -21.74137855944444
            ]
          ]
        ]
      },
      "properties": {
        "LOCAL": "Rua Vitorino Braga",
        "DATA_SETOR": "Outubro de 2017",
        "NUM_SETOR": "MG_JUIZDEF_SR_40_CPRM",
        "TIPOLO_G1": "Deslizamento",
        "TIPOLO_E1": "Deslizamento planar",
        "COBRADE_01": "1.1.3.2.1",
        "TIPOLO_G2": "",
        "TIPOLO_E2": "",
        "COBRADE_02": "",
        "TIPOLO_G3": "",
        "TIPOLO_E3": "",
        "COBRADE_03": "",
        "TIPOLO_G4": "",
        "TIPOLO_E4": "",
        "COBRADE_04": "",
        "TIPOLO_G5": "",
        "TIPOLO_E5": "",
        "COBRADE_05": "",
        "SITUACAO": "Instalado",
        "DESCRICAO": "Ocupaçoes em encosta de alto aclive por meio de corte verticalizado e aterro com historicos de deslizamentos.",
        "NUM_EDIF": "150",
        "NUM_PESS": "420",
        "OBS_OCUP": "Casas de Alvenaria",
        "GRAU_VULNE": "Alto",
        "GRAU_RISCO": "Muito alto",
        "SUG_INTERV": "Estudo Geotecnico para avaliação de obras de contenção, implantação de sistemas de drenagem, monitoramento.",
        "ORGAO_EXEC": "CPRM",
        "PROJETO": "Setorização de Áreas em Alto e Muito Alto Risco a Movimentos de Massa, Enchentes e Inundações",
        "UTME": "671303.97",
        "UTMN": "7594292.29",
        "ZONA": "23",
        "Shape_Leng": "2020,620391"
      }
    },
    {
      "type": "Feature",
      "geometry": {
        "type": "Polygon",
        "coordinates": [
          [
            [
              -43.32466330822172,
              -21.73524585601095
            ],
            [
              -43.32472718979003,
              -21.7354452921583
            ],
            [
              -43.32488160804079,
              -21.7356579866909
            ],
            [
              -43.32500550586384,
              -21.73592395575794
            ],
            [
              -43.32501585477358,
              -21.73593002432085
            ],
            [
              -43.32519554701025,
              -21.73608965007635
            ],
            [
              -43.32540287846499,
              -21.73620920010287
            ],
            [
              -43.32567436704361,
              -21.73632786695284
            ],
            [
              -43.32589736602798,
              -21.73597843719772
            ],
            [
              -43.32626319452459,
              -21.73539081305675
            ],
            [
              -43.32632234631835,
              -21.73530987342165
            ],
            [
              -43.32662458936481,
              -21.73529677493818
            ],
            [
              -43.32695429325645,
              -21.73546191267523
            ],
            [
              -43.32644646720193,
              -21.73626950276353
            ],
            [
              -43.32640796185518,
              -21.73640230809624
            ],
            [
              -43.32658080167845,
              -21.73646447790264
            ],
            [
              -43.32648669898866,
              -21.73675883913455
            ],
            [
              -43.32656205721884,
              -21.73691365322892
            ],
            [
              -43.32660239005553,
              -21.73692565356868
            ],
            [
              -43.32662980763994,
              -21.73694181537154
            ],
            [
              -43.32706182155609,
              -21.73707513770417
            ],
            [
              -43.32721284043091,
              -21.73706851420964
            ],
            [
              -43.32735905454361,
              -21.73694247454488
            ],
            [
              -43.32752359046432,
              -21.736602877422
            ],
            [
              -43.32781288008646,
              -21.73670207332456
            ],
            [
              -43.32815745726988,
              -21.73692331716288
            ],
            [
              -43.32808336823229,
              -21.73733234016478
            ],
            [
              -43.3274172203766,
              -21.73854857557914
            ],
            [
              -43.32665915724722,
              -21.74237307936066
            ],
            [
              -43.32505439931446,
              -21.7416947991091
            ],
            [
              -43.32425285094464,
              -21.74138232709372
            ],
            [
              -43.32360123902599,
              -21.74119242990639
            ],
            [
              -43.32342684353984,
              -21.74104762056669
            ],
            [
              -43.32372115166226,
              -21.73955756031585
            ],
            [
              -43.32437621414346,
              -21.73882037259769
            ],
            [
              -43.32403132561859,
              -21.73889000702234
            ],
            [
              -43.32382795376103,
              -21.73853067229124
            ],
            [
              -43.32339569085706,
              -21.73849739122999
            ],
            [
              -43.32270301639582,
              -21.73846166835874
            ],
            [
              -43.32252855819339,
              -21.73839105932207
            ],
            [
              -43.32252260710136,
              -21.73838705382588
            ],
            [
              -43.3223869778254,
              -21.73813842221209
            ],
            [
              -43.32227831026248,
              -21.73769477512269
            ],
            [
              -43.32229347191211,
              -21.73736834518957
            ],
            [
              -43.32308865616336,
              -21.73570539474416
            ],
            [
              -43.32262924277094,
              -21.73559735629453
            ],
            [
              -43.32270919892724,
              -21.73498796431175
            ],
            [
              -43.32336426486901,
              -21.73486299766902
            ],
            [
              -43.32384689556109,
              -21.73485071760146
            ],
            [
              -43.32397260481731,
              -21.73495960969575
            ],
            [
              -43.32405374899339,
              -21.73527006283861
            ],
            [
              -43.32415435777907,
              -21.73536247827523
            ],
            [
              -43.32440027623546,
              -21.73530371042532
            ],
            [
              -43.32466056308545,
              -21.73510757033987
            ],
            [
              -43.32466330822172,
              -21.73524585601095
            ]
          ]
        ]
      },
      "properties": {
        "LOCAL": "Rua Ângelo Bigi",
        "DATA_SETOR": "Outubro de 2017",
        "NUM_SETOR": "MG_JUIZDEF_SR_41_CPRM",
        "TIPOLO_G1": "Deslizamento",
        "TIPOLO_E1": "Deslizamento planar",
        "COBRADE_01": "1.1.3.2.1",
        "TIPOLO_G2": "",
        "TIPOLO_E2": "",
        "COBRADE_02": "",
        "TIPOLO_G3": "",
        "TIPOLO_E3": "",
        "COBRADE_03": "",
        "TIPOLO_G4": "",
        "TIPOLO_E4": "",
        "COBRADE_04": "",
        "TIPOLO_G5": "",
        "TIPOLO_E5": "",
        "COBRADE_05": "",
        "SITUACAO": "Instalado",
        "DESCRICAO": "Ocupaçoes em encosta de alto aclive por meio de corte verticalizado e aterro com historicos de deslizamentos.",
        "NUM_EDIF": "220",
        "NUM_PESS": "880",
        "OBS_OCUP": "Casas de Alvenaria",
        "GRAU_VULNE": "Alto",
        "GRAU_RISCO": "Muito alto",
        "SUG_INTERV": "Estudo Geotecnico para avaliação de obras de contenção, implantação de sistemas de drenagem, monitoramento.",
        "ORGAO_EXEC": "CPRM",
        "PROJETO": "Setorização de Áreas em Alto e Muito Alto Risco a Movimentos de Massa, Enchentes e Inundações",
        "UTME": "671303.97",
        "UTMN": "7595526.29",
        "ZONA": "23",
        "Shape_Leng": "2952,489815"
      }
    },
    {
      "type": "Feature",
      "geometry": {
        "type": "Polygon",
        "coordinates": [
          [
            [
              -43.32344877817071,
              -21.7287373960265
            ],
            [
              -43.32334077384324,
              -21.72878137867511
            ],
            [
              -43.32302556567584,
              -21.72837302405497
            ],
            [
              -43.32283108388059,
              -21.72806804402422
            ],
            [
              -43.32252906221468,
              -21.72764849957902
            ],
            [
              -43.32250551067595,
              -21.72762899476799
            ],
            [
              -43.32247939276644,
              -21.72760090068284
            ],
            [
              -43.32232452540428,
              -21.7272293028274
            ],
            [
              -43.32231091800941,
              -21.72721454029899
            ],
            [
              -43.32230025560865,
              -21.72717865457717
            ],
            [
              -43.32214798427232,
              -21.72685739042485
            ],
            [
              -43.3221336968294,
              -21.7268099403789
            ],
            [
              -43.32212215898638,
              -21.72677161525726
            ],
            [
              -43.32200929185737,
              -21.72639672331106
            ],
            [
              -43.32189956385379,
              -21.72603250014138
            ],
            [
              -43.32186311829638,
              -21.72581072221818
            ],
            [
              -43.32188432011615,
              -21.72557274420264
            ],
            [
              -43.32179262900465,
              -21.72511944916036
            ],
            [
              -43.32190374534197,
              -21.72460822286873
            ],
            [
              -43.32188705193443,
              -21.7243072606868
            ],
            [
              -43.32177853830845,
              -21.72382362725627
            ],
            [
              -43.32177939403258,
              -21.72339059397146
            ],
            [
              -43.32170527381602,
              -21.72292536493876
            ],
            [
              -43.32165622160797,
              -21.72262335767418
            ],
            [
              -43.32159208666649,
              -21.7224116046476
            ],
            [
              -43.32132878602346,
              -21.722201376437
            ],
            [
              -43.3210574786077,
              -21.72199606591502
            ],
            [
              -43.32083019015976,
              -21.72195272567258
            ],
            [
              -43.3206644954661,
              -21.72193813177868
            ],
            [
              -43.32050711440201,
              -21.72201120566496
            ],
            [
              -43.32048690616939,
              -21.72205349286547
            ],
            [
              -43.32039983798821,
              -21.72240810000509
            ],
            [
              -43.32038285424367,
              -21.72245596916687
            ],
            [
              -43.32037804155274,
              -21.72249182721398
            ],
            [
              -43.32036360834552,
              -21.72252133572536
            ],
            [
              -43.3202169820138,
              -21.72269968283386
            ],
            [
              -43.32019572388284,
              -21.72272973357745
            ],
            [
              -43.32019365220987,
              -21.72274705858634
            ],
            [
              -43.31980172600163,
              -21.72318402966718
            ],
            [
              -43.31951841684974,
              -21.72339474571749
            ],
            [
              -43.31949401354151,
              -21.72340770384085
            ],
            [
              -43.31918087566378,
              -21.72340491464482
            ],
            [
              -43.31914071231337,
              -21.72339800669218
            ],
            [
              -43.3188651266517,
              -21.72322929668501
            ],
            [
              -43.31882952015249,
              -21.72321431512014
            ],
            [
              -43.31878414034066,
              -21.72319374196515
            ],
            [
              -43.31847307678023,
              -21.72303747411318
            ],
            [
              -43.31843340663731,
              -21.72303122401879
            ],
            [
              -43.31838850660813,
              -21.72302742268698
            ],
            [
              -43.31836404417815,
              -21.72301886394746
            ],
            [
              -43.31818504189163,
              -21.723019580781
            ],
            [
              -43.31815789519014,
              -21.7230202444527
            ],
            [
              -43.31813398995146,
              -21.72302810704533
            ],
            [
              -43.31787845032029,
              -21.72286096288309
            ],
            [
              -43.31785363568081,
              -21.72284687289453
            ],
            [
              -43.31776705992169,
              -21.72277309159442
            ],
            [
              -43.31775275999972,
              -21.72273525842184
            ],
            [
              -43.31774559776561,
              -21.72271627532514
            ],
            [
              -43.31772436561053,
              -21.7226134332868
            ],
            [
              -43.31774824316452,
              -21.72256615109852
            ],
            [
              -43.31789925514185,
              -21.72241520797619
            ],
            [
              -43.31790960523589,
              -21.72238441994828
            ],
            [
              -43.31793040381282,
              -21.72234363570948
            ],
            [
              -43.31794289621561,
              -21.7223402464094
            ],
            [
              -43.31802689610892,
              -21.72224421380872
            ],
            [
              -43.31803269544264,
              -21.72222047873023
            ],
            [
              -43.31804251633751,
              -21.72218806406827
            ],
            [
              -43.31803005025477,
              -21.72202114936273
            ],
            [
              -43.318020745058,
              -21.72198828396662
            ],
            [
              -43.31801515287123,
              -21.72196853013432
            ],
            [
              -43.31800955326889,
              -21.7219487491305
            ],
            [
              -43.31795349959894,
              -21.72187249693263
            ],
            [
              -43.31792509085049,
              -21.72184522615452
            ],
            [
              -43.3178813968244,
              -21.72169190543222
            ],
            [
              -43.3178718376026,
              -21.72165836275735
            ],
            [
              -43.31786800758437,
              -21.72164492484935
            ],
            [
              -43.31796389219061,
              -21.72151701428615
            ],
            [
              -43.31801490344859,
              -21.72149955676295
            ],
            [
              -43.31809645829986,
              -21.72138789011013
            ],
            [
              -43.31810813441734,
              -21.72135319923763
            ],
            [
              -43.31811515428124,
              -21.72132749040186
            ],
            [
              -43.31809835982882,
              -21.72119230731143
            ],
            [
              -43.31808821571619,
              -21.72115644289529
            ],
            [
              -43.31806706254815,
              -21.72100466254492
            ],
            [
              -43.31807130160036,
              -21.72096506130947
            ],
            [
              -43.3180985701686,
              -21.72087193438451
            ],
            [
              -43.31826522885433,
              -21.72073433100312
            ],
            [
              -43.31828622396211,
              -21.72072773582178
            ],
            [
              -43.3183764604137,
              -21.72055353897305
            ],
            [
              -43.31848413289719,
              -21.72037305664621
            ],
            [
              -43.31849810742879,
              -21.72036870958981
            ],
            [
              -43.3186845115258,
              -21.72041714110212
            ],
            [
              -43.31871792872031,
              -21.72042449186034
            ],
            [
              -43.31876806509303,
              -21.7204355230604
            ],
            [
              -43.31877772423169,
              -21.72044135914813
            ],
            [
              -43.3189673777508,
              -21.7205240140873
            ],
            [
              -43.31919180891714,
              -21.72059562781647
            ],
            [
              -43.3192269734449,
              -21.72061008002899
            ],
            [
              -43.31923408177799,
              -21.7206079275686
            ],
            [
              -43.3192834957252,
              -21.72061808511537
            ],
            [
              -43.31931646055202,
              -21.72062486034216
            ],
            [
              -43.31957097469075,
              -21.72061538574113
            ],
            [
              -43.31960633255687,
              -21.72062992383464
            ],
            [
              -43.31961783164473,
              -21.72064320919569
            ],
            [
              -43.31978715705352,
              -21.72071788674835
            ],
            [
              -43.31981770068857,
              -21.72074295608904
            ],
            [
              -43.31985355357892,
              -21.7207584041637
            ],
            [
              -43.31987991393677,
              -21.72076806395807
            ],
            [
              -43.32019395081024,
              -21.72082071295911
            ],
            [
              -43.32020133509939,
              -21.72081860299652
            ],
            [
              -43.32043412610501,
              -21.72079421888309
            ],
            [
              -43.32046232940292,
              -21.72081140741237
            ],
            [
              -43.32071633257443,
              -21.72096950358564
            ],
            [
              -43.32073503666346,
              -21.72098114673793
            ],
            [
              -43.32087541291014,
              -21.72103552105937
            ],
            [
              -43.32090916657443,
              -21.72104338781888
            ],
            [
              -43.32092604148037,
              -21.72104732072499
            ],
            [
              -43.32111421036031,
              -21.72106562485645
            ],
            [
              -43.32131664866574,
              -21.72107508380518
            ],
            [
              -43.32188768218625,
              -21.72113801218022
            ],
            [
              -43.32187551817828,
              -21.72128688238647
            ],
            [
              -43.32186570002247,
              -21.72164684068222
            ],
            [
              -43.32196886790948,
              -21.72152506731567
            ],
            [
              -43.32209277619863,
              -21.72161291275073
            ],
            [
              -43.32209519434861,
              -21.72162127201438
            ],
            [
              -43.32223349800787,
              -21.72179473880445
            ],
            [
              -43.32223563254519,
              -21.72180254965835
            ],
            [
              -43.32247209928214,
              -21.72199855289863
            ],
            [
              -43.32249250294721,
              -21.72202261407251
            ],
            [
              -43.32281390619655,
              -21.72226273243004
            ],
            [
              -43.32306897001389,
              -21.72249869490567
            ],
            [
              -43.3230754120715,
              -21.72251382467404
            ],
            [
              -43.32321628417379,
              -21.72275197623613
            ],
            [
              -43.32321747802691,
              -21.72276214033941
            ],
            [
              -43.32311595716705,
              -21.72304838839699
            ],
            [
              -43.32311074737854,
              -21.7230629467858
            ],
            [
              -43.32298368243367,
              -21.7231659487327
            ],
            [
              -43.32297811264338,
              -21.72317579055137
            ],
            [
              -43.3228242696222,
              -21.72325823525549
            ],
            [
              -43.32281833294382,
              -21.72328103975162
            ],
            [
              -43.32283513976693,
              -21.72335395942688
            ],
            [
              -43.32284483864189,
              -21.72336448513309
            ],
            [
              -43.32286228905117,
              -21.7233774999846
            ],
            [
              -43.32296163896711,
              -21.72347570792604
            ],
            [
              -43.32297465222127,
              -21.72348825242848
            ],
            [
              -43.32321719856988,
              -21.72362776400178
            ],
            [
              -43.32329807966927,
              -21.72381656854914
            ],
            [
              -43.32330003684798,
              -21.72382751081237
            ],
            [
              -43.32340644524688,
              -21.72448856481169
            ],
            [
              -43.32339414527527,
              -21.72452003437859
            ],
            [
              -43.32338413465052,
              -21.72488067460555
            ],
            [
              -43.32336658314291,
              -21.72490461879403
            ],
            [
              -43.32334347238305,
              -21.72492782116715
            ],
            [
              -43.32334520091933,
              -21.72493655819977
            ],
            [
              -43.32309488442391,
              -21.72517927896939
            ],
            [
              -43.32308296705682,
              -21.72519775075551
            ],
            [
              -43.32306129843867,
              -21.72524187234374
            ],
            [
              -43.32305479914029,
              -21.7252589231535
            ],
            [
              -43.32289460624278,
              -21.72553267886334
            ],
            [
              -43.32288061728715,
              -21.72557356885169
            ],
            [
              -43.32283520362568,
              -21.72580479339757
            ],
            [
              -43.32282441773928,
              -21.72581888072461
            ],
            [
              -43.32302895914434,
              -21.72613482176211
            ],
            [
              -43.32305585606827,
              -21.72617824830638
            ],
            [
              -43.32307041616493,
              -21.72620371345276
            ],
            [
              -43.32333174297032,
              -21.72650736844543
            ],
            [
              -43.32333411384614,
              -21.72651556463939
            ],
            [
              -43.32337129879399,
              -21.72680399003626
            ],
            [
              -43.32335031140343,
              -21.72681144213892
            ],
            [
              -43.32332222176411,
              -21.72683375229248
            ],
            [
              -43.32329553529772,
              -21.72684159377208
            ],
            [
              -43.323262384358,
              -21.72686589481355
            ],
            [
              -43.32324159712124,
              -21.72687392426908
            ],
            [
              -43.32312081970978,
              -21.7269985104043
            ],
            [
              -43.3231123621175,
              -21.72702362505426
            ],
            [
              -43.32309870089704,
              -21.72704991717458
            ],
            [
              -43.32313579236859,
              -21.72723060477544
            ],
            [
              -43.32314753600704,
              -21.72726279736406
            ],
            [
              -43.32315451473397,
              -21.72728192834154
            ],
            [
              -43.32316374194782,
              -21.72730722296984
            ],
            [
              -43.32338265156398,
              -21.7279871558237
            ],
            [
              -43.32345604879267,
              -21.72828842919637
            ],
            [
              -43.32344543410644,
              -21.72830699637143
            ],
            [
              -43.32344877817071,
              -21.7287373960265
            ]
          ]
        ]
      },
      "properties": {
        "LOCAL": "Rua Diva Garcia",
        "DATA_SETOR": "Outubro de 2017",
        "NUM_SETOR": "MG_JUIZDEF_SR_42_CPRM",
        "TIPOLO_G1": "Deslizamento",
        "TIPOLO_E1": "Deslizamento planar",
        "COBRADE_01": "1.1.3.2.1",
        "TIPOLO_G2": "",
        "TIPOLO_E2": "",
        "COBRADE_02": "",
        "TIPOLO_G3": "",
        "TIPOLO_E3": "",
        "COBRADE_03": "",
        "TIPOLO_G4": "",
        "TIPOLO_E4": "",
        "COBRADE_04": "",
        "TIPOLO_G5": "",
        "TIPOLO_E5": "",
        "COBRADE_05": "",
        "SITUACAO": "Instalado",
        "DESCRICAO": "Ocupaçoes em encosta de alto aclive por meio de corte verticalizado e aterro com historicos de deslizamentos.",
        "NUM_EDIF": "155",
        "NUM_PESS": "600",
        "OBS_OCUP": "Casas de Alvenaria",
        "GRAU_VULNE": "Alto",
        "GRAU_RISCO": "Muito alto",
        "SUG_INTERV": "Estudo Geotecnico para avaliação de obras de contenção, implantação de sistemas de drenagem, monitoramento.",
        "ORGAO_EXEC": "CPRM",
        "PROJETO": "Setorização de Áreas em Alto e Muito Alto Risco a Movimentos de Massa, Enchentes e Inundações",
        "UTME": "673447.77",
        "UTMN": "7596398.79",
        "ZONA": "23",
        "Shape_Leng": "2981,975717"
      }
    },
    {
      "type": "Feature",
      "geometry": {
        "type": "Polygon",
        "coordinates": [
          [
            [
              -43.32366585906881,
              -21.72885721890327
            ],
            [
              -43.32361561473604,
              -21.72903734921933
            ],
            [
              -43.32350441688223,
              -21.72926274514959
            ],
            [
              -43.32351518044422,
              -21.72955008738118
            ],
            [
              -43.32350745775364,
              -21.72967852786222
            ],
            [
              -43.32339533862222,
              -21.72972758910565
            ],
            [
              -43.32331997513711,
              -21.72962105814374
            ],
            [
              -43.32340804959991,
              -21.72922573974685
            ],
            [
              -43.32341980856607,
              -21.72904058732461
            ],
            [
              -43.32355720108393,
              -21.72879226778558
            ],
            [
              -43.32366585906881,
              -21.72885721890327
            ]
          ]
        ]
      },
      "properties": {
        "LOCAL": "Rua Diva Garcia",
        "DATA_SETOR": "Outubro de 2017",
        "NUM_SETOR": "MG_JUIZDEF_SR_43_CPRM",
        "TIPOLO_G1": "Inundação",
        "TIPOLO_E1": "",
        "COBRADE_01": "1.2.1.0.0",
        "TIPOLO_G2": "",
        "TIPOLO_E2": "",
        "COBRADE_02": "",
        "TIPOLO_G3": "",
        "TIPOLO_E3": "",
        "COBRADE_03": "",
        "TIPOLO_G4": "",
        "TIPOLO_E4": "",
        "COBRADE_04": "",
        "TIPOLO_G5": "",
        "TIPOLO_E5": "",
        "COBRADE_05": "",
        "SITUACAO": "Instalado",
        "DESCRICAO": "Ocupações dentro de planície de inundação de corrego sujeitas a inundações esporádicas.",
        "NUM_EDIF": "5",
        "NUM_PESS": "20",
        "OBS_OCUP": "Casas de Alvenaria",
        "GRAU_VULNE": "Alto",
        "GRAU_RISCO": "Alto",
        "SUG_INTERV": "Monitoramento do Setor, Criação de Sistemas de Alerta, Retirada das familias em epócas de grandes precipitações.",
        "ORGAO_EXEC": "CPRM",
        "PROJETO": "Setorização de Áreas em Alto e Muito Alto Risco a Movimentos de Massa, Enchentes e Inundações",
        "UTME": "673391.02",
        "UTMN": "7596225.92",
        "ZONA": "23",
        "Shape_Leng": "230,660028"
      }
    },
    {
      "type": "Feature",
      "geometry": {
        "type": "Polygon",
        "coordinates": [
          [
            [
              -43.34279313756201,
              -21.74311984960451
            ],
            [
              -43.3426416099193,
              -21.7431971309258
            ],
            [
              -43.34244934635346,
              -21.74333195309531
            ],
            [
              -43.34218138729419,
              -21.74344275376168
            ],
            [
              -43.34195177726114,
              -21.74326267056425
            ],
            [
              -43.34163511366137,
              -21.74315926610376
            ],
            [
              -43.34139150376377,
              -21.74306753555496
            ],
            [
              -43.34120968418559,
              -21.74281087039418
            ],
            [
              -43.34108450193933,
              -21.74258731174174
            ],
            [
              -43.34107996522389,
              -21.74237125856747
            ],
            [
              -43.34115953612515,
              -21.74158973216548
            ],
            [
              -43.34121669384589,
              -21.74145694537181
            ],
            [
              -43.34143786610503,
              -21.74139409104975
            ],
            [
              -43.34162794997992,
              -21.74127853341299
            ],
            [
              -43.34183606758693,
              -21.74135913443933
            ],
            [
              -43.34223753203725,
              -21.74167640228625
            ],
            [
              -43.34283947752292,
              -21.74184407573053
            ],
            [
              -43.34320824945151,
              -21.74185241188417
            ],
            [
              -43.34370401263662,
              -21.74128781629196
            ],
            [
              -43.34396344931349,
              -21.74156085121341
            ],
            [
              -43.34409782096399,
              -21.74148579582419
            ],
            [
              -43.34429886818082,
              -21.74157714535765
            ],
            [
              -43.34463077974297,
              -21.74121325815449
            ],
            [
              -43.34492553265496,
              -21.74101070027546
            ],
            [
              -43.34501687257425,
              -21.74109991590379
            ],
            [
              -43.34528033771427,
              -21.74124662828902
            ],
            [
              -43.34599742624091,
              -21.74113356309389
            ],
            [
              -43.34620331733343,
              -21.74131041870026
            ],
            [
              -43.34697606094554,
              -21.741227435788
            ],
            [
              -43.34701704089473,
              -21.74130930741207
            ],
            [
              -43.34676619146048,
              -21.74156062129634
            ],
            [
              -43.34635302186015,
              -21.74201716988383
            ],
            [
              -43.34655671859672,
              -21.74309008705073
            ],
            [
              -43.3463502779022,
              -21.74336451608093
            ],
            [
              -43.3461657776192,
              -21.74356857909772
            ],
            [
              -43.34624972291518,
              -21.74362960242281
            ],
            [
              -43.34637349443801,
              -21.74355111821658
            ],
            [
              -43.34655568599607,
              -21.74346950717575
            ],
            [
              -43.3469026138708,
              -21.74343322430335
            ],
            [
              -43.34705747698187,
              -21.74351546205505
            ],
            [
              -43.34706381585968,
              -21.74352224344198
            ],
            [
              -43.34709451729242,
              -21.74354754008836
            ],
            [
              -43.34725076038134,
              -21.74387463911987
            ],
            [
              -43.34729924155,
              -21.74432871366188
            ],
            [
              -43.3469475988418,
              -21.74484540013575
            ],
            [
              -43.34678151316868,
              -21.74534074594746
            ],
            [
              -43.34669942333614,
              -21.74551635257735
            ],
            [
              -43.34674969960461,
              -21.74593677791962
            ],
            [
              -43.34659075089648,
              -21.74591108866442
            ],
            [
              -43.34604180621883,
              -21.74573209207537
            ],
            [
              -43.34584008914687,
              -21.74504978742397
            ],
            [
              -43.34574726968445,
              -21.74464193295914
            ],
            [
              -43.34551712113861,
              -21.74440970672353
            ],
            [
              -43.34514546304093,
              -21.74425792225245
            ],
            [
              -43.34496684318104,
              -21.74383821382175
            ],
            [
              -43.34495839237177,
              -21.74334401317062
            ],
            [
              -43.34487383064582,
              -21.74314565456294
            ],
            [
              -43.34484489453673,
              -21.74315592370459
            ],
            [
              -43.34482269192844,
              -21.74315565017898
            ],
            [
              -43.34459706499686,
              -21.74316334513426
            ],
            [
              -43.34456380228362,
              -21.74317515788894
            ],
            [
              -43.34434186881425,
              -21.74317556169915
            ],
            [
              -43.34417598220075,
              -21.74317324188543
            ],
            [
              -43.34395259397206,
              -21.74312657160961
            ],
            [
              -43.34279313756201,
              -21.74311984960451
            ]
          ]
        ]
      },
      "properties": {
        "LOCAL": "Rua São Pancrácio",
        "DATA_SETOR": "Outubro de 2017",
        "NUM_SETOR": "MG_JUIZDEF_SR_44_CPRM",
        "TIPOLO_G1": "Deslizamento",
        "TIPOLO_E1": "Deslizamento planar",
        "COBRADE_01": "1.1.3.2.1",
        "TIPOLO_G2": "",
        "TIPOLO_E2": "",
        "COBRADE_02": "",
        "TIPOLO_G3": "",
        "TIPOLO_E3": "",
        "COBRADE_03": "",
        "TIPOLO_G4": "",
        "TIPOLO_E4": "",
        "COBRADE_04": "",
        "TIPOLO_G5": "",
        "TIPOLO_E5": "",
        "COBRADE_05": "",
        "SITUACAO": "Instalado",
        "DESCRICAO": "Ocupaçoes em encosta de alto aclive por meio de corte verticalizado e aterro com historicos de deslizamentos.",
        "NUM_EDIF": "150",
        "NUM_PESS": "600",
        "OBS_OCUP": "Casas de Alvenaria",
        "GRAU_VULNE": "Alto",
        "GRAU_RISCO": "Alto",
        "SUG_INTERV": "Monitoramento, estudo Geotecnico para avaliação de obras de contenção, implantação de sistemas de drenagem.",
        "ORGAO_EXEC": "CPRM",
        "PROJETO": "Setorização de Áreas em Alto e Muito Alto Risco a Movimentos de Massa, Enchentes e Inundações",
        "UTME": "671120.24",
        "UTMN": "7594814.00",
        "ZONA": "23",
        "Shape_Leng": "2379,542636"
      }
    },
    {
      "type": "Feature",
      "geometry": {
        "type": "Polygon",
        "coordinates": [
          [
            [
              -43.34092991458997,
              -21.73547517158522
            ],
            [
              -43.34074128839711,
              -21.73637667432628
            ],
            [
              -43.34071358506459,
              -21.73662301331371
            ],
            [
              -43.34112772300173,
              -21.73691036497333
            ],
            [
              -43.3412828099903,
              -21.73709465082784
            ],
            [
              -43.3414351886912,
              -21.73747373973009
            ],
            [
              -43.34082070735251,
              -21.73806436722832
            ],
            [
              -43.34096642247162,
              -21.73840030034139
            ],
            [
              -43.3415011749595,
              -21.7386458962805
            ],
            [
              -43.34129800881485,
              -21.73888465786364
            ],
            [
              -43.34136896247276,
              -21.73906161559304
            ],
            [
              -43.34115158060931,
              -21.73930853498452
            ],
            [
              -43.34107538765704,
              -21.73962243393945
            ],
            [
              -43.34087221088608,
              -21.7400888150537
            ],
            [
              -43.34101746663681,
              -21.74041919605038
            ],
            [
              -43.34134915001145,
              -21.74088587879803
            ],
            [
              -43.34169391000771,
              -21.74119656875011
            ],
            [
              -43.34115024103313,
              -21.74142443223738
            ],
            [
              -43.34083384707915,
              -21.74105273291405
            ],
            [
              -43.34011373983709,
              -21.74030021073847
            ],
            [
              -43.33943886262635,
              -21.74003241711953
            ],
            [
              -43.33969198148323,
              -21.7392177009772
            ],
            [
              -43.33972998357535,
              -21.73912461364219
            ],
            [
              -43.33975468966473,
              -21.73903105333108
            ],
            [
              -43.33974859916937,
              -21.73874230971385
            ],
            [
              -43.33975682292456,
              -21.73847983405466
            ],
            [
              -43.33974029335282,
              -21.7383235378679
            ],
            [
              -43.33941197322377,
              -21.73818181526274
            ],
            [
              -43.33926841940482,
              -21.73792800519052
            ],
            [
              -43.33921221883868,
              -21.73775410937206
            ],
            [
              -43.33929176143909,
              -21.73757066373722
            ],
            [
              -43.33927749836536,
              -21.73726094600949
            ],
            [
              -43.33923750253192,
              -21.73713085127559
            ],
            [
              -43.33901277827761,
              -21.73680677538591
            ],
            [
              -43.33889177105079,
              -21.73650799744774
            ],
            [
              -43.33878051058127,
              -21.73622269104904
            ],
            [
              -43.33871572814671,
              -21.73596289155212
            ],
            [
              -43.33864532960183,
              -21.73582146162863
            ],
            [
              -43.33843723081367,
              -21.73565313766892
            ],
            [
              -43.33821491906998,
              -21.73535592029062
            ],
            [
              -43.3382067387579,
              -21.7352223322737
            ],
            [
              -43.33837127369134,
              -21.73453002089333
            ],
            [
              -43.33854629868606,
              -21.73431793024541
            ],
            [
              -43.33889322589148,
              -21.73423368825114
            ],
            [
              -43.33948650410945,
              -21.73433409371815
            ],
            [
              -43.34003439939764,
              -21.73446208309284
            ],
            [
              -43.34005415389886,
              -21.73445755737914
            ],
            [
              -43.34051607122326,
              -21.73462467270589
            ],
            [
              -43.34054703441485,
              -21.7346474540052
            ],
            [
              -43.3405440860097,
              -21.73466319177083
            ],
            [
              -43.34086292379942,
              -21.73498461771105
            ],
            [
              -43.34092991458997,
              -21.73547517158522
            ]
          ]
        ]
      },
      "properties": {
        "LOCAL": "Rua São Pancrácio",
        "DATA_SETOR": "Outubro de 2017",
        "NUM_SETOR": "MG_JUIZDEF_SR_45_CPRM",
        "TIPOLO_G1": "Deslizamento",
        "TIPOLO_E1": "Deslizamento planar",
        "COBRADE_01": "1.1.3.2.1",
        "TIPOLO_G2": "",
        "TIPOLO_E2": "",
        "COBRADE_02": "",
        "TIPOLO_G3": "",
        "TIPOLO_E3": "",
        "COBRADE_03": "",
        "TIPOLO_G4": "",
        "TIPOLO_E4": "",
        "COBRADE_04": "",
        "TIPOLO_G5": "",
        "TIPOLO_E5": "",
        "COBRADE_05": "",
        "SITUACAO": "Instalado",
        "DESCRICAO": "Ocupaçoes em encosta de alto aclive por meio de corte verticalizado e aterro com historicos de deslizamentos.",
        "NUM_EDIF": "150",
        "NUM_PESS": "600",
        "OBS_OCUP": "Casas de Alvenaria",
        "GRAU_VULNE": "Alto",
        "GRAU_RISCO": "Alto",
        "SUG_INTERV": "Monitoramento, estudo Geotecnico para avaliação de obras de contenção, implantação de sistemas de drenagem.",
        "ORGAO_EXEC": "CPRM",
        "PROJETO": "Setorização de Áreas em Alto e Muito Alto Risco a Movimentos de Massa, Enchentes e Inundações",
        "UTME": "671634.30",
        "UTMN": "7595430.04",
        "ZONA": "23",
        "Shape_Leng": "2105,836042"
      }
    },
    {
      "type": "Feature",
      "geometry": {
        "type": "Polygon",
        "coordinates": [
          [
            [
              -43.34096387061435,
              -21.73531356920107
            ],
            [
              -43.34093497690233,
              -21.73518982813152
            ],
            [
              -43.34090204360282,
              -21.7349918777568
            ],
            [
              -43.34090183089358,
              -21.73490986333874
            ],
            [
              -43.34077123806944,
              -21.7347639011108
            ],
            [
              -43.34043767186807,
              -21.73450050307326
            ],
            [
              -43.34027553561369,
              -21.73427773333801
            ],
            [
              -43.33977576704137,
              -21.73371486631865
            ],
            [
              -43.33949490796601,
              -21.73352280395625
            ],
            [
              -43.33929470008004,
              -21.73358553875606
            ],
            [
              -43.33904957898749,
              -21.7338035503399
            ],
            [
              -43.33871711713683,
              -21.73359424971149
            ],
            [
              -43.33930988012775,
              -21.73300680469566
            ],
            [
              -43.3387543332397,
              -21.73244168375966
            ],
            [
              -43.33869460411813,
              -21.73213948503974
            ],
            [
              -43.3389667030201,
              -21.73205237012272
            ],
            [
              -43.33931087944944,
              -21.73180444963109
            ],
            [
              -43.33962250426414,
              -21.7314029508482
            ],
            [
              -43.34031166416139,
              -21.73140226968508
            ],
            [
              -43.34122052768811,
              -21.73139005264067
            ],
            [
              -43.34180999221819,
              -21.73139779593532
            ],
            [
              -43.34207917111994,
              -21.73149664537243
            ],
            [
              -43.34239134572452,
              -21.73176638041342
            ],
            [
              -43.34327066112056,
              -21.73273029067126
            ],
            [
              -43.34380464907665,
              -21.73239347897286
            ],
            [
              -43.344438700384,
              -21.7334000453693
            ],
            [
              -43.34453509283508,
              -21.73363227083123
            ],
            [
              -43.3446188709401,
              -21.73436751972612
            ],
            [
              -43.34418744919211,
              -21.73452520614329
            ],
            [
              -43.34417338545159,
              -21.73462957864554
            ],
            [
              -43.34426875689649,
              -21.73504147957831
            ],
            [
              -43.34428541987754,
              -21.73535345063502
            ],
            [
              -43.34372546435301,
              -21.73542589402999
            ],
            [
              -43.34382221398699,
              -21.73563453972435
            ],
            [
              -43.34396991172617,
              -21.73611391739184
            ],
            [
              -43.34399412771521,
              -21.73629751938488
            ],
            [
              -43.34269355868439,
              -21.73650074619746
            ],
            [
              -43.34252885331086,
              -21.73640496923707
            ],
            [
              -43.34251831086569,
              -21.73637195795657
            ],
            [
              -43.34250782913117,
              -21.73633913244135
            ],
            [
              -43.34262886336445,
              -21.73612230132282
            ],
            [
              -43.34336261415171,
              -21.7356441730816
            ],
            [
              -43.34257646338577,
              -21.73542571918224
            ],
            [
              -43.34173333554654,
              -21.7352562536699
            ],
            [
              -43.34096387061435,
              -21.73531356920107
            ]
          ]
        ]
      },
      "properties": {
        "LOCAL": "Rua Carlos Luís Reiter",
        "DATA_SETOR": "Outubro de 2017",
        "NUM_SETOR": "MG_JUIZDEF_SR_46_CPRM",
        "TIPOLO_G1": "Deslizamento",
        "TIPOLO_E1": "Deslizamento planar",
        "COBRADE_01": "1.1.3.2.1",
        "TIPOLO_G2": "",
        "TIPOLO_E2": "",
        "COBRADE_02": "",
        "TIPOLO_G3": "",
        "TIPOLO_E3": "",
        "COBRADE_03": "",
        "TIPOLO_G4": "",
        "TIPOLO_E4": "",
        "COBRADE_04": "",
        "TIPOLO_G5": "",
        "TIPOLO_E5": "",
        "COBRADE_05": "",
        "SITUACAO": "Instalado",
        "DESCRICAO": "Ocupaçoes em encosta de alto aclive por meio de corte verticalizado e aterro com historicos de deslizamentos.",
        "NUM_EDIF": "120",
        "NUM_PESS": "14180",
        "OBS_OCUP": "Casas de Alvenaria",
        "GRAU_VULNE": "Alto",
        "GRAU_RISCO": "Alto",
        "SUG_INTERV": "Monitoramento, estudo Geotecnico para avaliação de obras de contenção, implantação de sistemas de drenagem.",
        "ORGAO_EXEC": "CPRM",
        "PROJETO": "Setorização de Áreas em Alto e Muito Alto Risco a Movimentos de Massa, Enchentes e Inundações",
        "UTME": "671534.54",
        "UTMN": "7595803.09",
        "ZONA": "23",
        "Shape_Leng": "2278,361185"
      }
    },
    {
      "type": "Feature",
      "geometry": {
        "type": "Polygon",
        "coordinates": [
          [
            [
              -43.34581119563556,
              -21.73257528805206
            ],
            [
              -43.34533022411501,
              -21.73289057627073
            ],
            [
              -43.34493069520416,
              -21.73323364609422
            ],
            [
              -43.34472943784246,
              -21.73303185206052
            ],
            [
              -43.34410180422628,
              -21.73212135403869
            ],
            [
              -43.34376115720939,
              -21.73170095630857
            ],
            [
              -43.34334068337014,
              -21.73126457360835
            ],
            [
              -43.34269522025024,
              -21.73086564959413
            ],
            [
              -43.3415526217771,
              -21.73056020631774
            ],
            [
              -43.34156141528622,
              -21.73019844328015
            ],
            [
              -43.34113638087655,
              -21.73013861571948
            ],
            [
              -43.34111699142937,
              -21.72980670418238
            ],
            [
              -43.34041233517241,
              -21.72980563240514
            ],
            [
              -43.34039138637274,
              -21.72930462984344
            ],
            [
              -43.34055464995485,
              -21.72877807906886
            ],
            [
              -43.33951799332898,
              -21.72855912891726
            ],
            [
              -43.33935368899811,
              -21.72851161179457
            ],
            [
              -43.33953088043843,
              -21.7282051937883
            ],
            [
              -43.33991599515693,
              -21.72751944736347
            ],
            [
              -43.34117928692487,
              -21.72672013991901
            ],
            [
              -43.34161506407746,
              -21.72644940017356
            ],
            [
              -43.3423382601564,
              -21.72669236598587
            ],
            [
              -43.34340624962995,
              -21.72706615713074
            ],
            [
              -43.34388652706875,
              -21.72776528431312
            ],
            [
              -43.34404656774557,
              -21.72755655225813
            ],
            [
              -43.34439535546457,
              -21.72748038280363
            ],
            [
              -43.34470497387984,
              -21.72750964037905
            ],
            [
              -43.34511880065528,
              -21.72766264004067
            ],
            [
              -43.34553282014663,
              -21.72785446156212
            ],
            [
              -43.34582430714703,
              -21.72805444341367
            ],
            [
              -43.34585702322249,
              -21.72807741282504
            ],
            [
              -43.34604089259072,
              -21.72818124455276
            ],
            [
              -43.34594977961511,
              -21.72841801999788
            ],
            [
              -43.34595035895163,
              -21.72842897722285
            ],
            [
              -43.34582930033752,
              -21.72853385105034
            ],
            [
              -43.34604231086212,
              -21.72891606004468
            ],
            [
              -43.34602062503986,
              -21.72944355912168
            ],
            [
              -43.34596257154909,
              -21.73020049710972
            ],
            [
              -43.34605245470716,
              -21.73126695384348
            ],
            [
              -43.34607632969799,
              -21.73184822624185
            ],
            [
              -43.34581119563556,
              -21.73257528805206
            ]
          ]
        ]
      },
      "properties": {
        "LOCAL": "Rua Aleixo Martins Neto",
        "DATA_SETOR": "Outubro de 2017",
        "NUM_SETOR": "MG_JUIZDEF_SR_47_CPRM",
        "TIPOLO_G1": "Deslizamento",
        "TIPOLO_E1": "Deslizamento planar",
        "COBRADE_01": "1.1.3.2.1",
        "TIPOLO_G2": "",
        "TIPOLO_E2": "",
        "COBRADE_02": "",
        "TIPOLO_G3": "",
        "TIPOLO_E3": "",
        "COBRADE_03": "",
        "TIPOLO_G4": "",
        "TIPOLO_E4": "",
        "COBRADE_04": "",
        "TIPOLO_G5": "",
        "TIPOLO_E5": "",
        "COBRADE_05": "",
        "SITUACAO": "Instalado",
        "DESCRICAO": "Ocupaçoes em encosta de alto aclive por meio de corte verticalizado e aterro com historicos de deslizamentos.",
        "NUM_EDIF": "230",
        "NUM_PESS": "920",
        "OBS_OCUP": "Casas de Alvenaria",
        "GRAU_VULNE": "Alto",
        "GRAU_RISCO": "Alto",
        "SUG_INTERV": "Monitoramento, estudo Geotecnico para avaliação de obras de contenção, implantação de sistemas de drenagem.",
        "ORGAO_EXEC": "CPRM",
        "PROJETO": "Setorização de Áreas em Alto e Muito Alto Risco a Movimentos de Massa, Enchentes e Inundações",
        "UTME": "671156.17",
        "UTMN": "7596015.37",
        "ZONA": "23",
        "Shape_Leng": "2417,376931"
      }
    },
    {
      "type": "Feature",
      "geometry": {
        "type": "Polygon",
        "coordinates": [
          [
            [
              -43.3423980024093,
              -21.72311021939459
            ],
            [
              -43.34255255956348,
              -21.72302960015567
            ],
            [
              -43.34260739846675,
              -21.72320166595125
            ],
            [
              -43.34265662403518,
              -21.7233561216598
            ],
            [
              -43.34264231045474,
              -21.72337084798799
            ],
            [
              -43.34263577126284,
              -21.72338517611932
            ],
            [
              -43.34259451263797,
              -21.72348322857854
            ],
            [
              -43.34257390421958,
              -21.72351297281687
            ],
            [
              -43.34236051174283,
              -21.72370602556682
            ],
            [
              -43.34216375108074,
              -21.72389668479019
            ],
            [
              -43.34214832799753,
              -21.72391239620459
            ],
            [
              -43.34188556162047,
              -21.72410431726946
            ],
            [
              -43.34186132015321,
              -21.72411409840258
            ],
            [
              -43.34183388463566,
              -21.72413528219793
            ],
            [
              -43.34180953426657,
              -21.72414511823169
            ],
            [
              -43.34163956814312,
              -21.72419202812424
            ],
            [
              -43.34162079492357,
              -21.72421251463103
            ],
            [
              -43.34141011402978,
              -21.72430498638067
            ],
            [
              -43.34138989747878,
              -21.72431081736542
            ],
            [
              -43.34138230257461,
              -21.72431907522642
            ],
            [
              -43.34104032016838,
              -21.72441476018442
            ],
            [
              -43.34102017294205,
              -21.72442061259056
            ],
            [
              -43.34099183135115,
              -21.72442731863645
            ],
            [
              -43.34088953903092,
              -21.7245775436925
            ],
            [
              -43.34087507491497,
              -21.72513651201712
            ],
            [
              -43.34082950418515,
              -21.72552569756658
            ],
            [
              -43.34083410483033,
              -21.72555658195636
            ],
            [
              -43.34081979852603,
              -21.72557367097192
            ],
            [
              -43.34134929140085,
              -21.72636134721129
            ],
            [
              -43.34044550285464,
              -21.72678669507554
            ],
            [
              -43.33978272729128,
              -21.72639226522313
            ],
            [
              -43.33929874293266,
              -21.72656563018252
            ],
            [
              -43.33907932702397,
              -21.72643076633143
            ],
            [
              -43.33783842366643,
              -21.72561923190374
            ],
            [
              -43.33768534380526,
              -21.72570113929568
            ],
            [
              -43.33755750064067,
              -21.72592171933904
            ],
            [
              -43.33746627999168,
              -21.72617405071125
            ],
            [
              -43.33746773325753,
              -21.72618116271533
            ],
            [
              -43.33747438670227,
              -21.72636846198122
            ],
            [
              -43.3375245378641,
              -21.72664065787041
            ],
            [
              -43.33806450376568,
              -21.72732676385929
            ],
            [
              -43.3382943958821,
              -21.7277414986388
            ],
            [
              -43.33829755758561,
              -21.72775665911451
            ],
            [
              -43.33851402404299,
              -21.728102417235
            ],
            [
              -43.33851836116464,
              -21.72812406099314
            ],
            [
              -43.33850696466903,
              -21.7284357271451
            ],
            [
              -43.33842401799601,
              -21.72875689425574
            ],
            [
              -43.3381928699099,
              -21.72910667709898
            ],
            [
              -43.33791359378208,
              -21.72954364189405
            ],
            [
              -43.33778529822195,
              -21.72987059902368
            ],
            [
              -43.33774883229674,
              -21.73009798691881
            ],
            [
              -43.33775286804815,
              -21.73011237399651
            ],
            [
              -43.33778754984699,
              -21.7303276487456
            ],
            [
              -43.33798241405133,
              -21.7306175792916
            ],
            [
              -43.33830665644808,
              -21.73092003136072
            ],
            [
              -43.33820860378189,
              -21.7311145007341
            ],
            [
              -43.33789078846478,
              -21.73092202984089
            ],
            [
              -43.33786968252236,
              -21.73091011781133
            ],
            [
              -43.3374797375599,
              -21.73070583612095
            ],
            [
              -43.33747214704592,
              -21.73069517159593
            ],
            [
              -43.33731635072606,
              -21.73044378161454
            ],
            [
              -43.33730028311572,
              -21.73042112406132
            ],
            [
              -43.33728991602833,
              -21.73040182858868
            ],
            [
              -43.33727370587179,
              -21.7303789582511
            ],
            [
              -43.33725170402861,
              -21.73009710612105
            ],
            [
              -43.33725558784447,
              -21.73005839025815
            ],
            [
              -43.3372641104151,
              -21.73003625962371
            ],
            [
              -43.3372762659927,
              -21.7300094868506
            ],
            [
              -43.33737810656727,
              -21.72958589583507
            ],
            [
              -43.33738146236994,
              -21.72955887572801
            ],
            [
              -43.33738484794694,
              -21.72953178817905
            ],
            [
              -43.33739422403578,
              -21.72950881708793
            ],
            [
              -43.33740746144978,
              -21.72948110227741
            ],
            [
              -43.33741089576156,
              -21.72945381109156
            ],
            [
              -43.33746634144536,
              -21.72926031525348
            ],
            [
              -43.3374821952787,
              -21.72924145466331
            ],
            [
              -43.33748605027859,
              -21.72921372512569
            ],
            [
              -43.3374999017931,
              -21.72918564705776
            ],
            [
              -43.33750582070758,
              -21.72916698929322
            ],
            [
              -43.33751370348038,
              -21.72913433073941
            ],
            [
              -43.33753559354732,
              -21.72909661123641
            ],
            [
              -43.33754577529109,
              -21.72883680616735
            ],
            [
              -43.33755011006377,
              -21.72880820713655
            ],
            [
              -43.33756073290652,
              -21.72878449436783
            ],
            [
              -43.33756342617838,
              -21.72874640419868
            ],
            [
              -43.33763272567718,
              -21.72854987798746
            ],
            [
              -43.33766093707704,
              -21.72854003261477
            ],
            [
              -43.33767734124412,
              -21.72852054798703
            ],
            [
              -43.33768554431849,
              -21.72851080342437
            ],
            [
              -43.33793552558601,
              -21.72820218166538
            ],
            [
              -43.33791308515203,
              -21.72816486887326
            ],
            [
              -43.33791084101257,
              -21.72815415055073
            ],
            [
              -43.33778393437502,
              -21.72778924038441
            ],
            [
              -43.3377650123407,
              -21.72777188406446
            ],
            [
              -43.33748320666162,
              -21.72733315306494
            ],
            [
              -43.33717946635698,
              -21.72678422582471
            ],
            [
              -43.33710473396693,
              -21.72664614797002
            ],
            [
              -43.33704182845828,
              -21.72635043172118
            ],
            [
              -43.33711358926433,
              -21.72589849120765
            ],
            [
              -43.33712482805539,
              -21.72588457993493
            ],
            [
              -43.33737439456905,
              -21.72548778695805
            ],
            [
              -43.33787858368724,
              -21.7249951616712
            ],
            [
              -43.33848107480753,
              -21.7247282510717
            ],
            [
              -43.3389067228094,
              -21.72440618127297
            ],
            [
              -43.33910913421102,
              -21.72402509687806
            ],
            [
              -43.339124441439,
              -21.72400855997335
            ],
            [
              -43.33929876306986,
              -21.72374707930795
            ],
            [
              -43.3393140377902,
              -21.72373059082981
            ],
            [
              -43.33932922436447,
              -21.7237140337255
            ],
            [
              -43.33934430459459,
              -21.72369739336121
            ],
            [
              -43.33936315218047,
              -21.72367659626356
            ],
            [
              -43.33951056111066,
              -21.72352216666597
            ],
            [
              -43.33953046085542,
              -21.72351664614615
            ],
            [
              -43.33955784368768,
              -21.72350284505153
            ],
            [
              -43.33958518762579,
              -21.72348906343276
            ],
            [
              -43.33980360292575,
              -21.72338905024195
            ],
            [
              -43.34016659669027,
              -21.72326612524606
            ],
            [
              -43.34017870835952,
              -21.72326235920854
            ],
            [
              -43.34036761603942,
              -21.72327633268509
            ],
            [
              -43.34038387090311,
              -21.72328341415399
            ],
            [
              -43.34042029233469,
              -21.72328749400773
            ],
            [
              -43.34043250395315,
              -21.72329127436984
            ],
            [
              -43.340601024199,
              -21.72374622801699
            ],
            [
              -43.34077045369497,
              -21.72387326575302
            ],
            [
              -43.34078839433494,
              -21.72389383726033
            ],
            [
              -43.34078911387979,
              -21.72390231387022
            ],
            [
              -43.3409763911796,
              -21.72404145168405
            ],
            [
              -43.34100422905245,
              -21.72406094994409
            ],
            [
              -43.34102641882258,
              -21.72407649065948
            ],
            [
              -43.3410374868435,
              -21.72408424358606
            ],
            [
              -43.34132491370813,
              -21.72411500088714
            ],
            [
              -43.34164135882588,
              -21.72399897670336
            ],
            [
              -43.3420926203182,
              -21.72370181139883
            ],
            [
              -43.34231219617953,
              -21.72340955895034
            ],
            [
              -43.3423980024093,
              -21.72311021939459
            ]
          ]
        ]
      },
      "properties": {
        "LOCAL": "Rua Liberalino Gaspar",
        "DATA_SETOR": "Outubro de 2017",
        "NUM_SETOR": "MG_JUIZDEF_SR_48_CPRM",
        "TIPOLO_G1": "Deslizamento",
        "TIPOLO_E1": "Deslizamento planar",
        "COBRADE_01": "1.1.3.2.1",
        "TIPOLO_G2": "",
        "TIPOLO_E2": "",
        "COBRADE_02": "",
        "TIPOLO_G3": "",
        "TIPOLO_E3": "",
        "COBRADE_03": "",
        "TIPOLO_G4": "",
        "TIPOLO_E4": "",
        "COBRADE_04": "",
        "TIPOLO_G5": "",
        "TIPOLO_E5": "",
        "COBRADE_05": "",
        "SITUACAO": "Instalado",
        "DESCRICAO": "Ocupaçoes em encosta de alto aclive por meio de corte verticalizado e aterro com historicos de deslizamentos.",
        "NUM_EDIF": "150",
        "NUM_PESS": "600",
        "OBS_OCUP": "Casas de Alvenaria",
        "GRAU_VULNE": "Alto",
        "GRAU_RISCO": "Alto",
        "SUG_INTERV": "Monitoramento, estudo Geotecnico para avaliação de obras de contenção, implantação de sistemas de drenagem.",
        "ORGAO_EXEC": "CPRM",
        "PROJETO": "Setorização de Áreas em Alto e Muito Alto Risco a Movimentos de Massa, Enchentes e Inundações",
        "UTME": "71156.17",
        "UTMN": "7596015.37",
        "ZONA": "23",
        "Shape_Leng": "3070,688721"
      }
    },
    {
      "type": "Feature",
      "geometry": {
        "type": "Polygon",
        "coordinates": [
          [
            [
              -43.35297340267806,
              -21.72838356325018
            ],
            [
              -43.35313828895056,
              -21.72831256308383
            ],
            [
              -43.35334007455697,
              -21.72828946039689
            ],
            [
              -43.35355589253022,
              -21.72828611839837
            ],
            [
              -43.35406542190702,
              -21.72840536617312
            ],
            [
              -43.35437003620405,
              -21.72847511676356
            ],
            [
              -43.35481068607933,
              -21.72851685308637
            ],
            [
              -43.35512978544249,
              -21.72852681703765
            ],
            [
              -43.3557766056989,
              -21.72823596660629
            ],
            [
              -43.35642093463758,
              -21.72889492127252
            ],
            [
              -43.35635689963661,
              -21.72944477521602
            ],
            [
              -43.35555895110922,
              -21.72948605088353
            ],
            [
              -43.35559248662275,
              -21.72997346219052
            ],
            [
              -43.35536999328987,
              -21.72998688802721
            ],
            [
              -43.35512887730008,
              -21.72990171705191
            ],
            [
              -43.35469511470592,
              -21.72952380482913
            ],
            [
              -43.35401860631269,
              -21.72907757672627
            ],
            [
              -43.35349059098118,
              -21.72885620997464
            ],
            [
              -43.35320863342624,
              -21.72864974682619
            ],
            [
              -43.35297340267806,
              -21.72838356325018
            ]
          ]
        ]
      },
      "properties": {
        "LOCAL": "Rua Arcioli Lazarino",
        "DATA_SETOR": "Outubro de 2017",
        "NUM_SETOR": "MG_JUIZDEF_SR_49_CPRM",
        "TIPOLO_G1": "Deslizamento",
        "TIPOLO_E1": "Deslizamento planar",
        "COBRADE_01": "1.1.3.2.1",
        "TIPOLO_G2": "",
        "TIPOLO_E2": "",
        "COBRADE_02": "",
        "TIPOLO_G3": "",
        "TIPOLO_E3": "",
        "COBRADE_03": "",
        "TIPOLO_G4": "",
        "TIPOLO_E4": "",
        "COBRADE_04": "",
        "TIPOLO_G5": "",
        "TIPOLO_E5": "",
        "COBRADE_05": "",
        "SITUACAO": "Instalado",
        "DESCRICAO": "Ocupaçoes em encosta de alto aclive por meio de corte verticalizado e aterro com historicos de deslizamentos.",
        "NUM_EDIF": "30",
        "NUM_PESS": "120",
        "OBS_OCUP": "Casas de Alvenaria",
        "GRAU_VULNE": "Alto",
        "GRAU_RISCO": "Alto",
        "SUG_INTERV": "Monitoramento, estudo Geotecnico para avaliação de obras de contenção, implantação de sistemas de drenagem.",
        "ORGAO_EXEC": "CPRM",
        "PROJETO": "Setorização de Áreas em Alto e Muito Alto Risco a Movimentos de Massa, Enchentes e Inundações",
        "UTME": "670188.19",
        "UTMN": "7596221.47",
        "ZONA": "23",
        "Shape_Leng": "930,772875"
      }
    },
    {
      "type": "Feature",
      "geometry": {
        "type": "Polygon",
        "coordinates": [
          [
            [
              -43.36082747541894,
              -21.73132947070914
            ],
            [
              -43.36057424819578,
              -21.73123930471305
            ],
            [
              -43.36054595196909,
              -21.73114785844005
            ],
            [
              -43.36022742237594,
              -21.7309469776499
            ],
            [
              -43.3602061486566,
              -21.73090204242948
            ],
            [
              -43.36019762184001,
              -21.73088402824693
            ],
            [
              -43.36006434247279,
              -21.73088389239048
            ],
            [
              -43.3600572161611,
              -21.73088277136989
            ],
            [
              -43.3597420711237,
              -21.73096754803972
            ],
            [
              -43.35973088510409,
              -21.73096937281987
            ],
            [
              -43.35954522939909,
              -21.73109767429286
            ],
            [
              -43.35953522818067,
              -21.73110966655396
            ],
            [
              -43.35948366210266,
              -21.73127794587857
            ],
            [
              -43.359765948888,
              -21.7316694738745
            ],
            [
              -43.35956332547487,
              -21.73179839392407
            ],
            [
              -43.35941175343464,
              -21.73160219500497
            ],
            [
              -43.35922816758069,
              -21.73124692505459
            ],
            [
              -43.3593082909949,
              -21.73104305126832
            ],
            [
              -43.3598005118493,
              -21.73055093159735
            ],
            [
              -43.3600496889258,
              -21.73066597017869
            ],
            [
              -43.36027595399084,
              -21.73040032438169
            ],
            [
              -43.36046819813988,
              -21.73045449441643
            ],
            [
              -43.3604760034089,
              -21.73066737932501
            ],
            [
              -43.36039096576404,
              -21.73085629392972
            ],
            [
              -43.36042743221221,
              -21.73091698533373
            ],
            [
              -43.36052151517885,
              -21.7309733662504
            ],
            [
              -43.36053098732396,
              -21.7309799722255
            ],
            [
              -43.36054462289649,
              -21.73099229974891
            ],
            [
              -43.36055949774227,
              -21.73099985701307
            ],
            [
              -43.36065840176196,
              -21.73104464223389
            ],
            [
              -43.36066934630113,
              -21.73104655070133
            ],
            [
              -43.36069005406107,
              -21.73105522788569
            ],
            [
              -43.36070532317355,
              -21.73106296968407
            ],
            [
              -43.36083552194734,
              -21.73113453608757
            ],
            [
              -43.36085814480958,
              -21.73113860503491
            ],
            [
              -43.36088655604169,
              -21.7311437148826
            ],
            [
              -43.36090236551912,
              -21.73115171581672
            ],
            [
              -43.361051709347,
              -21.73114080111095
            ],
            [
              -43.36105833985,
              -21.73114140325212
            ],
            [
              -43.36108550679303,
              -21.7311306691772
            ],
            [
              -43.36111237512944,
              -21.73113305587264
            ],
            [
              -43.36135002042012,
              -21.73117162868321
            ],
            [
              -43.36135554668326,
              -21.73117762743998
            ],
            [
              -43.36134115916112,
              -21.73124279210163
            ],
            [
              -43.36115761488271,
              -21.73139767992032
            ],
            [
              -43.36115185269765,
              -21.73140490100296
            ],
            [
              -43.36113619259872,
              -21.73142140672604
            ],
            [
              -43.36113150643254,
              -21.73143663463057
            ],
            [
              -43.36098360733284,
              -21.73151517031954
            ],
            [
              -43.36093332630953,
              -21.7316696572335
            ],
            [
              -43.36091063953689,
              -21.73178348805987
            ],
            [
              -43.360651357524,
              -21.73192042823483
            ],
            [
              -43.36082747541894,
              -21.73132947070914
            ]
          ]
        ]
      },
      "properties": {
        "LOCAL": "Rua São João Del Rei",
        "DATA_SETOR": "Outubro de 2017",
        "NUM_SETOR": "MG_JUIZDEF_SR_50_CPRM",
        "TIPOLO_G1": "Deslizamento",
        "TIPOLO_E1": "Deslizamento planar",
        "COBRADE_01": "1.1.3.2.1",
        "TIPOLO_G2": "",
        "TIPOLO_E2": "",
        "COBRADE_02": "",
        "TIPOLO_G3": "",
        "TIPOLO_E3": "",
        "COBRADE_03": "",
        "TIPOLO_G4": "",
        "TIPOLO_E4": "",
        "COBRADE_04": "",
        "TIPOLO_G5": "",
        "TIPOLO_E5": "",
        "COBRADE_05": "",
        "SITUACAO": "Instalado",
        "DESCRICAO": "Ocupaçoes em encosta de alto aclive por meio de corte verticalizado e aterro com historicos de deslizamentos.",
        "NUM_EDIF": "21",
        "NUM_PESS": "84",
        "OBS_OCUP": "Casas de Alvenaria",
        "GRAU_VULNE": "Alto",
        "GRAU_RISCO": "Alto",
        "SUG_INTERV": "Monitoramento, estudo Geotecnico para avaliação de obras de contenção, implantação de sistemas de drenagem.",
        "ORGAO_EXEC": "CPRM",
        "PROJETO": "Setorização de Áreas em Alto e Muito Alto Risco a Movimentos de Massa, Enchentes e Inundações",
        "UTME": "669592.15",
        "UTMN": "7596014.14",
        "ZONA": "23",
        "Shape_Leng": "857,43361"
      }
    },
    {
      "type": "Feature",
      "geometry": {
        "type": "Polygon",
        "coordinates": [
          [
            [
              -43.36545709458223,
              -21.72839408766735
            ],
            [
              -43.36569307738455,
              -21.728639146698
            ],
            [
              -43.36527864799007,
              -21.72915497795902
            ],
            [
              -43.3649113864231,
              -21.72908815559139
            ],
            [
              -43.3643473771177,
              -21.72934336419042
            ],
            [
              -43.36391846832694,
              -21.72999203741309
            ],
            [
              -43.36320087609085,
              -21.73099182563076
            ],
            [
              -43.36318228782336,
              -21.7315209088703
            ],
            [
              -43.36311640543109,
              -21.73163366908034
            ],
            [
              -43.36247980505711,
              -21.73213641820453
            ],
            [
              -43.36221038001919,
              -21.73185694732675
            ],
            [
              -43.36144421361707,
              -21.73118874286554
            ],
            [
              -43.36109133895037,
              -21.73107055374172
            ],
            [
              -43.36186913812718,
              -21.7300375266877
            ],
            [
              -43.36198126600647,
              -21.72987596933832
            ],
            [
              -43.36184482892914,
              -21.72972658603655
            ],
            [
              -43.36193414247174,
              -21.72959747505241
            ],
            [
              -43.36242368002335,
              -21.72888702536659
            ],
            [
              -43.3627638639341,
              -21.7285493380698
            ],
            [
              -43.3630641280806,
              -21.72870964693093
            ],
            [
              -43.36327937897536,
              -21.72885673462959
            ],
            [
              -43.36348832178413,
              -21.72901218764636
            ],
            [
              -43.36369451381172,
              -21.72915457891059
            ],
            [
              -43.36408439864196,
              -21.72901642461459
            ],
            [
              -43.36545709458223,
              -21.72839408766735
            ]
          ]
        ]
      },
      "properties": {
        "LOCAL": "Rua Arcanjo de Campos Miranda",
        "DATA_SETOR": "Outubro de 2017",
        "NUM_SETOR": "MG_JUIZDEF_SR_51_CPRM",
        "TIPOLO_G1": "Deslizamento",
        "TIPOLO_E1": "Deslizamento planar",
        "COBRADE_01": "1.1.3.2.1",
        "TIPOLO_G2": "Rastejo",
        "TIPOLO_E2": "",
        "COBRADE_02": "0",
        "TIPOLO_G3": "",
        "TIPOLO_E3": "",
        "COBRADE_03": "",
        "TIPOLO_G4": "",
        "TIPOLO_E4": "",
        "COBRADE_04": "",
        "TIPOLO_G5": "",
        "TIPOLO_E5": "",
        "COBRADE_05": "",
        "SITUACAO": "Instalado",
        "DESCRICAO": "Ocupaçoes em encosta de alto aclive por meio de corte verticalizado e aterro com historicos de deslizamentos.",
        "NUM_EDIF": "110",
        "NUM_PESS": "440",
        "OBS_OCUP": "Casas de Alvenaria",
        "GRAU_VULNE": "Alto",
        "GRAU_RISCO": "Alto",
        "SUG_INTERV": "Monitoramento, estudo Geotecnico para avaliação de obras de contenção, implantação de sistemas de drenagem.",
        "ORGAO_EXEC": "CPRM",
        "PROJETO": "Setorização de Áreas em Alto e Muito Alto Risco a Movimentos de Massa, Enchentes e Inundações",
        "UTME": "669317.04",
        "UTMN": "7596128.16",
        "ZONA": "23",
        "Shape_Leng": "1440,41378"
      }
    },
    {
      "type": "Feature",
      "geometry": {
        "type": "Polygon",
        "coordinates": [
          [
            [
              -43.36503436304012,
              -21.7340150496691
            ],
            [
              -43.36429665093207,
              -21.7342202690535
            ],
            [
              -43.36435007460029,
              -21.73401483992179
            ],
            [
              -43.36471750682172,
              -21.733137464364
            ],
            [
              -43.36494517499975,
              -21.73271564424559
            ],
            [
              -43.36551503015517,
              -21.73195947821122
            ],
            [
              -43.36570613290697,
              -21.73173075599026
            ],
            [
              -43.36625963406109,
              -21.73098502925457
            ],
            [
              -43.36683818842946,
              -21.73007805471537
            ],
            [
              -43.36685874095515,
              -21.72987682983934
            ],
            [
              -43.36681876037016,
              -21.72962221482692
            ],
            [
              -43.36736922761354,
              -21.72994244272474
            ],
            [
              -43.36749218441475,
              -21.7303472626329
            ],
            [
              -43.36732955199042,
              -21.73049062115501
            ],
            [
              -43.36731667920336,
              -21.73047293114781
            ],
            [
              -43.36728537703627,
              -21.73043464578381
            ],
            [
              -43.36720732019345,
              -21.73015515739662
            ],
            [
              -43.36719419517887,
              -21.7301389190758
            ],
            [
              -43.36718312833279,
              -21.73011907914433
            ],
            [
              -43.36712625190015,
              -21.73002966870358
            ],
            [
              -43.36703689891104,
              -21.73028475507031
            ],
            [
              -43.36680797732366,
              -21.73081345858576
            ],
            [
              -43.36649645736965,
              -21.73117825636689
            ],
            [
              -43.36624496614959,
              -21.73160247687499
            ],
            [
              -43.36602889531612,
              -21.73178315238952
            ],
            [
              -43.36589967936757,
              -21.73197561916523
            ],
            [
              -43.36559103414496,
              -21.73227896491111
            ],
            [
              -43.36546729055142,
              -21.73242151660507
            ],
            [
              -43.36536264203887,
              -21.73255902708555
            ],
            [
              -43.36518808131708,
              -21.73277488774432
            ],
            [
              -43.36505445145618,
              -21.73302895201826
            ],
            [
              -43.36495570532765,
              -21.73312078516662
            ],
            [
              -43.36486030327507,
              -21.73330418781891
            ],
            [
              -43.36472671633118,
              -21.73364552462914
            ],
            [
              -43.36470407686095,
              -21.73376915465798
            ],
            [
              -43.36503644871208,
              -21.73392716104315
            ],
            [
              -43.36503436304012,
              -21.7340150496691
            ]
          ]
        ]
      },
      "properties": {
        "LOCAL": "Rua Doutor Sebastião de Andrade",
        "DATA_SETOR": "Outubro de 2017",
        "NUM_SETOR": "MG_JUIZDEF_SR_52_CPRM",
        "TIPOLO_G1": "Deslizamento",
        "TIPOLO_E1": "Deslizamento planar",
        "COBRADE_01": "1.1.3.2.1",
        "TIPOLO_G2": "",
        "TIPOLO_E2": "",
        "COBRADE_02": "",
        "TIPOLO_G3": "",
        "TIPOLO_E3": "",
        "COBRADE_03": "",
        "TIPOLO_G4": "",
        "TIPOLO_E4": "",
        "COBRADE_04": "",
        "TIPOLO_G5": "",
        "TIPOLO_E5": "",
        "COBRADE_05": "",
        "SITUACAO": "Instalado",
        "DESCRICAO": "Ocupaçoes em encosta de alto aclive por meio de corte verticalizado e aterro com historicos de deslizamentos.",
        "NUM_EDIF": "21",
        "NUM_PESS": "84",
        "OBS_OCUP": "Casas de Alvenaria",
        "GRAU_VULNE": "Alto",
        "GRAU_RISCO": "Alto",
        "SUG_INTERV": "Monitoramento, estudo Geotecnico para avaliação de obras de contenção, implantação de sistemas de drenagem.",
        "ORGAO_EXEC": "CPRM",
        "PROJETO": "Setorização de Áreas em Alto e Muito Alto Risco a Movimentos de Massa, Enchentes e Inundações",
        "UTME": "669081.40",
        "UTMN": "7595891.76",
        "ZONA": "23",
        "Shape_Leng": "1394,635498"
      }
    },
    {
      "type": "Feature",
      "geometry": {
        "type": "Polygon",
        "coordinates": [
          [
            [
              -43.35464180869754,
              -21.71589879844037
            ],
            [
              -43.35465113088905,
              -21.71560693382182
            ],
            [
              -43.35493044222322,
              -21.71530638692319
            ],
            [
              -43.35532378558287,
              -21.71524607985149
            ],
            [
              -43.35643617912989,
              -21.71530413682577
            ],
            [
              -43.35673267921718,
              -21.71545098380954
            ],
            [
              -43.35801072792649,
              -21.7171060952633
            ],
            [
              -43.35831532566135,
              -21.71789816494691
            ],
            [
              -43.35833038623871,
              -21.71837117785724
            ],
            [
              -43.35820130613182,
              -21.71857488267852
            ],
            [
              -43.35818779483551,
              -21.7185776092543
            ],
            [
              -43.35816745641463,
              -21.71860579306058
            ],
            [
              -43.35760865596846,
              -21.71908445621468
            ],
            [
              -43.35726172126428,
              -21.71937234481374
            ],
            [
              -43.35721523311249,
              -21.7193989603973
            ],
            [
              -43.35718850713605,
              -21.71942066336762
            ],
            [
              -43.35717495103273,
              -21.7194390701442
            ],
            [
              -43.35695187595186,
              -21.71979392780814
            ],
            [
              -43.35661383645697,
              -21.71996990705241
            ],
            [
              -43.35514427843486,
              -21.71987716030236
            ],
            [
              -43.3553085383961,
              -21.71892880921607
            ],
            [
              -43.3549353018552,
              -21.71894689315759
            ],
            [
              -43.35451330911655,
              -21.71925880280199
            ],
            [
              -43.35443940425246,
              -21.71975788802102
            ],
            [
              -43.35436050042105,
              -21.71973986630195
            ],
            [
              -43.3531464493438,
              -21.71954106291568
            ],
            [
              -43.35286466093508,
              -21.71956031857828
            ],
            [
              -43.35273686499786,
              -21.71969642942106
            ],
            [
              -43.35228713066862,
              -21.72061401276038
            ],
            [
              -43.35189156336001,
              -21.72091331258394
            ],
            [
              -43.35143687801894,
              -21.72115100817395
            ],
            [
              -43.35128012184576,
              -21.72101768077404
            ],
            [
              -43.35126610809135,
              -21.72100365888738
            ],
            [
              -43.35119363600244,
              -21.72079639596853
            ],
            [
              -43.3511956059485,
              -21.72077028469611
            ],
            [
              -43.3513075863254,
              -21.72037022961396
            ],
            [
              -43.35162925376334,
              -21.71978634899323
            ],
            [
              -43.35166058070629,
              -21.71959425623971
            ],
            [
              -43.35135362570867,
              -21.71828465617079
            ],
            [
              -43.3509877763998,
              -21.71826342826903
            ],
            [
              -43.35099721755096,
              -21.71807314278198
            ],
            [
              -43.3516380417298,
              -21.71763884854593
            ],
            [
              -43.35218843038721,
              -21.71735750565652
            ],
            [
              -43.35266865655975,
              -21.71716026326809
            ],
            [
              -43.35337774373008,
              -21.7171800617047
            ],
            [
              -43.35345595941475,
              -21.71681216841976
            ],
            [
              -43.35362718133463,
              -21.71684775873554
            ],
            [
              -43.35373010865273,
              -21.71667694491072
            ],
            [
              -43.35401341633798,
              -21.7165852592762
            ],
            [
              -43.35442649429738,
              -21.71636922945012
            ],
            [
              -43.354443949328,
              -21.71635730967819
            ],
            [
              -43.35464952283115,
              -21.71607694038168
            ],
            [
              -43.35464828263322,
              -21.71607065703927
            ],
            [
              -43.35464180869754,
              -21.71589879844037
            ]
          ]
        ]
      },
      "properties": {
        "LOCAL": "Rua Monte Libano",
        "DATA_SETOR": "Outubro de 2017",
        "NUM_SETOR": "MG_JUIZDEF_SR_53_CPRM",
        "TIPOLO_G1": "Deslizamento",
        "TIPOLO_E1": "Deslizamento planar",
        "COBRADE_01": "1.1.3.2.1",
        "TIPOLO_G2": "",
        "TIPOLO_E2": "",
        "COBRADE_02": "",
        "TIPOLO_G3": "",
        "TIPOLO_E3": "",
        "COBRADE_03": "",
        "TIPOLO_G4": "",
        "TIPOLO_E4": "",
        "COBRADE_04": "",
        "TIPOLO_G5": "",
        "TIPOLO_E5": "",
        "COBRADE_05": "",
        "SITUACAO": "Instalado",
        "DESCRICAO": "Ocupaçoes em encosta de alto aclive por meio de corte verticalizado e aterro com historicos de deslizamentos.",
        "NUM_EDIF": "90",
        "NUM_PESS": "320",
        "OBS_OCUP": "Casas de Alvenaria",
        "GRAU_VULNE": "Alto",
        "GRAU_RISCO": "Muito alto",
        "SUG_INTERV": "Estudo Geotecnico para avaliação de obras de contenção, implantação de sistemas de drenagem, monitoramento.",
        "ORGAO_EXEC": "CPRM",
        "PROJETO": "Setorização de Áreas em Alto e Muito Alto Risco a Movimentos de Massa, Enchentes e Inundações",
        "UTME": "670231.11",
        "UTMN": "7597403.49",
        "ZONA": "23",
        "Shape_Leng": "2600,836932"
      }
    },
    {
      "type": "Feature",
      "geometry": {
        "type": "Polygon",
        "coordinates": [
          [
            [
              -43.36228787224187,
              -21.71010644682064
            ],
            [
              -43.36244780532061,
              -21.71005109210244
            ],
            [
              -43.36305266962057,
              -21.70991924984525
            ],
            [
              -43.3638249853382,
              -21.70973356138734
            ],
            [
              -43.36457066557136,
              -21.70963932737908
            ],
            [
              -43.3644713883311,
              -21.70932134915243
            ],
            [
              -43.36436401604001,
              -21.70859765963733
            ],
            [
              -43.36437551163727,
              -21.70858017296521
            ],
            [
              -43.3649152447685,
              -21.70811895831633
            ],
            [
              -43.36497082162665,
              -21.70807894938787
            ],
            [
              -43.3649830912512,
              -21.70806180991388
            ],
            [
              -43.36550289601903,
              -21.70780472020811
            ],
            [
              -43.36553391195765,
              -21.70779936021564
            ],
            [
              -43.36597200232929,
              -21.70746354670166
            ],
            [
              -43.36600592052787,
              -21.70740041817587
            ],
            [
              -43.36603975677882,
              -21.70733743967093
            ],
            [
              -43.36619087721078,
              -21.7072281676881
            ],
            [
              -43.3662835164317,
              -21.70721442440048
            ],
            [
              -43.36634508455762,
              -21.70720528829293
            ],
            [
              -43.36637581197509,
              -21.70720072915584
            ],
            [
              -43.36683619330937,
              -21.70722879018659
            ],
            [
              -43.36688995913855,
              -21.70726234357001
            ],
            [
              -43.36694652711114,
              -21.70730933376053
            ],
            [
              -43.36700022681269,
              -21.70734284220132
            ],
            [
              -43.36727569275466,
              -21.70746829860022
            ],
            [
              -43.36731461415742,
              -21.70750429604122
            ],
            [
              -43.36736855768071,
              -21.70753805335143
            ],
            [
              -43.36740743223912,
              -21.70757400876289
            ],
            [
              -43.36751326617727,
              -21.70762878303045
            ],
            [
              -43.36755059460774,
              -21.70765237525151
            ],
            [
              -43.36791547308973,
              -21.70781326408866
            ],
            [
              -43.36796701081954,
              -21.70789230397796
            ],
            [
              -43.36801464140463,
              -21.70795715461725
            ],
            [
              -43.36805520523686,
              -21.70805212490408
            ],
            [
              -43.36810257475415,
              -21.70811656379183
            ],
            [
              -43.36812435460321,
              -21.70814178573799
            ],
            [
              -43.3682722449582,
              -21.7083035898714
            ],
            [
              -43.36831419323125,
              -21.7083526901206
            ],
            [
              -43.36847061834278,
              -21.70856458495184
            ],
            [
              -43.36986044971097,
              -21.70935299054712
            ],
            [
              -43.37071826264087,
              -21.71022240368976
            ],
            [
              -43.37081385803334,
              -21.71059705506145
            ],
            [
              -43.37073055006658,
              -21.71082187781954
            ],
            [
              -43.37060193916111,
              -21.71089896223185
            ],
            [
              -43.37036700173229,
              -21.71090923733986
            ],
            [
              -43.37018181473141,
              -21.71103334306637
            ],
            [
              -43.36995694487541,
              -21.71115214919399
            ],
            [
              -43.36987575322412,
              -21.7113011072238
            ],
            [
              -43.3697755817984,
              -21.71153303079962
            ],
            [
              -43.36959280468597,
              -21.7116988594015
            ],
            [
              -43.36916339205871,
              -21.71201325370469
            ],
            [
              -43.36914550310993,
              -21.71201210938115
            ],
            [
              -43.36890811551496,
              -21.7121799792307
            ],
            [
              -43.36858359327744,
              -21.71224048394491
            ],
            [
              -43.36855370578471,
              -21.71225232534125
            ],
            [
              -43.36837456836283,
              -21.71221819542848
            ],
            [
              -43.36809551941141,
              -21.71219221379864
            ],
            [
              -43.36766520465874,
              -21.7121639639064
            ],
            [
              -43.36684986131,
              -21.71204643400672
            ],
            [
              -43.36663453361465,
              -21.71215373028199
            ],
            [
              -43.36633235967773,
              -21.71238656658654
            ],
            [
              -43.36626076422399,
              -21.71258434771431
            ],
            [
              -43.36620647123486,
              -21.71308581733863
            ],
            [
              -43.36598518716573,
              -21.71352870022922
            ],
            [
              -43.36575381658143,
              -21.71384800231036
            ],
            [
              -43.36562286212256,
              -21.7143731781543
            ],
            [
              -43.36576152073338,
              -21.71504459916562
            ],
            [
              -43.3657661848169,
              -21.715052445374
            ],
            [
              -43.36588514493503,
              -21.71542073404959
            ],
            [
              -43.36516449927085,
              -21.71482844957998
            ],
            [
              -43.36440004193328,
              -21.71382471002783
            ],
            [
              -43.36438887843649,
              -21.71380346179021
            ],
            [
              -43.36421141170066,
              -21.7135981757071
            ],
            [
              -43.36418593394686,
              -21.71358259021914
            ],
            [
              -43.36416634146766,
              -21.71356223783828
            ],
            [
              -43.36372675629932,
              -21.71339563934164
            ],
            [
              -43.36348720490482,
              -21.71334920899811
            ],
            [
              -43.36345835489858,
              -21.71334558574346
            ],
            [
              -43.36343495738441,
              -21.71335093201244
            ],
            [
              -43.36309177529938,
              -21.71323285390139
            ],
            [
              -43.36287741873256,
              -21.7128407678103
            ],
            [
              -43.36286856313284,
              -21.71282802712222
            ],
            [
              -43.36259667059854,
              -21.7125154606011
            ],
            [
              -43.36242504028123,
              -21.71207327290615
            ],
            [
              -43.36210471915491,
              -21.71135693008399
            ],
            [
              -43.3621055279075,
              -21.71100063284264
            ],
            [
              -43.36214030767735,
              -21.71075923470548
            ],
            [
              -43.36228787224187,
              -21.71010644682064
            ]
          ]
        ]
      },
      "properties": {
        "LOCAL": "Rua Avelino Jacó da Silva",
        "DATA_SETOR": "Outubro de 2017",
        "NUM_SETOR": "MG_JUIZDEF_SR_54_CPRM",
        "TIPOLO_G1": "Deslizamento",
        "TIPOLO_E1": "Deslizamento planar",
        "COBRADE_01": "1.1.3.2.1",
        "TIPOLO_G2": "",
        "TIPOLO_E2": "",
        "COBRADE_02": "",
        "TIPOLO_G3": "",
        "TIPOLO_E3": "",
        "COBRADE_03": "",
        "TIPOLO_G4": "",
        "TIPOLO_E4": "",
        "COBRADE_04": "",
        "TIPOLO_G5": "",
        "TIPOLO_E5": "",
        "COBRADE_05": "",
        "SITUACAO": "Instalado",
        "DESCRICAO": "Ocupaçoes em encosta de alto aclive por meio de corte verticalizado e aterro com historicos de deslizamentos.",
        "NUM_EDIF": "115",
        "NUM_PESS": "460",
        "OBS_OCUP": "Casas de Alvenaria",
        "GRAU_VULNE": "Alto",
        "GRAU_RISCO": "Muito alto",
        "SUG_INTERV": "Estudo Geotecnico para avaliação de obras de contenção, implantação de sistemas de drenagem, monitoramento.",
        "ORGAO_EXEC": "CPRM",
        "PROJETO": "Setorização de Áreas em Alto e Muito Alto Risco a Movimentos de Massa, Enchentes e Inundações",
        "UTME": "670231.11",
        "UTMN": "7597403.49",
        "ZONA": "23",
        "Shape_Leng": "2925,095141"
      }
    },
    {
      "type": "Feature",
      "geometry": {
        "type": "Polygon",
        "coordinates": [
          [
            [
              -43.35872452524713,
              -21.68439952582382
            ],
            [
              -43.35830220358141,
              -21.6844536165922
            ],
            [
              -43.3577121893744,
              -21.68464538293461
            ],
            [
              -43.35686747341725,
              -21.68498320812883
            ],
            [
              -43.35582250942641,
              -21.68545721464293
            ],
            [
              -43.35479491401736,
              -21.68579578897174
            ],
            [
              -43.35520498006454,
              -21.68493554171448
            ],
            [
              -43.35584978033507,
              -21.68471067098837
            ],
            [
              -43.35625757007497,
              -21.6845628609084
            ],
            [
              -43.35645758330778,
              -21.68484960723379
            ],
            [
              -43.35646223022842,
              -21.68485705606583
            ],
            [
              -43.35726441594176,
              -21.68449961108054
            ],
            [
              -43.35759709301865,
              -21.6844028496828
            ],
            [
              -43.35824389874267,
              -21.68426062203873
            ],
            [
              -43.35875125874479,
              -21.68421606094937
            ],
            [
              -43.35877022602652,
              -21.68421587921489
            ],
            [
              -43.35931809957297,
              -21.68414458902865
            ],
            [
              -43.35963137632959,
              -21.68406176060019
            ],
            [
              -43.35965980856216,
              -21.68407197179048
            ],
            [
              -43.35994842560924,
              -21.68412799030395
            ],
            [
              -43.35999561727105,
              -21.68415297122929
            ],
            [
              -43.36021445672578,
              -21.68427075794904
            ],
            [
              -43.36025137718301,
              -21.6842977553134
            ],
            [
              -43.36040063551831,
              -21.68446584793164
            ],
            [
              -43.36042966112632,
              -21.68451723275319
            ],
            [
              -43.3604489246774,
              -21.68455133730103
            ],
            [
              -43.36045853135064,
              -21.68456834506831
            ],
            [
              -43.36055510682194,
              -21.68475821008141
            ],
            [
              -43.36057860486807,
              -21.68479976830044
            ],
            [
              -43.36058797489694,
              -21.68481634107967
            ],
            [
              -43.36066775179239,
              -21.68511042339533
            ],
            [
              -43.36067150307945,
              -21.68515494228081
            ],
            [
              -43.36068580772768,
              -21.68518072067927
            ],
            [
              -43.36087008563944,
              -21.68543900422185
            ],
            [
              -43.36089130618588,
              -21.68545894298716
            ],
            [
              -43.36125772241643,
              -21.68584052731127
            ],
            [
              -43.36128208482224,
              -21.68586806967763
            ],
            [
              -43.36155968732664,
              -21.68602783361125
            ],
            [
              -43.36157889080765,
              -21.68604660979616
            ],
            [
              -43.36173717933753,
              -21.68617335440226
            ],
            [
              -43.36175966382744,
              -21.68620015919161
            ],
            [
              -43.36177787591981,
              -21.68619944218586
            ],
            [
              -43.3621265374363,
              -21.68663756264505
            ],
            [
              -43.36247440187968,
              -21.6871439879045
            ],
            [
              -43.36238423647498,
              -21.68755127941445
            ],
            [
              -43.36226668942595,
              -21.68781691204507
            ],
            [
              -43.36195794260659,
              -21.68786497878427
            ],
            [
              -43.36194470214373,
              -21.68786504039227
            ],
            [
              -43.36152731623751,
              -21.68791569940378
            ],
            [
              -43.36097941847645,
              -21.68830044592514
            ],
            [
              -43.36083564242145,
              -21.68814744194456
            ],
            [
              -43.3606183440558,
              -21.6879121439675
            ],
            [
              -43.36060422158846,
              -21.68789245054702
            ],
            [
              -43.36049897661508,
              -21.68753828803665
            ],
            [
              -43.36047678719925,
              -21.68750975181562
            ],
            [
              -43.36046908333832,
              -21.6874952936789
            ],
            [
              -43.36027509071283,
              -21.68719908312144
            ],
            [
              -43.36025808341616,
              -21.68716079726762
            ],
            [
              -43.3602273932488,
              -21.68713092962242
            ],
            [
              -43.36022677998464,
              -21.68712303934928
            ],
            [
              -43.36005274936925,
              -21.68657437626952
            ],
            [
              -43.35977879526279,
              -21.68605282314936
            ],
            [
              -43.3596491667367,
              -21.68560636918108
            ],
            [
              -43.35955915725248,
              -21.68522646155151
            ],
            [
              -43.35950075269048,
              -21.68497911508807
            ],
            [
              -43.35934746230512,
              -21.68479181457615
            ],
            [
              -43.35872452524713,
              -21.68439952582382
            ]
          ]
        ]
      },
      "properties": {
        "LOCAL": "Rua Antônio Almas",
        "DATA_SETOR": "Outubro de 2017",
        "NUM_SETOR": "MG_JUIZDEF_SR_55_CPRM",
        "TIPOLO_G1": "Deslizamento",
        "TIPOLO_E1": "Deslizamento planar",
        "COBRADE_01": "1.1.3.2.1",
        "TIPOLO_G2": "Erosão",
        "TIPOLO_E2": "Ravina",
        "COBRADE_02": "",
        "TIPOLO_G3": "",
        "TIPOLO_E3": "",
        "COBRADE_03": "",
        "TIPOLO_G4": "",
        "TIPOLO_E4": "",
        "COBRADE_04": "",
        "TIPOLO_G5": "",
        "TIPOLO_E5": "",
        "COBRADE_05": "",
        "SITUACAO": "Instalado",
        "DESCRICAO": "Ocupaçoes em encosta de alto aclive por meio de corte verticalizado e aterro com historicos de deslizamentos.",
        "NUM_EDIF": "70",
        "NUM_PESS": "280",
        "OBS_OCUP": "Casas de Alvenaria",
        "GRAU_VULNE": "Alto",
        "GRAU_RISCO": "Muito alto",
        "SUG_INTERV": "Estudo Geotecnico para avaliação de obras de contenção, implantação de sistemas de drenagem, monitoramento.",
        "ORGAO_EXEC": "CPRM",
        "PROJETO": "Setorização de Áreas em Alto e Muito Alto Risco a Movimentos de Massa, Enchentes e Inundações",
        "UTME": "669743.81",
        "UTMN": "7601183.81",
        "ZONA": "23",
        "Shape_Leng": "2242,012691"
      }
    },
    {
      "type": "Feature",
      "geometry": {
        "type": "Polygon",
        "coordinates": [
          [
            [
              -43.43923617229834,
              -21.67306340067744
            ],
            [
              -43.43951421463011,
              -21.67299283816655
            ],
            [
              -43.44001717082563,
              -21.6727327802586
            ],
            [
              -43.4402861630718,
              -21.67248395400564
            ],
            [
              -43.44029456913398,
              -21.67246778991565
            ],
            [
              -43.4404562736017,
              -21.67226389406173
            ],
            [
              -43.44060284222478,
              -21.67198720396612
            ],
            [
              -43.44066375025196,
              -21.67176362185055
            ],
            [
              -43.44105270478766,
              -21.67163990298331
            ],
            [
              -43.44126696909687,
              -21.67167540362738
            ],
            [
              -43.44158645942521,
              -21.67206846562587
            ],
            [
              -43.44154960582538,
              -21.6722174968607
            ],
            [
              -43.44068146096736,
              -21.67323703937538
            ],
            [
              -43.44041952209564,
              -21.67311954642338
            ],
            [
              -43.44017130176928,
              -21.67339041222426
            ],
            [
              -43.43999074794562,
              -21.67329033588691
            ],
            [
              -43.43953045354346,
              -21.67367921938809
            ],
            [
              -43.43938433717764,
              -21.67391739267182
            ],
            [
              -43.43922674670644,
              -21.6741766805609
            ],
            [
              -43.43908590711342,
              -21.67412176789874
            ],
            [
              -43.43880622305159,
              -21.6743413272695
            ],
            [
              -43.43828035719275,
              -21.67481007736157
            ],
            [
              -43.43767754973894,
              -21.67433226930118
            ],
            [
              -43.43748327357069,
              -21.67419382754687
            ],
            [
              -43.43741466964665,
              -21.67403240634944
            ],
            [
              -43.43741498264118,
              -21.67401636763973
            ],
            [
              -43.4374160209972,
              -21.67391169476506
            ],
            [
              -43.43757681696373,
              -21.67383323726604
            ],
            [
              -43.43762132023964,
              -21.67383391011661
            ],
            [
              -43.4377456010979,
              -21.67383579022105
            ],
            [
              -43.43794014629844,
              -21.67390314868404
            ],
            [
              -43.43794871821054,
              -21.67391108581795
            ],
            [
              -43.4381912226873,
              -21.67398305401746
            ],
            [
              -43.43844361448144,
              -21.67392050314987
            ],
            [
              -43.43847828947004,
              -21.67392060907464
            ],
            [
              -43.43859252438292,
              -21.67374995424937
            ],
            [
              -43.43830180427595,
              -21.67350703871149
            ],
            [
              -43.43812720072272,
              -21.67340873437964
            ],
            [
              -43.43802236186613,
              -21.67326263644137
            ],
            [
              -43.43808239393793,
              -21.67315558960594
            ],
            [
              -43.43816701694029,
              -21.6730558303636
            ],
            [
              -43.43852012008386,
              -21.67316017982606
            ],
            [
              -43.43897947598186,
              -21.67326607642551
            ],
            [
              -43.43923617229834,
              -21.67306340067744
            ]
          ]
        ]
      },
      "properties": {
        "LOCAL": "Rua João de Abreu Filho",
        "DATA_SETOR": "Outubro de 2017",
        "NUM_SETOR": "MG_JUIZDEF_SR_56_CPRM",
        "TIPOLO_G1": "Deslizamento",
        "TIPOLO_E1": "Deslizamento planar",
        "COBRADE_01": "1.1.3.2.1",
        "TIPOLO_G2": "",
        "TIPOLO_E2": "",
        "COBRADE_02": "",
        "TIPOLO_G3": "",
        "TIPOLO_E3": "",
        "COBRADE_03": "",
        "TIPOLO_G4": "",
        "TIPOLO_E4": "",
        "COBRADE_04": "",
        "TIPOLO_G5": "",
        "TIPOLO_E5": "",
        "COBRADE_05": "",
        "SITUACAO": "Instalado",
        "DESCRICAO": "Ocupaçoes em encosta de alto aclive por meio de corte verticalizado e aterro com historicos de deslizamentos.",
        "NUM_EDIF": "90",
        "NUM_PESS": "360",
        "OBS_OCUP": "Casas de Alvenaria",
        "GRAU_VULNE": "Alto",
        "GRAU_RISCO": "Muito alto",
        "SUG_INTERV": "Estudo Geotecnico para avaliação de obras de contenção, implantação de sistemas de drenagem, monitoramento.",
        "ORGAO_EXEC": "CPRM",
        "PROJETO": "Setorização de Áreas em Alto e Muito Alto Risco a Movimentos de Massa, Enchentes e Inundações",
        "UTME": "670231.11",
        "UTMN": "7597403.49",
        "ZONA": "23",
        "Shape_Leng": "1355,205645"
      }
    },
    {
      "type": "Feature",
      "geometry": {
        "type": "Polygon",
        "coordinates": [
          [
            [
              -43.44263738465415,
              -21.69702152513416
            ],
            [
              -43.44157829484623,
              -21.6971620366728
            ],
            [
              -43.44155517891753,
              -21.69701748076017
            ],
            [
              -43.44166921003521,
              -21.69683488397355
            ],
            [
              -43.4419065221268,
              -21.69669447383423
            ],
            [
              -43.44223814665846,
              -21.69660296513517
            ],
            [
              -43.4426433014518,
              -21.69639876923549
            ],
            [
              -43.44264658708442,
              -21.69639045230019
            ],
            [
              -43.44279901457137,
              -21.69625741328828
            ],
            [
              -43.44292502538552,
              -21.69598706025963
            ],
            [
              -43.44295434333012,
              -21.69571699677543
            ],
            [
              -43.4429519682144,
              -21.69569717441427
            ],
            [
              -43.44295562556525,
              -21.69567468722479
            ],
            [
              -43.44302236913679,
              -21.69554084325498
            ],
            [
              -43.44308253369403,
              -21.69552818019321
            ],
            [
              -43.44314878419104,
              -21.69555111789295
            ],
            [
              -43.4431691956403,
              -21.69556296233218
            ],
            [
              -43.44317913255138,
              -21.69557595399218
            ],
            [
              -43.44327880140657,
              -21.69572951223188
            ],
            [
              -43.44382899372647,
              -21.69650544884127
            ],
            [
              -43.44263738465415,
              -21.69702152513416
            ]
          ]
        ]
      },
      "properties": {
        "LOCAL": "Rua Luiz Vicentin",
        "DATA_SETOR": "Outubro de 2017",
        "NUM_SETOR": "MG_JUIZDEF_SR_57_CPRM",
        "TIPOLO_G1": "Deslizamento",
        "TIPOLO_E1": "Deslizamento planar",
        "COBRADE_01": "1.1.3.2.1",
        "TIPOLO_G2": "",
        "TIPOLO_E2": "",
        "COBRADE_02": "",
        "TIPOLO_G3": "",
        "TIPOLO_E3": "",
        "COBRADE_03": "",
        "TIPOLO_G4": "",
        "TIPOLO_E4": "",
        "COBRADE_04": "",
        "TIPOLO_G5": "",
        "TIPOLO_E5": "",
        "COBRADE_05": "",
        "SITUACAO": "Instalado",
        "DESCRICAO": "Ocupaçoes em encosta de alto aclive por meio de corte verticalizado e aterro com historicos de deslizamentos.",
        "NUM_EDIF": "20",
        "NUM_PESS": "80",
        "OBS_OCUP": "Casas de Alvenaria",
        "GRAU_VULNE": "Alto",
        "GRAU_RISCO": "Muito alto",
        "SUG_INTERV": "Estudo Geotecnico para avaliação de obras de contenção, implantação de sistemas de drenagem, monitoramento.",
        "ORGAO_EXEC": "CPRM",
        "PROJETO": "Setorização de Áreas em Alto e Muito Alto Risco a Movimentos de Massa, Enchentes e Inundações",
        "UTME": "661090.45",
        "UTMN": "7599983.78",
        "ZONA": "23",
        "Shape_Leng": "645,873183"
      }
    },
    {
      "type": "Feature",
      "geometry": {
        "type": "Polygon",
        "coordinates": [
          [
            [
              -43.44470957155424,
              -21.69677766205986
            ],
            [
              -43.44452409680321,
              -21.6971812484207
            ],
            [
              -43.4443525266829,
              -21.69742886776186
            ],
            [
              -43.44429035196217,
              -21.69768127458671
            ],
            [
              -43.44428143059524,
              -21.6976838464141
            ],
            [
              -43.44427886690073,
              -21.69771601043955
            ],
            [
              -43.44426602072674,
              -21.69772756344633
            ],
            [
              -43.44425746800624,
              -21.69784181970708
            ],
            [
              -43.44421430802355,
              -21.69797520802823
            ],
            [
              -43.44420654494999,
              -21.69799321003594
            ],
            [
              -43.44420269041155,
              -21.69800041789768
            ],
            [
              -43.44409859390411,
              -21.69812718075676
            ],
            [
              -43.44409080732027,
              -21.69813801437567
            ],
            [
              -43.44408302073524,
              -21.69814884799414
            ],
            [
              -43.44406747531529,
              -21.69816694315177
            ],
            [
              -43.44405971538823,
              -21.69817421642292
            ],
            [
              -43.44404029308181,
              -21.69819961858251
            ],
            [
              -43.44402476937024,
              -21.69821425360342
            ],
            [
              -43.44398584197884,
              -21.69826871076377
            ],
            [
              -43.4439741578793,
              -21.69828328336331
            ],
            [
              -43.44397025628503,
              -21.69829405859879
            ],
            [
              -43.44395467000592,
              -21.69831586299218
            ],
            [
              -43.44395466823684,
              -21.69832295255396
            ],
            [
              -43.44393908096626,
              -21.69834475874272
            ],
            [
              -43.44387669858413,
              -21.69843912423075
            ],
            [
              -43.44386498203389,
              -21.698453746195
            ],
            [
              -43.44385325862904,
              -21.69846837622317
            ],
            [
              -43.44384936129468,
              -21.69847560625422
            ],
            [
              -43.44375056365819,
              -21.69853023478852
            ],
            [
              -43.44373462743948,
              -21.69853819182157
            ],
            [
              -43.44372263135117,
              -21.69854240124045
            ],
            [
              -43.44370264907609,
              -21.69855415908312
            ],
            [
              -43.44368251754957,
              -21.69855885123539
            ],
            [
              -43.44366237375883,
              -21.69856711199478
            ],
            [
              -43.44365425590206,
              -21.69856757773256
            ],
            [
              -43.44362586914789,
              -21.69857634369629
            ],
            [
              -43.4435066532123,
              -21.69860127856814
            ],
            [
              -43.44348578744278,
              -21.69860252514502
            ],
            [
              -43.44343979911471,
              -21.69861250778047
            ],
            [
              -43.44341446019873,
              -21.69861403842042
            ],
            [
              -43.44340598811921,
              -21.69861454869195
            ],
            [
              -43.44338071125617,
              -21.69862334290932
            ],
            [
              -43.44335996837756,
              -21.69862772217739
            ],
            [
              -43.44333120985767,
              -21.69863573490423
            ],
            [
              -43.44306023009703,
              -21.69869860055304
            ],
            [
              -43.44304304589247,
              -21.69870306829986
            ],
            [
              -43.44301716777938,
              -21.69870791233888
            ],
            [
              -43.44297817285739,
              -21.6987133277762
            ],
            [
              -43.44280729642026,
              -21.69873579430096
            ],
            [
              -43.44278510565061,
              -21.6987367618849
            ],
            [
              -43.44277176545511,
              -21.69873734472119
            ],
            [
              -43.44275840592166,
              -21.698737928278
            ],
            [
              -43.44268683790567,
              -21.69873326726215
            ],
            [
              -43.44267770983153,
              -21.69872207068975
            ],
            [
              -43.44258312782721,
              -21.69854403944742
            ],
            [
              -43.44259409315603,
              -21.6984898266874
            ],
            [
              -43.44268545478492,
              -21.69846908382232
            ],
            [
              -43.44270782136029,
              -21.69846461692093
            ],
            [
              -43.44272106247099,
              -21.69845652989599
            ],
            [
              -43.44299494551707,
              -21.698395528351
            ],
            [
              -43.44301224556419,
              -21.69838747490628
            ],
            [
              -43.44302088684084,
              -21.69838345261728
            ],
            [
              -43.44346563753265,
              -21.698295785136
            ],
            [
              -43.44364852893054,
              -21.69819797081591
            ],
            [
              -43.44366087234517,
              -21.69819399589251
            ],
            [
              -43.44375027119662,
              -21.69812213014265
            ],
            [
              -43.44377760543807,
              -21.69799195529459
            ],
            [
              -43.44384221640408,
              -21.69780496389765
            ],
            [
              -43.44384220739927,
              -21.69780121534187
            ],
            [
              -43.44385376503352,
              -21.69764264697256
            ],
            [
              -43.44385370544272,
              -21.69762741768384
            ],
            [
              -43.44385369033253,
              -21.69762360764992
            ],
            [
              -43.44382860116983,
              -21.69750416172957
            ],
            [
              -43.44375380482781,
              -21.69744759476745
            ],
            [
              -43.44363211188753,
              -21.69744356291236
            ],
            [
              -43.44331313082342,
              -21.69750828084666
            ],
            [
              -43.44249499222904,
              -21.697723430224
            ],
            [
              -43.44239243092993,
              -21.6977061983077
            ],
            [
              -43.44226744124318,
              -21.69767933745131
            ],
            [
              -43.44225844103738,
              -21.69767539963933
            ],
            [
              -43.44206316895109,
              -21.69757187825576
            ],
            [
              -43.44175872539901,
              -21.69740082010754
            ],
            [
              -43.44171337611843,
              -21.69730286232228
            ],
            [
              -43.44177333926653,
              -21.69726193082039
            ],
            [
              -43.44189846677816,
              -21.69723309559097
            ],
            [
              -43.44215299096595,
              -21.69725795657179
            ],
            [
              -43.44233751923601,
              -21.69725841591877
            ],
            [
              -43.44269794831367,
              -21.69705907381714
            ],
            [
              -43.44306632381581,
              -21.69692877465097
            ],
            [
              -43.44344686668102,
              -21.69675335610847
            ],
            [
              -43.44376634816288,
              -21.69662878439759
            ],
            [
              -43.44393009223155,
              -21.69657969075189
            ],
            [
              -43.44403265182248,
              -21.69657886126206
            ],
            [
              -43.4440440807599,
              -21.69659080917734
            ],
            [
              -43.44416619579354,
              -21.69662268722315
            ],
            [
              -43.44432395976148,
              -21.69666817108659
            ],
            [
              -43.44470957155424,
              -21.69677766205986
            ]
          ]
        ]
      },
      "properties": {
        "LOCAL": "Rua Vereador Francisco Pinheiro",
        "DATA_SETOR": "Outubro de 2017",
        "NUM_SETOR": "MG_JUIZDEF_SR_58_CPRM",
        "TIPOLO_G1": "Deslizamento",
        "TIPOLO_E1": "Deslizamento planar",
        "COBRADE_01": "1.1.3.2.1",
        "TIPOLO_G2": "",
        "TIPOLO_E2": "",
        "COBRADE_02": "",
        "TIPOLO_G3": "",
        "TIPOLO_E3": "",
        "COBRADE_03": "",
        "TIPOLO_G4": "",
        "TIPOLO_E4": "",
        "COBRADE_04": "",
        "TIPOLO_G5": "",
        "TIPOLO_E5": "",
        "COBRADE_05": "",
        "SITUACAO": "Instalado",
        "DESCRICAO": "Ocupaçoes em encosta de alto aclive por meio de corte verticalizado e aterro com historicos de deslizamentos.",
        "NUM_EDIF": "25",
        "NUM_PESS": "100",
        "OBS_OCUP": "Casas de Alvenaria",
        "GRAU_VULNE": "Alto",
        "GRAU_RISCO": "Muito alto",
        "SUG_INTERV": "Estudo Geotecnico para avaliação de obras de contenção, implantação de sistemas de drenagem, monitoramento.",
        "ORGAO_EXEC": "CPRM",
        "PROJETO": "Setorização de Áreas em Alto e Muito Alto Risco a Movimentos de Massa, Enchentes e Inundações",
        "UTME": "660989.25",
        "UTMN": "7599845.42",
        "ZONA": "23",
        "Shape_Leng": "1138,532418"
      }
    },
    {
      "type": "Feature",
      "geometry": {
        "type": "Polygon",
        "coordinates": [
          [
            [
              -43.44018758304424,
              -21.69937957924265
            ],
            [
              -43.44012908513761,
              -21.69933740458836
            ],
            [
              -43.43999623078542,
              -21.69920391309242
            ],
            [
              -43.43986445695067,
              -21.69905869761691
            ],
            [
              -43.43985108188565,
              -21.69904699666287
            ],
            [
              -43.43962352232774,
              -21.69868200167941
            ],
            [
              -43.43959523902076,
              -21.69842564392136
            ],
            [
              -43.43953091408302,
              -21.69807466261638
            ],
            [
              -43.43945972288861,
              -21.69775619127421
            ],
            [
              -43.43895100715398,
              -21.6967829476135
            ],
            [
              -43.43896666316431,
              -21.69650719261685
            ],
            [
              -43.43901259238391,
              -21.69613945076759
            ],
            [
              -43.43904318138845,
              -21.69575134261008
            ],
            [
              -43.43904629831074,
              -21.69495038256977
            ],
            [
              -43.43917155975851,
              -21.69444814274831
            ],
            [
              -43.43933970066532,
              -21.69408554791163
            ],
            [
              -43.43935383516941,
              -21.69405928722728
            ],
            [
              -43.43935949707483,
              -21.69404876622903
            ],
            [
              -43.43953155189418,
              -21.69381024791854
            ],
            [
              -43.43955215793717,
              -21.6937728551041
            ],
            [
              -43.43957904290022,
              -21.69375288626476
            ],
            [
              -43.4397317978296,
              -21.69367734196831
            ],
            [
              -43.43974696047151,
              -21.69367889822565
            ],
            [
              -43.43977235792034,
              -21.69366485690235
            ],
            [
              -43.43980104747828,
              -21.69364558334199
            ],
            [
              -43.43998815863288,
              -21.69360401427712
            ],
            [
              -43.44000572124882,
              -21.69360007606797
            ],
            [
              -43.44025310045354,
              -21.69360400745051
            ],
            [
              -43.44036691422237,
              -21.69370056100522
            ],
            [
              -43.4403855814469,
              -21.69371879698197
            ],
            [
              -43.44041066092444,
              -21.69381137165645
            ],
            [
              -43.44041204886433,
              -21.69383326221836
            ],
            [
              -43.4403874189856,
              -21.69423328296811
            ],
            [
              -43.44038956427528,
              -21.69424129686849
            ],
            [
              -43.44037452741137,
              -21.69473671736806
            ],
            [
              -43.44035878562769,
              -21.69506056879764
            ],
            [
              -43.44043806399281,
              -21.69540825103129
            ],
            [
              -43.44050361404277,
              -21.69553531109864
            ],
            [
              -43.44051908079551,
              -21.69556823896066
            ],
            [
              -43.44067501456625,
              -21.6957487242774
            ],
            [
              -43.44085476622946,
              -21.69586598136462
            ],
            [
              -43.44103643271393,
              -21.69605129594318
            ],
            [
              -43.44105654704499,
              -21.69607088768863
            ],
            [
              -43.44116895622873,
              -21.6962122213296
            ],
            [
              -43.44116579084863,
              -21.69621762007315
            ],
            [
              -43.44117892452341,
              -21.69656165875755
            ],
            [
              -43.44118689730415,
              -21.69658722872299
            ],
            [
              -43.4412335563788,
              -21.69686324667348
            ],
            [
              -43.44124564798204,
              -21.69689064920684
            ],
            [
              -43.44132140382519,
              -21.69712866477344
            ],
            [
              -43.44133293478321,
              -21.69713470840694
            ],
            [
              -43.44142790887624,
              -21.69733463591193
            ],
            [
              -43.44143773473508,
              -21.69736530314016
            ],
            [
              -43.44144187776418,
              -21.69739299133256
            ],
            [
              -43.44144087102214,
              -21.6976021753013
            ],
            [
              -43.44114648222055,
              -21.69790597887277
            ],
            [
              -43.44084659332555,
              -21.69817364909239
            ],
            [
              -43.44060756159918,
              -21.69844343389888
            ],
            [
              -43.44053800211059,
              -21.69858873494384
            ],
            [
              -43.44051332768185,
              -21.69862611305259
            ],
            [
              -43.44050711982527,
              -21.69863544479024
            ],
            [
              -43.44050511093314,
              -21.69877771858576
            ],
            [
              -43.44051178752804,
              -21.69879961643577
            ],
            [
              -43.44058781371212,
              -21.6990085422035
            ],
            [
              -43.44059485126944,
              -21.69901819544473
            ],
            [
              -43.44073103755753,
              -21.69922357637891
            ],
            [
              -43.44077845598573,
              -21.69940284320798
            ],
            [
              -43.44021469105246,
              -21.6995173524187
            ],
            [
              -43.44018758304424,
              -21.69937957924265
            ]
          ]
        ]
      },
      "properties": {
        "LOCAL": "Rua Poeta Célio Grunewald",
        "DATA_SETOR": "Outubro de 2017",
        "NUM_SETOR": "MG_JUIZDEF_SR_59_CPRM",
        "TIPOLO_G1": "Deslizamento",
        "TIPOLO_E1": "Deslizamento planar",
        "COBRADE_01": "1.1.3.2.1",
        "TIPOLO_G2": "",
        "TIPOLO_E2": "",
        "COBRADE_02": "",
        "TIPOLO_G3": "",
        "TIPOLO_E3": "",
        "COBRADE_03": "",
        "TIPOLO_G4": "",
        "TIPOLO_E4": "",
        "COBRADE_04": "",
        "TIPOLO_G5": "",
        "TIPOLO_E5": "",
        "COBRADE_05": "",
        "SITUACAO": "Instalado",
        "DESCRICAO": "Ocupaçoes em encosta de alto aclive por meio de corte verticalizado e aterro com historicos de deslizamentos.",
        "NUM_EDIF": "25",
        "NUM_PESS": "60",
        "OBS_OCUP": "Casas de Alvenaria",
        "GRAU_VULNE": "Alto",
        "GRAU_RISCO": "Muito alto",
        "SUG_INTERV": "Estudo Geotecnico para avaliação de obras de contenção, implantação de sistemas de drenagem, monitoramento.",
        "ORGAO_EXEC": "CPRM",
        "PROJETO": "Setorização de Áreas em Alto e Muito Alto Risco a Movimentos de Massa, Enchentes e Inundações",
        "UTME": "660989.25",
        "UTMN": "7599845.42",
        "ZONA": "23",
        "Shape_Leng": "1545,243326"
      }
    },
    {
      "type": "Feature",
      "geometry": {
        "type": "Polygon",
        "coordinates": [
          [
            [
              -43.43872016200709,
              -21.70462886029899
            ],
            [
              -43.43861041734903,
              -21.70461401137397
            ],
            [
              -43.43860342572796,
              -21.7046024192158
            ],
            [
              -43.43858361933457,
              -21.70449041556717
            ],
            [
              -43.43865579015129,
              -21.70423486595287
            ],
            [
              -43.43877475605763,
              -21.7039286551436
            ],
            [
              -43.43909077944016,
              -21.70358414996791
            ],
            [
              -43.43925420475397,
              -21.70338306415694
            ],
            [
              -43.43927021771723,
              -21.70336850921986
            ],
            [
              -43.43928061896138,
              -21.70335610626007
            ],
            [
              -43.43938053555623,
              -21.70314426801646
            ],
            [
              -43.43938851879157,
              -21.70300300805129
            ],
            [
              -43.43939012212123,
              -21.70299961520678
            ],
            [
              -43.43943738942627,
              -21.70268421289772
            ],
            [
              -43.43944477836629,
              -21.70266423766746
            ],
            [
              -43.43947320766169,
              -21.70247508235856
            ],
            [
              -43.4394706025728,
              -21.70245986707114
            ],
            [
              -43.43946930417301,
              -21.70245227843455
            ],
            [
              -43.43949094600863,
              -21.70239424460455
            ],
            [
              -43.43949454001663,
              -21.70238460921013
            ],
            [
              -43.43957177032072,
              -21.70233074598863
            ],
            [
              -43.43958991125401,
              -21.7023284915534
            ],
            [
              -43.4396131672267,
              -21.70233482995846
            ],
            [
              -43.43964046111204,
              -21.70234226768326
            ],
            [
              -43.43972311822434,
              -21.70239782390934
            ],
            [
              -43.4397364068732,
              -21.70240887012207
            ],
            [
              -43.43973504124985,
              -21.70241218030348
            ],
            [
              -43.43974428143324,
              -21.70243323971064
            ],
            [
              -43.43978134280423,
              -21.70259781915609
            ],
            [
              -43.43977990554877,
              -21.70261261793137
            ],
            [
              -43.43977846702471,
              -21.70262744469521
            ],
            [
              -43.43976779066011,
              -21.70279630869539
            ],
            [
              -43.43976940338548,
              -21.70280459759359
            ],
            [
              -43.43977166270347,
              -21.70282113829531
            ],
            [
              -43.43977363697347,
              -21.70284950881425
            ],
            [
              -43.43977590864454,
              -21.70286615892473
            ],
            [
              -43.43977246863535,
              -21.70289683865708
            ],
            [
              -43.43976817617792,
              -21.70290733821036
            ],
            [
              -43.43973006737824,
              -21.7029782084322
            ],
            [
              -43.43972287536256,
              -21.70299578741583
            ],
            [
              -43.43971711483371,
              -21.70300986444728
            ],
            [
              -43.4397084665514,
              -21.70303100205291
            ],
            [
              -43.43969845891571,
              -21.70314543379968
            ],
            [
              -43.4397021196516,
              -21.70315910995753
            ],
            [
              -43.43972831689841,
              -21.70324337543741
            ],
            [
              -43.43973757039726,
              -21.70325522278287
            ],
            [
              -43.43976055241213,
              -21.70326816131109
            ],
            [
              -43.43977545341475,
              -21.70327803312829
            ],
            [
              -43.43989807602828,
              -21.70335461003291
            ],
            [
              -43.43991494170318,
              -21.70336110322863
            ],
            [
              -43.43992891661532,
              -21.70337502639952
            ],
            [
              -43.43996693641935,
              -21.70338972414774
            ],
            [
              -43.43998386719672,
              -21.70339627575715
            ],
            [
              -43.44011407340657,
              -21.70345536933258
            ],
            [
              -43.44014461401302,
              -21.70346721285583
            ],
            [
              -43.44015775811505,
              -21.70347231071881
            ],
            [
              -43.44028453033586,
              -21.70354396488356
            ],
            [
              -43.44030739308213,
              -21.70356188180427
            ],
            [
              -43.44031272428178,
              -21.70357293619661
            ],
            [
              -43.44037839944579,
              -21.70371657028391
            ],
            [
              -43.440384833448,
              -21.70373740544585
            ],
            [
              -43.44038054778243,
              -21.70375848929679
            ],
            [
              -43.44038720365228,
              -21.70380241979589
            ],
            [
              -43.44037938785201,
              -21.70383133859172
            ],
            [
              -43.44036511682088,
              -21.70395468955666
            ],
            [
              -43.44035370845822,
              -21.70397767997252
            ],
            [
              -43.44034610191456,
              -21.70399300690673
            ],
            [
              -43.44033659446714,
              -21.7040121646775
            ],
            [
              -43.44031757956439,
              -21.70405048021685
            ],
            [
              -43.44030427031116,
              -21.70407729875534
            ],
            [
              -43.44029666473263,
              -21.70409262479242
            ],
            [
              -43.44023983618489,
              -21.70415144400989
            ],
            [
              -43.44014438291323,
              -21.70417830603066
            ],
            [
              -43.44012909874255,
              -21.70417599620976
            ],
            [
              -43.44011088661386,
              -21.70418169680248
            ],
            [
              -43.44007754318675,
              -21.7041850727478
            ],
            [
              -43.44004801416598,
              -21.7041948660069
            ],
            [
              -43.43988541518812,
              -21.70415599006626
            ],
            [
              -43.43985452106601,
              -21.7041415129152
            ],
            [
              -43.43984334982251,
              -21.70413173401674
            ],
            [
              -43.43981909846231,
              -21.70411584890526
            ],
            [
              -43.43981673413671,
              -21.70411021479368
            ],
            [
              -43.43966531080319,
              -21.70400388117822
            ],
            [
              -43.4396504274128,
              -21.70399254896854
            ],
            [
              -43.43962499376726,
              -21.70397193505644
            ],
            [
              -43.43960193496499,
              -21.70395687586852
            ],
            [
              -43.43959335052018,
              -21.70394410989141
            ],
            [
              -43.43957266482207,
              -21.7039345873463
            ],
            [
              -43.43939502629731,
              -21.7038700400641
            ],
            [
              -43.4393712682765,
              -21.70385905692564
            ],
            [
              -43.43935363094633,
              -21.70385519388021
            ],
            [
              -43.43933419456742,
              -21.70385476699543
            ],
            [
              -43.43931873525165,
              -21.70385615604378
            ],
            [
              -43.43924549460925,
              -21.70385607789408
            ],
            [
              -43.43922790136295,
              -21.70386049709506
            ],
            [
              -43.4392143107649,
              -21.70386677944157
            ],
            [
              -43.43912800008283,
              -21.70392258832415
            ],
            [
              -43.43911091803253,
              -21.70393535197778
            ],
            [
              -43.43909761426652,
              -21.70394147533455
            ],
            [
              -43.43909202138671,
              -21.70395137912294
            ],
            [
              -43.43908073318114,
              -21.70396267085333
            ],
            [
              -43.43906574770739,
              -21.70398052867073
            ],
            [
              -43.43900927580995,
              -21.70406727187907
            ],
            [
              -43.43900261825663,
              -21.70408098635864
            ],
            [
              -43.43894739466586,
              -21.70423148683297
            ],
            [
              -43.43881362241351,
              -21.70450605676623
            ],
            [
              -43.43872016200709,
              -21.70462886029899
            ]
          ]
        ]
      },
      "properties": {
        "LOCAL": "Rua Jornalista Ivan Links",
        "DATA_SETOR": "Outubro de 2017",
        "NUM_SETOR": "MG_JUIZDEF_SR_60_CPRM",
        "TIPOLO_G1": "Deslizamento",
        "TIPOLO_E1": "Deslizamento planar",
        "COBRADE_01": "1.1.3.2.1",
        "TIPOLO_G2": "",
        "TIPOLO_E2": "",
        "COBRADE_02": "",
        "TIPOLO_G3": "",
        "TIPOLO_E3": "",
        "COBRADE_03": "",
        "TIPOLO_G4": "",
        "TIPOLO_E4": "",
        "COBRADE_04": "",
        "TIPOLO_G5": "",
        "TIPOLO_E5": "",
        "COBRADE_05": "",
        "SITUACAO": "Instalado",
        "DESCRICAO": "Ocupaçoes em encosta de alto aclive por meio de corte verticalizado e aterro com historicos de deslizamentos.",
        "NUM_EDIF": "45",
        "NUM_PESS": "180",
        "OBS_OCUP": "Casas de Alvenaria",
        "GRAU_VULNE": "Alto",
        "GRAU_RISCO": "Alto",
        "SUG_INTERV": "Monitoramento, estudo Geotecnico para avaliação de obras de contenção, implantação de sistemas de drenagem.",
        "ORGAO_EXEC": "CPRM",
        "PROJETO": "Setorização de Áreas em Alto e Muito Alto Risco a Movimentos de Massa, Enchentes e Inundações",
        "UTME": "661451.60",
        "UTMN": "7599184.84",
        "ZONA": "23",
        "Shape_Leng": "768,351405"
      }
    },
    {
      "type": "Feature",
      "geometry": {
        "type": "Polygon",
        "coordinates": [
          [
            [
              -43.44131025253648,
              -21.7045272789926
            ],
            [
              -43.44145187688044,
              -21.70458783563815
            ],
            [
              -43.441631003358,
              -21.70466176595282
            ],
            [
              -43.44164577456301,
              -21.704661724186
            ],
            [
              -43.4416830652045,
              -21.70467516010119
            ],
            [
              -43.44189870793917,
              -21.70472871844227
            ],
            [
              -43.44189934719677,
              -21.70474906642738
            ],
            [
              -43.44189409117052,
              -21.70481703225173
            ],
            [
              -43.4418947287314,
              -21.70483744796405
            ],
            [
              -43.44189558663295,
              -21.70486469066515
            ],
            [
              -43.44183427181222,
              -21.70495222758025
            ],
            [
              -43.4418202163114,
              -21.70496578140612
            ],
            [
              -43.4417728185818,
              -21.70504731700231
            ],
            [
              -43.44175942881352,
              -21.70507462627188
            ],
            [
              -43.44174600542214,
              -21.70510200567701
            ],
            [
              -43.4415635792883,
              -21.70520601975704
            ],
            [
              -43.44153471625577,
              -21.70523384107352
            ],
            [
              -43.44136503647412,
              -21.70533922034598
            ],
            [
              -43.4413427782838,
              -21.7053533554527
            ],
            [
              -43.44111896717263,
              -21.70548138005425
            ],
            [
              -43.44108882325833,
              -21.70550292523731
            ],
            [
              -43.44096785943945,
              -21.70560395701577
            ],
            [
              -43.44082908852248,
              -21.70562658124869
            ],
            [
              -43.44060466195143,
              -21.70573683159901
            ],
            [
              -43.44036431475258,
              -21.70593446520268
            ],
            [
              -43.44039546895421,
              -21.70599292729716
            ],
            [
              -43.44041888314852,
              -21.70602222396099
            ],
            [
              -43.4405208310607,
              -21.7061325995589
            ],
            [
              -43.44052870033504,
              -21.70613999439876
            ],
            [
              -43.44057723432721,
              -21.70634602222567
            ],
            [
              -43.44056966512365,
              -21.70638263175214
            ],
            [
              -43.44046885665219,
              -21.7065130076622
            ],
            [
              -43.44046115527721,
              -21.70652752439216
            ],
            [
              -43.44044570312341,
              -21.70654921220447
            ],
            [
              -43.44037618251804,
              -21.70662831806417
            ],
            [
              -43.44035302867631,
              -21.70664974822425
            ],
            [
              -43.44031465385303,
              -21.7066849541295
            ],
            [
              -43.44028415694177,
              -21.70672756037753
            ],
            [
              -43.44026887054768,
              -21.70674157576886
            ],
            [
              -43.44019319781734,
              -21.70686926965509
            ],
            [
              -43.44017048960787,
              -21.70689732566181
            ],
            [
              -43.44018749233832,
              -21.70704862370296
            ],
            [
              -43.44020313736353,
              -21.70707792586038
            ],
            [
              -43.44021887414348,
              -21.70711440967
            ],
            [
              -43.44016594638452,
              -21.70716936528629
            ],
            [
              -43.44008193623746,
              -21.70716617645069
            ],
            [
              -43.44005148651903,
              -21.70716502091976
            ],
            [
              -43.44003621920055,
              -21.70715726286637
            ],
            [
              -43.43992219400966,
              -21.70711008525656
            ],
            [
              -43.43991457039538,
              -21.70710267463521
            ],
            [
              -43.43989178076578,
              -21.70708761438718
            ],
            [
              -43.43986148147177,
              -21.70707232718087
            ],
            [
              -43.43965799461365,
              -21.70694489219394
            ],
            [
              -43.43964302658922,
              -21.70693734918649
            ],
            [
              -43.43961305769514,
              -21.70691517962028
            ],
            [
              -43.43936786775647,
              -21.70676008000987
            ],
            [
              -43.43935306139732,
              -21.70674561513657
            ],
            [
              -43.43933812571883,
              -21.70671705934464
            ],
            [
              -43.43928525108358,
              -21.70654684734092
            ],
            [
              -43.43928518206081,
              -21.70653980319597
            ],
            [
              -43.4392849040464,
              -21.70651162569471
            ],
            [
              -43.43929193478807,
              -21.7064835703116
            ],
            [
              -43.43930510515281,
              -21.70633575835795
            ],
            [
              -43.43935446895364,
              -21.70619540116863
            ],
            [
              -43.43935399072853,
              -21.70617431585756
            ],
            [
              -43.4395001180296,
              -21.70611195891739
            ],
            [
              -43.43963450972782,
              -21.70614118958071
            ],
            [
              -43.43964874463917,
              -21.70610582340306
            ],
            [
              -43.43964569281937,
              -21.70594941243438
            ],
            [
              -43.43964555301152,
              -21.70593512541182
            ],
            [
              -43.43963793879919,
              -21.7059064976687
            ],
            [
              -43.4396303292368,
              -21.70587788713072
            ],
            [
              -43.43957719980553,
              -21.70567096225959
            ],
            [
              -43.43957720807012,
              -21.70566383032312
            ],
            [
              -43.43956203022844,
              -21.70563541769364
            ],
            [
              -43.43955392202363,
              -21.70552862398359
            ],
            [
              -43.43955313365804,
              -21.70550008308421
            ],
            [
              -43.43955975559292,
              -21.70546430290305
            ],
            [
              -43.43963003811113,
              -21.70522682070627
            ],
            [
              -43.4396772054615,
              -21.70507011655385
            ],
            [
              -43.4397007067391,
              -21.70503464159277
            ],
            [
              -43.43994001022857,
              -21.70478643727766
            ],
            [
              -43.4399782987987,
              -21.70477210639853
            ],
            [
              -43.4400088390657,
              -21.7047577287767
            ],
            [
              -43.44039866910956,
              -21.70462920491888
            ],
            [
              -43.44048327760685,
              -21.70461126142675
            ],
            [
              -43.44052908361931,
              -21.70459201975499
            ],
            [
              -43.4407479238888,
              -21.7045145922414
            ],
            [
              -43.44116416424822,
              -21.70452349613814
            ],
            [
              -43.44131025253648,
              -21.7045272789926
            ]
          ]
        ]
      },
      "properties": {
        "LOCAL": "Rua Felicío Manoel de Oliveira",
        "DATA_SETOR": "Outubro de 2017",
        "NUM_SETOR": "MG_JUIZDEF_SR_61_CPRM",
        "TIPOLO_G1": "Deslizamento",
        "TIPOLO_E1": "Deslizamento planar",
        "COBRADE_01": "1.1.3.2.1",
        "TIPOLO_G2": "",
        "TIPOLO_E2": "",
        "COBRADE_02": "",
        "TIPOLO_G3": "",
        "TIPOLO_E3": "",
        "COBRADE_03": "",
        "TIPOLO_G4": "",
        "TIPOLO_E4": "",
        "COBRADE_04": "",
        "TIPOLO_G5": "",
        "TIPOLO_E5": "",
        "COBRADE_05": "",
        "SITUACAO": "Instalado",
        "DESCRICAO": "Ocupaçoes em encosta de alto aclive por meio de corte verticalizado e aterro com historicos de deslizamentos.",
        "NUM_EDIF": "40",
        "NUM_PESS": "160",
        "OBS_OCUP": "Casas de Alvenaria",
        "GRAU_VULNE": "Alto",
        "GRAU_RISCO": "Muito alto",
        "SUG_INTERV": "Estudo Geotecnico para avaliação de obras de contenção, implantação de sistemas de drenagem, monitoramento.",
        "ORGAO_EXEC": "CPRM",
        "PROJETO": "Setorização de Áreas em Alto e Muito Alto Risco a Movimentos de Massa, Enchentes e Inundações",
        "UTME": "661320.90",
        "UTMN": "7598868.0",
        "ZONA": "23",
        "Shape_Leng": "947,531309"
      }
    },
    {
      "type": "Feature",
      "geometry": {
        "type": "Polygon",
        "coordinates": [
          [
            [
              -43.44263329017852,
              -21.70654272281077
            ],
            [
              -43.44252896363694,
              -21.70645901514764
            ],
            [
              -43.44263723979084,
              -21.70618689681049
            ],
            [
              -43.44297527833704,
              -21.70566057895965
            ],
            [
              -43.44330098321338,
              -21.70528271380127
            ],
            [
              -43.44358183855483,
              -21.70482772225057
            ],
            [
              -43.44373435926182,
              -21.70457642096258
            ],
            [
              -43.44419328844089,
              -21.70416308317715
            ],
            [
              -43.4444699080411,
              -21.70401641903052
            ],
            [
              -43.44468666047312,
              -21.70375767069003
            ],
            [
              -43.44494201127296,
              -21.70384437012535
            ],
            [
              -43.44492542434863,
              -21.70402026795302
            ],
            [
              -43.44478467741669,
              -21.70430993161186
            ],
            [
              -43.44464933830936,
              -21.70459387321769
            ],
            [
              -43.44443314661738,
              -21.70492910177337
            ],
            [
              -43.44424370158163,
              -21.70529469344611
            ],
            [
              -43.4441105707392,
              -21.70563475578024
            ],
            [
              -43.4438723756269,
              -21.70582881911139
            ],
            [
              -43.44354170912757,
              -21.70595191100806
            ],
            [
              -43.44350573191305,
              -21.70597519841614
            ],
            [
              -43.44318187241991,
              -21.70613628526269
            ],
            [
              -43.44315978224527,
              -21.70614325042789
            ],
            [
              -43.44303524293267,
              -21.70616323993219
            ],
            [
              -43.44263329017852,
              -21.70654272281077
            ]
          ]
        ]
      },
      "properties": {
        "LOCAL": "Rua Maria Cândida de Jesus",
        "DATA_SETOR": "Outubro de 2017",
        "NUM_SETOR": "MG_JUIZDEF_SR_62_CPRM",
        "TIPOLO_G1": "Deslizamento",
        "TIPOLO_E1": "Deslizamento planar",
        "COBRADE_01": "1.1.3.2.1",
        "TIPOLO_G2": "",
        "TIPOLO_E2": "",
        "COBRADE_02": "",
        "TIPOLO_G3": "",
        "TIPOLO_E3": "",
        "COBRADE_03": "",
        "TIPOLO_G4": "",
        "TIPOLO_E4": "",
        "COBRADE_04": "",
        "TIPOLO_G5": "",
        "TIPOLO_E5": "",
        "COBRADE_05": "",
        "SITUACAO": "Instalado",
        "DESCRICAO": "Ocupaçoes em encosta de alto aclive por meio de corte verticalizado e aterro com historicos de deslizamentos.",
        "NUM_EDIF": "35",
        "NUM_PESS": "140",
        "OBS_OCUP": "Casas de Alvenaria",
        "GRAU_VULNE": "Alto",
        "GRAU_RISCO": "Alto",
        "SUG_INTERV": "Monitoramento, estudo Geotecnico para avaliação de obras de contenção, implantação de sistemas de drenagem.",
        "ORGAO_EXEC": "CPRM",
        "PROJETO": "Setorização de Áreas em Alto e Muito Alto Risco a Movimentos de Massa, Enchentes e Inundações",
        "UTME": "669081.40",
        "UTMN": "7595891.76",
        "ZONA": "23",
        "Shape_Leng": "825,745276"
      }
    },
    {
      "type": "Feature",
      "geometry": {
        "type": "Polygon",
        "coordinates": [
          [
            [
              -43.44152542052791,
              -21.70721270187315
            ],
            [
              -43.44125254376829,
              -21.70771019691026
            ],
            [
              -43.44158397414977,
              -21.70791344664029
            ],
            [
              -43.44101827462497,
              -21.70835636996776
            ],
            [
              -43.44009735810238,
              -21.70904605069178
            ],
            [
              -43.4397873057252,
              -21.70936281960625
            ],
            [
              -43.43886209270121,
              -21.71007556269385
            ],
            [
              -43.43825243233962,
              -21.71047776597844
            ],
            [
              -43.43774002182508,
              -21.71027824097142
            ],
            [
              -43.43739544015224,
              -21.71007854210698
            ],
            [
              -43.4365612757501,
              -21.70956050640365
            ],
            [
              -43.43726904192696,
              -21.70834663113431
            ],
            [
              -43.43683332581698,
              -21.70820437895144
            ],
            [
              -43.43665067635698,
              -21.70849561829287
            ],
            [
              -43.43665054675635,
              -21.70852237834646
            ],
            [
              -43.43655556203662,
              -21.70866444210174
            ],
            [
              -43.43655050398531,
              -21.70867786082797
            ],
            [
              -43.43630438971468,
              -21.70890177480309
            ],
            [
              -43.4362993484446,
              -21.70891077501527
            ],
            [
              -43.43612896427452,
              -21.70907540627472
            ],
            [
              -43.43575578388954,
              -21.70922588788042
            ],
            [
              -43.4357410672942,
              -21.70922137365902
            ],
            [
              -43.43535902359722,
              -21.70900041434411
            ],
            [
              -43.43535909672301,
              -21.70899141603156
            ],
            [
              -43.43530266073819,
              -21.70879132533953
            ],
            [
              -43.43530317531364,
              -21.70877806156875
            ],
            [
              -43.43530368881503,
              -21.70876480772346
            ],
            [
              -43.43517972777901,
              -21.70856665185399
            ],
            [
              -43.43517015800293,
              -21.70856225031508
            ],
            [
              -43.43483476435766,
              -21.70841431764658
            ],
            [
              -43.43532952096819,
              -21.70759434203157
            ],
            [
              -43.4355050812941,
              -21.70761593311854
            ],
            [
              -43.43577716886087,
              -21.7074654370857
            ],
            [
              -43.43667413403967,
              -21.70718996091416
            ],
            [
              -43.43669121614918,
              -21.7071898646257
            ],
            [
              -43.43699430008894,
              -21.70705809495884
            ],
            [
              -43.43746154486342,
              -21.70708040862449
            ],
            [
              -43.43750102023897,
              -21.70709257806332
            ],
            [
              -43.43753469612859,
              -21.70710726615633
            ],
            [
              -43.43758416238276,
              -21.70711392875715
            ],
            [
              -43.43795263166041,
              -21.70728759391862
            ],
            [
              -43.43798822895166,
              -21.70730919810261
            ],
            [
              -43.43818780161823,
              -21.70757245593435
            ],
            [
              -43.43820123579645,
              -21.70759145309796
            ],
            [
              -43.43837797071644,
              -21.70794012026534
            ],
            [
              -43.4383878541281,
              -21.70797019294691
            ],
            [
              -43.43839390236806,
              -21.70799487596604
            ],
            [
              -43.43843694833541,
              -21.70825833314184
            ],
            [
              -43.43842477206709,
              -21.70828076426375
            ],
            [
              -43.43842431932217,
              -21.70831062935125
            ],
            [
              -43.43842237235438,
              -21.70832328712203
            ],
            [
              -43.43829327751969,
              -21.70843926282613
            ],
            [
              -43.43827480676465,
              -21.7084465703258
            ],
            [
              -43.43825162417833,
              -21.70845574016569
            ],
            [
              -43.43823766435144,
              -21.70846126110427
            ],
            [
              -43.43774185326598,
              -21.70859397559644
            ],
            [
              -43.43776279641607,
              -21.70873611767909
            ],
            [
              -43.43775920578867,
              -21.70875696229377
            ],
            [
              -43.43779696586046,
              -21.70923554300446
            ],
            [
              -43.43780160717386,
              -21.70926134634624
            ],
            [
              -43.43794835795737,
              -21.70947746399553
            ],
            [
              -43.43796117732399,
              -21.70948833071524
            ],
            [
              -43.43799294607675,
              -21.70951525957965
            ],
            [
              -43.43815475821305,
              -21.70958543933337
            ],
            [
              -43.43831672736621,
              -21.70957901636341
            ],
            [
              -43.43897131590551,
              -21.70910440460009
            ],
            [
              -43.43948152717861,
              -21.70876684990015
            ],
            [
              -43.43972215165482,
              -21.70853877581589
            ],
            [
              -43.44009325006664,
              -21.70825139682249
            ],
            [
              -43.44010555867074,
              -21.70824204216845
            ],
            [
              -43.44035048787544,
              -21.7080558928119
            ],
            [
              -43.44037700208489,
              -21.70803523856437
            ],
            [
              -43.44038484924444,
              -21.70802863924737
            ],
            [
              -43.44039073779361,
              -21.70802368617629
            ],
            [
              -43.44040252560951,
              -21.7080137720051
            ],
            [
              -43.44054230954395,
              -21.70786004197978
            ],
            [
              -43.44061867595146,
              -21.70773805485914
            ],
            [
              -43.44061863603249,
              -21.70772973921858
            ],
            [
              -43.44062663582885,
              -21.70765075263424
            ],
            [
              -43.44054789441369,
              -21.70751110180372
            ],
            [
              -43.44054283162941,
              -21.70750490487826
            ],
            [
              -43.44031617845077,
              -21.70724163056421
            ],
            [
              -43.4403115117973,
              -21.70723688526067
            ],
            [
              -43.44030379229732,
              -21.70722545431768
            ],
            [
              -43.44028958415277,
              -21.70721098431276
            ],
            [
              -43.44026456024148,
              -21.70709605939494
            ],
            [
              -43.44026224947962,
              -21.70708213130246
            ],
            [
              -43.44025740540194,
              -21.7070654190542
            ],
            [
              -43.44025092115229,
              -21.70703901310971
            ],
            [
              -43.44025409760035,
              -21.70686624609711
            ],
            [
              -43.4403408785805,
              -21.70671481739656
            ],
            [
              -43.44050477809491,
              -21.70663022276036
            ],
            [
              -43.44152542052791,
              -21.70721270187315
            ]
          ]
        ]
      },
      "properties": {
        "LOCAL": "Rua Antônio Joaquim da Silva",
        "DATA_SETOR": "Outubro de 2017",
        "NUM_SETOR": "MG_JUIZDEF_SR_63_CPRM",
        "TIPOLO_G1": "Deslizamento",
        "TIPOLO_E1": "Deslizamento planar",
        "COBRADE_01": "1.1.3.2.1",
        "TIPOLO_G2": "",
        "TIPOLO_E2": "",
        "COBRADE_02": "",
        "TIPOLO_G3": "",
        "TIPOLO_E3": "",
        "COBRADE_03": "",
        "TIPOLO_G4": "",
        "TIPOLO_E4": "",
        "COBRADE_04": "",
        "TIPOLO_G5": "",
        "TIPOLO_E5": "",
        "COBRADE_05": "",
        "SITUACAO": "Instalado",
        "DESCRICAO": "Ocupaçoes em encosta de alto aclive por meio de corte verticalizado e aterro com historicos de deslizamentos.",
        "NUM_EDIF": "130",
        "NUM_PESS": "520",
        "OBS_OCUP": "Casas de Alvenaria",
        "GRAU_VULNE": "Alto",
        "GRAU_RISCO": "Alto",
        "SUG_INTERV": "Monitoramento, estudo Geotecnico para avaliação de obras de contenção, implantação de sistemas de drenagem.",
        "ORGAO_EXEC": "CPRM",
        "PROJETO": "Setorização de Áreas em Alto e Muito Alto Risco a Movimentos de Massa, Enchentes e Inundações",
        "UTME": "661545.49",
        "UTMN": "7598501.13",
        "ZONA": "23",
        "Shape_Leng": "2588,601356"
      }
    },
    {
      "type": "Feature",
      "geometry": {
        "type": "Polygon",
        "coordinates": [
          [
            [
              -43.42253903619285,
              -21.71344067508516
            ],
            [
              -43.42293245167517,
              -21.71401215124419
            ],
            [
              -43.42292945504168,
              -21.71427729709461
            ],
            [
              -43.42299002129506,
              -21.7145880301032
            ],
            [
              -43.42283033237875,
              -21.71468403625903
            ],
            [
              -43.42238235990244,
              -21.71471467238609
            ],
            [
              -43.42200374861135,
              -21.7135532300868
            ],
            [
              -43.42253903619285,
              -21.71344067508516
            ]
          ]
        ]
      },
      "properties": {
        "LOCAL": "Rua Pedro Antônio Conceição",
        "DATA_SETOR": "Outubro de 2017",
        "NUM_SETOR": "MG_JUIZDEF_SR_64_CPRM",
        "TIPOLO_G1": "Deslizamento",
        "TIPOLO_E1": "Deslizamento planar",
        "COBRADE_01": "1.1.3.2.1",
        "TIPOLO_G2": "Queda",
        "TIPOLO_E2": "Blocos",
        "COBRADE_02": "",
        "TIPOLO_G3": "",
        "TIPOLO_E3": "",
        "COBRADE_03": "",
        "TIPOLO_G4": "",
        "TIPOLO_E4": "",
        "COBRADE_04": "",
        "TIPOLO_G5": "",
        "TIPOLO_E5": "",
        "COBRADE_05": "",
        "SITUACAO": "Instalado",
        "DESCRICAO": "Ocupações muito próximas a paredão rochoso instavel, apresentando blocos soltos",
        "NUM_EDIF": "4",
        "NUM_PESS": "16",
        "OBS_OCUP": "Casas de Alvenaria",
        "GRAU_VULNE": "Alto",
        "GRAU_RISCO": "Muito alto",
        "SUG_INTERV": "Estudo Geotecnico para avaliação de obras de contenção, implantação de sistemas de drenagem, monitoramento.",
        "ORGAO_EXEC": "CPRM",
        "PROJETO": "Setorização de Áreas em Alto e Muito Alto Risco a Movimentos de Massa, Enchentes e Inundações",
        "UTME": "661320.90",
        "UTMN": "7598868.09",
        "ZONA": "23",
        "Shape_Leng": "396,872396"
      }
    },
    {
      "type": "Feature",
      "geometry": {
        "type": "Polygon",
        "coordinates": [
          [
            [
              -43.40946296321253,
              -21.72066133100949
            ],
            [
              -43.40911122686224,
              -21.72092078222429
            ],
            [
              -43.40841954816231,
              -21.72083521141343
            ],
            [
              -43.40839574322825,
              -21.72080951062194
            ],
            [
              -43.4083856940097,
              -21.72078377490379
            ],
            [
              -43.40837402760077,
              -21.72074503967822
            ],
            [
              -43.40836551004257,
              -21.72073208315863
            ],
            [
              -43.408029093878,
              -21.72044962680429
            ],
            [
              -43.40764300699838,
              -21.72038072500047
            ],
            [
              -43.40762430255243,
              -21.72038678020656
            ],
            [
              -43.40739291331099,
              -21.72040845339441
            ],
            [
              -43.40735878914617,
              -21.72040826440142
            ],
            [
              -43.40733150740769,
              -21.72040811319049
            ],
            [
              -43.40731105553031,
              -21.72040799964415
            ],
            [
              -43.40704945791457,
              -21.72033013654794
            ],
            [
              -43.4070188503935,
              -21.7203044098983
            ],
            [
              -43.40699757954996,
              -21.72029791161925
            ],
            [
              -43.40695993597084,
              -21.7202655950553
            ],
            [
              -43.40694995138352,
              -21.72023981020722
            ],
            [
              -43.40682471061609,
              -21.72004466822111
            ],
            [
              -43.4068211554753,
              -21.72001850442644
            ],
            [
              -43.40681669892203,
              -21.7199857175932
            ],
            [
              -43.40681580656712,
              -21.71997914973901
            ],
            [
              -43.40676096893878,
              -21.71960027643824
            ],
            [
              -43.40675851796979,
              -21.71957338712783
            ],
            [
              -43.40676338755299,
              -21.71955314556319
            ],
            [
              -43.40683532858876,
              -21.71930099840197
            ],
            [
              -43.40683358184237,
              -21.719280467393
            ],
            [
              -43.40683895197885,
              -21.71925988741024
            ],
            [
              -43.40694445441943,
              -21.7190731823808
            ],
            [
              -43.40670708000616,
              -21.71900060629908
            ],
            [
              -43.40666553907345,
              -21.71900104584931
            ],
            [
              -43.40661726261255,
              -21.71900157776461
            ],
            [
              -43.40639099829698,
              -21.71900407185446
            ],
            [
              -43.40621281220793,
              -21.71891726591315
            ],
            [
              -43.4062053537577,
              -21.71891050572117
            ],
            [
              -43.40612370808294,
              -21.71884290268404
            ],
            [
              -43.4061218291849,
              -21.71881560157972
            ],
            [
              -43.40617937259554,
              -21.71873296665699
            ],
            [
              -43.40621451955151,
              -21.71873267074202
            ],
            [
              -43.40669083841666,
              -21.71879512192322
            ],
            [
              -43.40696768495416,
              -21.71884697087003
            ],
            [
              -43.40718223266469,
              -21.71898174857378
            ],
            [
              -43.40737585457216,
              -21.7193098839209
            ],
            [
              -43.4076963643891,
              -21.71974076124379
            ],
            [
              -43.40839574767286,
              -21.72010939341467
            ],
            [
              -43.4089793708864,
              -21.72034348090617
            ],
            [
              -43.40952264713823,
              -21.72053435495529
            ],
            [
              -43.40946296321253,
              -21.72066133100949
            ]
          ]
        ]
      },
      "properties": {
        "LOCAL": "Rua Silva Melo",
        "DATA_SETOR": "Outubro de 2017",
        "NUM_SETOR": "MG_JUIZDEF_SR_65_CPRM",
        "TIPOLO_G1": "Deslizamento",
        "TIPOLO_E1": "Deslizamento planar",
        "COBRADE_01": "1.1.3.2.1",
        "TIPOLO_G2": "",
        "TIPOLO_E2": "",
        "COBRADE_02": "",
        "TIPOLO_G3": "",
        "TIPOLO_E3": "",
        "COBRADE_03": "",
        "TIPOLO_G4": "",
        "TIPOLO_E4": "",
        "COBRADE_04": "",
        "TIPOLO_G5": "",
        "TIPOLO_E5": "",
        "COBRADE_05": "",
        "SITUACAO": "Instalado",
        "DESCRICAO": "Ocupaçoes em encosta de alto aclive por meio de corte verticalizado e aterro com historicos de deslizamentos.",
        "NUM_EDIF": "36",
        "NUM_PESS": "144",
        "OBS_OCUP": "Casas de Alvenaria",
        "GRAU_VULNE": "Alto",
        "GRAU_RISCO": "Alto",
        "SUG_INTERV": "Monitoramento, estudo Geotecnico para avaliação de obras de contenção, implantação de sistemas de drenagem.",
        "ORGAO_EXEC": "CPRM",
        "PROJETO": "Setorização de Áreas em Alto e Muito Alto Risco a Movimentos de Massa, Enchentes e Inundações",
        "UTME": "664690.68",
        "UTMN": "7597351.79",
        "ZONA": "23",
        "Shape_Leng": "972,593819"
      }
    },
    {
      "type": "Feature",
      "geometry": {
        "type": "Polygon",
        "coordinates": [
          [
            [
              -43.40588455023028,
              -21.71911061176901
            ],
            [
              -43.4056987337672,
              -21.71915596138608
            ],
            [
              -43.40540960686634,
              -21.71878665426153
            ],
            [
              -43.40530491265847,
              -21.7185493799876
            ],
            [
              -43.40535978456509,
              -21.71826272564619
            ],
            [
              -43.40536557071948,
              -21.71823923318676
            ],
            [
              -43.40536523540899,
              -21.71822747439677
            ],
            [
              -43.40555245388213,
              -21.71798652475039
            ],
            [
              -43.40555875818724,
              -21.71798065029083
            ],
            [
              -43.40601991527513,
              -21.71764410992171
            ],
            [
              -43.40651507829464,
              -21.71738079331332
            ],
            [
              -43.40689715184461,
              -21.71718455279966
            ],
            [
              -43.40715577326679,
              -21.71704656977839
            ],
            [
              -43.40718089291018,
              -21.71704049770034
            ],
            [
              -43.40755972709181,
              -21.7167909101999
            ],
            [
              -43.40757241738008,
              -21.71677865428062
            ],
            [
              -43.40759783777435,
              -21.71676018364177
            ],
            [
              -43.40775053685103,
              -21.71654486190293
            ],
            [
              -43.40775040345726,
              -21.71653256762293
            ],
            [
              -43.40775625934182,
              -21.71648320171604
            ],
            [
              -43.40776245834454,
              -21.7164645743112
            ],
            [
              -43.40779238373385,
              -21.71625968987821
            ],
            [
              -43.40779199806575,
              -21.7162224531088
            ],
            [
              -43.40778523883432,
              -21.7161916023611
            ],
            [
              -43.40778504387272,
              -21.71617295776211
            ],
            [
              -43.40773743199443,
              -21.71593782312846
            ],
            [
              -43.40772442071453,
              -21.71592585669621
            ],
            [
              -43.40760904185922,
              -21.71575554244978
            ],
            [
              -43.40768422413689,
              -21.71561833417269
            ],
            [
              -43.4077950672996,
              -21.71561329902108
            ],
            [
              -43.40799050493227,
              -21.71583435925216
            ],
            [
              -43.40799063823042,
              -21.71584086742298
            ],
            [
              -43.40813007741389,
              -21.71608717217975
            ],
            [
              -43.40813679519396,
              -21.71611828265006
            ],
            [
              -43.40813681909621,
              -21.71612454318718
            ],
            [
              -43.40815015619359,
              -21.71616171833827
            ],
            [
              -43.40825650574595,
              -21.71632168115781
            ],
            [
              -43.40789848727938,
              -21.71657265728144
            ],
            [
              -43.40803632265398,
              -21.71682323706831
            ],
            [
              -43.40791993321806,
              -21.7169282927104
            ],
            [
              -43.40791994236768,
              -21.71693439955516
            ],
            [
              -43.4075795269349,
              -21.71711195676415
            ],
            [
              -43.40709366396167,
              -21.71736426540759
            ],
            [
              -43.40657229171234,
              -21.71760093565347
            ],
            [
              -43.4061379565454,
              -21.71782328806025
            ],
            [
              -43.40573186141741,
              -21.71803779278039
            ],
            [
              -43.40562589061666,
              -21.71813240530489
            ],
            [
              -43.4056134661844,
              -21.71814419393661
            ],
            [
              -43.40558261352952,
              -21.71823801917759
            ],
            [
              -43.40558271634401,
              -21.7182497377946
            ],
            [
              -43.40558343343233,
              -21.71833165428087
            ],
            [
              -43.40558374017952,
              -21.71836670082409
            ],
            [
              -43.40559016907417,
              -21.71837837555269
            ],
            [
              -43.40565397705699,
              -21.7185298167545
            ],
            [
              -43.40567292591428,
              -21.71856471213224
            ],
            [
              -43.40575584680905,
              -21.71874398788605
            ],
            [
              -43.40576217580045,
              -21.7187555207434
            ],
            [
              -43.40587544817272,
              -21.71892803610493
            ],
            [
              -43.4058816998921,
              -21.71893377669168
            ],
            [
              -43.40591354061824,
              -21.71907656612628
            ],
            [
              -43.40588455023028,
              -21.71911061176901
            ]
          ]
        ]
      },
      "properties": {
        "LOCAL": "Rua Franklin de Paula Marquês",
        "DATA_SETOR": "Outubro de 2017",
        "NUM_SETOR": "MG_JUIZDEF_SR_66_CPRM",
        "TIPOLO_G1": "Deslizamento",
        "TIPOLO_E1": "Deslizamento planar",
        "COBRADE_01": "1.1.3.2.1",
        "TIPOLO_G2": "",
        "TIPOLO_E2": "",
        "COBRADE_02": "",
        "TIPOLO_G3": "",
        "TIPOLO_E3": "",
        "COBRADE_03": "",
        "TIPOLO_G4": "",
        "TIPOLO_E4": "",
        "COBRADE_04": "",
        "TIPOLO_G5": "",
        "TIPOLO_E5": "",
        "COBRADE_05": "",
        "SITUACAO": "Instalado",
        "DESCRICAO": "Ocupaçoes em encosta de alto aclive por meio de corte verticalizado e aterro com historicos de deslizamentos.",
        "NUM_EDIF": "40",
        "NUM_PESS": "160",
        "OBS_OCUP": "Casas de Alvenaria",
        "GRAU_VULNE": "Alto",
        "GRAU_RISCO": "Alto",
        "SUG_INTERV": "Monitoramento, estudo Geotecnico para avaliação de obras de contenção, implantação de sistemas de drenagem.",
        "ORGAO_EXEC": "CPRM",
        "PROJETO": "Setorização de Áreas em Alto e Muito Alto Risco a Movimentos de Massa, Enchentes e Inundações",
        "UTME": "664888.80",
        "UTMN": "7597528.41",
        "ZONA": "23",
        "Shape_Leng": "1147,954246"
      }
    },
    {
      "type": "Feature",
      "geometry": {
        "type": "Polygon",
        "coordinates": [
          [
            [
              -43.40194813867478,
              -21.72429466739735
            ],
            [
              -43.40172523544971,
              -21.72432652221154
            ],
            [
              -43.40159173441374,
              -21.72395205804621
            ],
            [
              -43.40160672853855,
              -21.7236655464318
            ],
            [
              -43.40141873723619,
              -21.72361353779398
            ],
            [
              -43.40139210074298,
              -21.72359668023897
            ],
            [
              -43.40135665419108,
              -21.72358244010883
            ],
            [
              -43.40130904115581,
              -21.72357686735123
            ],
            [
              -43.40108058026959,
              -21.72338469197284
            ],
            [
              -43.40092040206915,
              -21.7232764000684
            ],
            [
              -43.40065946548159,
              -21.72323455399136
            ],
            [
              -43.40064259333784,
              -21.72323937238234
            ],
            [
              -43.40033956599485,
              -21.7231925300527
            ],
            [
              -43.40029777244229,
              -21.72317638130065
            ],
            [
              -43.40011050130907,
              -21.72306043494589
            ],
            [
              -43.39998172955585,
              -21.72277787564763
            ],
            [
              -43.39997292754633,
              -21.72276474075703
            ],
            [
              -43.39976985038641,
              -21.72250073841988
            ],
            [
              -43.39953733975919,
              -21.72234161086616
            ],
            [
              -43.39935891847737,
              -21.72227156466254
            ],
            [
              -43.39933966742909,
              -21.72227429244335
            ],
            [
              -43.39932761670132,
              -21.72227451018178
            ],
            [
              -43.39929869180295,
              -21.72227266264578
            ],
            [
              -43.39927471888865,
              -21.72227310026124
            ],
            [
              -43.39924595631162,
              -21.72227125970417
            ],
            [
              -43.39905925604939,
              -21.72227000893548
            ],
            [
              -43.39902907223843,
              -21.72227290739696
            ],
            [
              -43.39898266477798,
              -21.7222737441255
            ],
            [
              -43.39872520869444,
              -21.72225128134861
            ],
            [
              -43.39870261430961,
              -21.72225101323773
            ],
            [
              -43.39867349187557,
              -21.72225295182696
            ],
            [
              -43.39863138028236,
              -21.7222592818807
            ],
            [
              -43.39839171966983,
              -21.7222743210984
            ],
            [
              -43.39836986498258,
              -21.72227403390081
            ],
            [
              -43.39792880984625,
              -21.72224290913086
            ],
            [
              -43.39786063372491,
              -21.72219782889172
            ],
            [
              -43.39791214136746,
              -21.72205300387235
            ],
            [
              -43.39797180719275,
              -21.72193934868658
            ],
            [
              -43.39798961942126,
              -21.72192130102765
            ],
            [
              -43.39800372910093,
              -21.72191078390656
            ],
            [
              -43.39802308301987,
              -21.72189876666025
            ],
            [
              -43.39824700704178,
              -21.72184584427357
            ],
            [
              -43.39825762942577,
              -21.72185152533796
            ],
            [
              -43.39827887038021,
              -21.72186288291179
            ],
            [
              -43.3982859487727,
              -21.72186666814839
            ],
            [
              -43.39865445662012,
              -21.72185723736704
            ],
            [
              -43.39867737980084,
              -21.72185940815127
            ],
            [
              -43.39869780472579,
              -21.72186563466724
            ],
            [
              -43.39887927010037,
              -21.72187657202677
            ],
            [
              -43.39930979306259,
              -21.72195920477693
            ],
            [
              -43.39948968095247,
              -21.72194962743559
            ],
            [
              -43.39974718176002,
              -21.72201824717893
            ],
            [
              -43.40011444276144,
              -21.72230374175771
            ],
            [
              -43.4003119727527,
              -21.72265879529494
            ],
            [
              -43.40033320235723,
              -21.72267207909792
            ],
            [
              -43.40035087034454,
              -21.72268313365246
            ],
            [
              -43.40082561532653,
              -21.72298866697145
            ],
            [
              -43.40107032031865,
              -21.72300176071644
            ],
            [
              -43.40107735131509,
              -21.72300599790045
            ],
            [
              -43.40129219546764,
              -21.72311561937756
            ],
            [
              -43.40129900189297,
              -21.72312006032154
            ],
            [
              -43.40131939722736,
              -21.72313336304972
            ],
            [
              -43.40134653180449,
              -21.72315106361749
            ],
            [
              -43.40137698036315,
              -21.72317092508035
            ],
            [
              -43.40139386018847,
              -21.72318193579373
            ],
            [
              -43.40141071409921,
              -21.72319292999723
            ],
            [
              -43.40154229027773,
              -21.72326194935376
            ],
            [
              -43.40155035908043,
              -21.72327155810852
            ],
            [
              -43.40181685128508,
              -21.7235389893652
            ],
            [
              -43.40182318704783,
              -21.72354377439453
            ],
            [
              -43.40191403323857,
              -21.72369635570383
            ],
            [
              -43.40199666795744,
              -21.72389703513854
            ],
            [
              -43.40200688483802,
              -21.72391494541343
            ],
            [
              -43.40201703892622,
              -21.72393276475894
            ],
            [
              -43.40211129371402,
              -21.72412316188591
            ],
            [
              -43.40211141500161,
              -21.72413484272571
            ],
            [
              -43.40210776341922,
              -21.7242716143531
            ],
            [
              -43.40209533602804,
              -21.72428831892401
            ],
            [
              -43.40209039841086,
              -21.72429495789932
            ],
            [
              -43.40194813867478,
              -21.72429466739735
            ]
          ]
        ]
      },
      "properties": {
        "LOCAL": "Rua Major José Teixeira",
        "DATA_SETOR": "Outubro de 2017",
        "NUM_SETOR": "MG_JUIZDEF_SR_67_CPRM",
        "TIPOLO_G1": "Deslizamento",
        "TIPOLO_E1": "Deslizamento planar",
        "COBRADE_01": "1.1.3.2.1",
        "TIPOLO_G2": "",
        "TIPOLO_E2": "",
        "COBRADE_02": "",
        "TIPOLO_G3": "",
        "TIPOLO_E3": "",
        "COBRADE_03": "",
        "TIPOLO_G4": "",
        "TIPOLO_E4": "",
        "COBRADE_04": "",
        "TIPOLO_G5": "",
        "TIPOLO_E5": "",
        "COBRADE_05": "",
        "SITUACAO": "Instalado",
        "DESCRICAO": "Ocupaçoes em encosta de alto aclive por meio de corte verticalizado e aterro com historicos de deslizamentos.",
        "NUM_EDIF": "70",
        "NUM_PESS": "280",
        "OBS_OCUP": "Casas de Alvenaria",
        "GRAU_VULNE": "Alto",
        "GRAU_RISCO": "Alto",
        "SUG_INTERV": "Monitoramento, estudo Geotecnico para avaliação de obras de contenção, implantação de sistemas de drenagem.",
        "ORGAO_EXEC": "CPRM",
        "PROJETO": "Setorização de Áreas em Alto e Muito Alto Risco a Movimentos de Massa, Enchentes e Inundações",
        "UTME": "665466.00",
        "UTMN": "7596962.64",
        "ZONA": "23",
        "Shape_Leng": "1159,035203"
      }
    },
    {
      "type": "Feature",
      "geometry": {
        "type": "Polygon",
        "coordinates": [
          [
            [
              -43.39807648687098,
              -21.7294109551903
            ],
            [
              -43.3977272668752,
              -21.72902186187042
            ],
            [
              -43.39750994208215,
              -21.7288514938051
            ],
            [
              -43.39826385823368,
              -21.72759733168333
            ],
            [
              -43.39929518921589,
              -21.72767075013594
            ],
            [
              -43.39994079575676,
              -21.72769042304101
            ],
            [
              -43.40061620892967,
              -21.72776623972445
            ],
            [
              -43.40089759537974,
              -21.72773124369005
            ],
            [
              -43.40077136889205,
              -21.728042041734
            ],
            [
              -43.40075943701375,
              -21.72805427997286
            ],
            [
              -43.40046519847824,
              -21.72826028734893
            ],
            [
              -43.39955121687479,
              -21.72885378017431
            ],
            [
              -43.39897082508575,
              -21.72904473940288
            ],
            [
              -43.39870320880849,
              -21.72916067611747
            ],
            [
              -43.39869253475471,
              -21.72916153122337
            ],
            [
              -43.39845467769251,
              -21.72932311271263
            ],
            [
              -43.39843815628168,
              -21.72933468224733
            ],
            [
              -43.39819162309439,
              -21.72952256180976
            ],
            [
              -43.39807648687098,
              -21.7294109551903
            ]
          ]
        ]
      },
      "properties": {
        "LOCAL": "Rua Visconde de Uberaba",
        "DATA_SETOR": "Outubro de 2017",
        "NUM_SETOR": "MG_JUIZDEF_SR_68_CPRM",
        "TIPOLO_G1": "Deslizamento",
        "TIPOLO_E1": "Deslizamento planar",
        "COBRADE_01": "1.1.3.2.1",
        "TIPOLO_G2": "",
        "TIPOLO_E2": "",
        "COBRADE_02": "",
        "TIPOLO_G3": "",
        "TIPOLO_E3": "",
        "COBRADE_03": "",
        "TIPOLO_G4": "",
        "TIPOLO_E4": "",
        "COBRADE_04": "",
        "TIPOLO_G5": "",
        "TIPOLO_E5": "",
        "COBRADE_05": "",
        "SITUACAO": "Instalado",
        "DESCRICAO": "Ocupaçoes em encosta de alto aclive por meio de corte verticalizado e aterro com historicos de deslizamentos.",
        "NUM_EDIF": "150",
        "NUM_PESS": "300",
        "OBS_OCUP": "Casas de Alvenaria",
        "GRAU_VULNE": "Alto",
        "GRAU_RISCO": "Alto",
        "SUG_INTERV": "Monitoramento, estudo Geotecnico para avaliação de obras de contenção, implantação de sistemas de drenagem.",
        "ORGAO_EXEC": "CPRM",
        "PROJETO": "Setorização de Áreas em Alto e Muito Alto Risco a Movimentos de Massa, Enchentes e Inundações",
        "UTME": "665657.63",
        "UTMN": "7596466.21",
        "ZONA": "23",
        "Shape_Leng": "888,138189"
      }
    },
    {
      "type": "Feature",
      "geometry": {
        "type": "Polygon",
        "coordinates": [
          [
            [
              -43.39736092621396,
              -21.73077357616673
            ],
            [
              -43.3973563468073,
              -21.73024258008855
            ],
            [
              -43.39739553412731,
              -21.73012249944901
            ],
            [
              -43.39809589044137,
              -21.73016266771209
            ],
            [
              -43.39779117404409,
              -21.729921110154
            ],
            [
              -43.39789903286703,
              -21.72979051274597
            ],
            [
              -43.39817722394358,
              -21.72993470562537
            ],
            [
              -43.39829279793744,
              -21.72999846971156
            ],
            [
              -43.39842914097825,
              -21.72974424980797
            ],
            [
              -43.3988362632409,
              -21.72990310874813
            ],
            [
              -43.39954862060944,
              -21.73037270956825
            ],
            [
              -43.39967171831759,
              -21.73059794340564
            ],
            [
              -43.3997594861759,
              -21.73094883343258
            ],
            [
              -43.39976414002717,
              -21.73095537172055
            ],
            [
              -43.39988614020847,
              -21.73136872201573
            ],
            [
              -43.40005448735128,
              -21.73163009210504
            ],
            [
              -43.40012175100603,
              -21.73191693099262
            ],
            [
              -43.40004907096107,
              -21.73212256498709
            ],
            [
              -43.40002740665447,
              -21.73213044405599
            ],
            [
              -43.39998453744428,
              -21.73226215680214
            ],
            [
              -43.39973556671799,
              -21.73237371827278
            ],
            [
              -43.39930888643176,
              -21.73241513011439
            ],
            [
              -43.399288711957,
              -21.73241469842838
            ],
            [
              -43.39901519106967,
              -21.7324156460155
            ],
            [
              -43.39875889709301,
              -21.732533176844
            ],
            [
              -43.39872883711891,
              -21.73252225874831
            ],
            [
              -43.3987055221657,
              -21.73250154714412
            ],
            [
              -43.39856283385391,
              -21.73236480841914
            ],
            [
              -43.39855536127547,
              -21.73233818394333
            ],
            [
              -43.39853799608144,
              -21.73230808842001
            ],
            [
              -43.39853605207824,
              -21.73230145166396
            ],
            [
              -43.39853584863749,
              -21.73215202955321
            ],
            [
              -43.3985469435455,
              -21.73212463988744
            ],
            [
              -43.39856306810727,
              -21.73209464698939
            ],
            [
              -43.39870889291429,
              -21.73185688338919
            ],
            [
              -43.39873353974831,
              -21.73172437427886
            ],
            [
              -43.39860012699895,
              -21.73160314522795
            ],
            [
              -43.39880084740702,
              -21.73135241005833
            ],
            [
              -43.39851631791089,
              -21.73108573591438
            ],
            [
              -43.39820332954541,
              -21.73094190055429
            ],
            [
              -43.39757205093796,
              -21.73101189579523
            ],
            [
              -43.39735408190231,
              -21.73105887035113
            ],
            [
              -43.39736092621396,
              -21.73077357616673
            ]
          ]
        ]
      },
      "properties": {
        "LOCAL": "Rua Miguel Marcos Péres",
        "DATA_SETOR": "Outubro de 2017",
        "NUM_SETOR": "MG_JUIZDEF_SR_69_CPRM",
        "TIPOLO_G1": "Deslizamento",
        "TIPOLO_E1": "Deslizamento planar",
        "COBRADE_01": "1.1.3.2.1",
        "TIPOLO_G2": "",
        "TIPOLO_E2": "",
        "COBRADE_02": "",
        "TIPOLO_G3": "",
        "TIPOLO_E3": "",
        "COBRADE_03": "",
        "TIPOLO_G4": "",
        "TIPOLO_E4": "",
        "COBRADE_04": "",
        "TIPOLO_G5": "",
        "TIPOLO_E5": "",
        "COBRADE_05": "",
        "SITUACAO": "Instalado",
        "DESCRICAO": "Ocupaçoes em encosta de alto aclive por meio de corte verticalizado e aterro com historicos de deslizamentos.",
        "NUM_EDIF": "150",
        "NUM_PESS": "300",
        "OBS_OCUP": "Casas de Alvenaria",
        "GRAU_VULNE": "Alto",
        "GRAU_RISCO": "Alto",
        "SUG_INTERV": "Monitoramento, estudo Geotecnico para avaliação de obras de contenção, implantação de sistemas de drenagem.",
        "ORGAO_EXEC": "CPRM",
        "PROJETO": "Setorização de Áreas em Alto e Muito Alto Risco a Movimentos de Massa, Enchentes e Inundações",
        "UTME": "665591.74",
        "UTMN": "7596103.73",
        "ZONA": "23",
        "Shape_Leng": "1132,343114"
      }
    },
    {
      "type": "Feature",
      "geometry": {
        "type": "Polygon",
        "coordinates": [
          [
            [
              -43.40019843921897,
              -21.73192027327516
            ],
            [
              -43.39976853447596,
              -21.73080414595284
            ],
            [
              -43.39976854202659,
              -21.73060122122851
            ],
            [
              -43.40004901566051,
              -21.72979719637109
            ],
            [
              -43.40023792058564,
              -21.72973699676453
            ],
            [
              -43.40047478804379,
              -21.72961241742099
            ],
            [
              -43.40049486681311,
              -21.7295956035676
            ],
            [
              -43.40085748028054,
              -21.72922569638585
            ],
            [
              -43.40101910713008,
              -21.72894689115486
            ],
            [
              -43.40106401782285,
              -21.72890450180039
            ],
            [
              -43.40107669780532,
              -21.72888921965762
            ],
            [
              -43.40139276255344,
              -21.72902146911901
            ],
            [
              -43.40139543737604,
              -21.72902584218468
            ],
            [
              -43.40144541128149,
              -21.72924049658243
            ],
            [
              -43.40146407992554,
              -21.72940198364741
            ],
            [
              -43.40173899701311,
              -21.72949957940562
            ],
            [
              -43.40202189992972,
              -21.7295722937493
            ],
            [
              -43.40254286390027,
              -21.7296771741982
            ],
            [
              -43.40280797484259,
              -21.72986535430334
            ],
            [
              -43.4031316927083,
              -21.72999071324454
            ],
            [
              -43.40370411193803,
              -21.73030552012935
            ],
            [
              -43.40381795518427,
              -21.73059685431036
            ],
            [
              -43.40383806245751,
              -21.7307175146448
            ],
            [
              -43.40415097346237,
              -21.73094961335461
            ],
            [
              -43.4043462072925,
              -21.73131924595246
            ],
            [
              -43.40445587072955,
              -21.73147577844563
            ],
            [
              -43.40352657533936,
              -21.73349103395901
            ],
            [
              -43.4033422258512,
              -21.73322200235061
            ],
            [
              -43.40332950341183,
              -21.73319998176079
            ],
            [
              -43.4031309757262,
              -21.73260194910745
            ],
            [
              -43.40312254308075,
              -21.73258505686733
            ],
            [
              -43.40295330002031,
              -21.73212138640575
            ],
            [
              -43.40280514080285,
              -21.73149833295258
            ],
            [
              -43.40266417720233,
              -21.73114758403614
            ],
            [
              -43.40234827788081,
              -21.73100972385767
            ],
            [
              -43.40196350317629,
              -21.73101815744783
            ],
            [
              -43.40194394023938,
              -21.73101908774465
            ],
            [
              -43.40152865925541,
              -21.73120374490235
            ],
            [
              -43.401244515104,
              -21.73105630427778
            ],
            [
              -43.40019843921897,
              -21.73192027327516
            ]
          ]
        ]
      },
      "properties": {
        "LOCAL": "Rua Trajano Brás Oliveira",
        "DATA_SETOR": "Outubro de 2017",
        "NUM_SETOR": "MG_JUIZDEF_SR_70_CPRM",
        "TIPOLO_G1": "Deslizamento",
        "TIPOLO_E1": "Deslizamento planar",
        "COBRADE_01": "1.1.3.2.1",
        "TIPOLO_G2": "",
        "TIPOLO_E2": "",
        "COBRADE_02": "",
        "TIPOLO_G3": "",
        "TIPOLO_E3": "",
        "COBRADE_03": "",
        "TIPOLO_G4": "",
        "TIPOLO_E4": "",
        "COBRADE_04": "",
        "TIPOLO_G5": "",
        "TIPOLO_E5": "",
        "COBRADE_05": "",
        "SITUACAO": "Instalado",
        "DESCRICAO": "Ocupaçoes em encosta de alto aclive por meio de corte verticalizado e aterro com historicos de deslizamentos.",
        "NUM_EDIF": "150",
        "NUM_PESS": "300",
        "OBS_OCUP": "Casas de Alvenaria",
        "GRAU_VULNE": "Alto",
        "GRAU_RISCO": "Alto",
        "SUG_INTERV": "Monitoramento, estudo Geotecnico para avaliação de obras de contenção, implantação de sistemas de drenagem.",
        "ORGAO_EXEC": "CPRM",
        "PROJETO": "Setorização de Áreas em Alto e Muito Alto Risco a Movimentos de Massa, Enchentes e Inundações",
        "UTME": "665210.96",
        "UTMN": "7596087.33",
        "ZONA": "23",
        "Shape_Leng": "1710,349607"
      }
    },
    {
      "type": "Feature",
      "geometry": {
        "type": "Polygon",
        "coordinates": [
          [
            [
              -43.3893593347346,
              -21.7416497714071
            ],
            [
              -43.38935646455896,
              -21.74140356336277
            ],
            [
              -43.38936453261496,
              -21.74136442387125
            ],
            [
              -43.38935451040221,
              -21.74120743356541
            ],
            [
              -43.389328934261,
              -21.74118368820601
            ],
            [
              -43.3893204162298,
              -21.74117577887737
            ],
            [
              -43.38928622717598,
              -21.74112852909124
            ],
            [
              -43.38926915503157,
              -21.74110493512332
            ],
            [
              -43.38926051224832,
              -21.74108142137732
            ],
            [
              -43.3891322021768,
              -21.74081575918757
            ],
            [
              -43.38912348958166,
              -21.74077683303951
            ],
            [
              -43.38911492634666,
              -21.74075347180317
            ],
            [
              -43.38907111005381,
              -21.74052858960688
            ],
            [
              -43.3890624171792,
              -21.74049769511889
            ],
            [
              -43.38905365973685,
              -21.74045897898256
            ],
            [
              -43.38905333014086,
              -21.74042793195408
            ],
            [
              -43.38905316498025,
              -21.7404123975976
            ],
            [
              -43.38905076547534,
              -21.74018635409107
            ],
            [
              -43.38905043285575,
              -21.74015505774236
            ],
            [
              -43.38898970973951,
              -21.73997537271566
            ],
            [
              -43.3889640725169,
              -21.73993640738595
            ],
            [
              -43.38895539763911,
              -21.73991292041151
            ],
            [
              -43.38894691077368,
              -21.73990517214471
            ],
            [
              -43.38881714926117,
              -21.73969177696788
            ],
            [
              -43.38880841330507,
              -21.73967585118677
            ],
            [
              -43.38866462004661,
              -21.73963831077617
            ],
            [
              -43.38862246974543,
              -21.73963106937287
            ],
            [
              -43.38857219603927,
              -21.73963203686322
            ],
            [
              -43.38835488143668,
              -21.73965917206338
            ],
            [
              -43.38832142757939,
              -21.73966740800213
            ],
            [
              -43.38828828564369,
              -21.73968364773076
            ],
            [
              -43.38824657629868,
              -21.73969979680537
            ],
            [
              -43.38799358263522,
              -21.73984162143537
            ],
            [
              -43.38795968974755,
              -21.73985740126532
            ],
            [
              -43.38791716943773,
              -21.73987318287097
            ],
            [
              -43.38789994380887,
              -21.73987316865577
            ],
            [
              -43.38784969264236,
              -21.73990494691873
            ],
            [
              -43.38782467010558,
              -21.73992087091856
            ],
            [
              -43.3877911194085,
              -21.73993682475406
            ],
            [
              -43.3874517270059,
              -21.74015956136881
            ],
            [
              -43.38741942894437,
              -21.74019121090544
            ],
            [
              -43.38738643126211,
              -21.74021494860398
            ],
            [
              -43.38729491427017,
              -21.74041087124898
            ],
            [
              -43.38728782029764,
              -21.74043424169191
            ],
            [
              -43.3872725618762,
              -21.74046541592355
            ],
            [
              -43.38724043833214,
              -21.7405044591021
            ],
            [
              -43.38721650589925,
              -21.74053564726383
            ],
            [
              -43.38718430466938,
              -21.74057463186632
            ],
            [
              -43.38716752552787,
              -21.74059030007827
            ],
            [
              -43.38697170706888,
              -21.74075427527149
            ],
            [
              -43.3869301472729,
              -21.74077785807299
            ],
            [
              -43.38690470310348,
              -21.74078589086138
            ],
            [
              -43.38686313063089,
              -21.74080948165038
            ],
            [
              -43.38681218788678,
              -21.74082556925179
            ],
            [
              -43.38648336518984,
              -21.74091424187224
            ],
            [
              -43.38644121256646,
              -21.74092242332123
            ],
            [
              -43.38640766063932,
              -21.74093048989521
            ],
            [
              -43.38638181303469,
              -21.74093084036479
            ],
            [
              -43.38635870007489,
              -21.74095398684936
            ],
            [
              -43.38632422652076,
              -21.74095446186037
            ],
            [
              -43.38626667106363,
              -21.74097807099253
            ],
            [
              -43.38616403731646,
              -21.74098711417794
            ],
            [
              -43.38617537483211,
              -21.74087241870772
            ],
            [
              -43.386363515691,
              -21.74077782664719
            ],
            [
              -43.38638770180649,
              -21.74076211782827
            ],
            [
              -43.38641967172983,
              -21.7407385861968
            ],
            [
              -43.38643521993929,
              -21.7407229476148
            ],
            [
              -43.38660724087391,
              -21.74059664128925
            ],
            [
              -43.38664046133927,
              -21.7405728842525
            ],
            [
              -43.38667417717876,
              -21.74054909139175
            ],
            [
              -43.38695106195948,
              -21.7403587881852
            ],
            [
              -43.38697504757145,
              -21.74033504856343
            ],
            [
              -43.3869996639779,
              -21.74031914693732
            ],
            [
              -43.38701628287778,
              -21.74031116271019
            ],
            [
              -43.38715269165925,
              -21.74014461875299
            ],
            [
              -43.38717807868369,
              -21.74012870292868
            ],
            [
              -43.38732930467828,
              -21.73992093100859
            ],
            [
              -43.38734560401129,
              -21.73990484713269
            ],
            [
              -43.38759259140535,
              -21.73967487540198
            ],
            [
              -43.38781904764299,
              -21.73952221075393
            ],
            [
              -43.38782719807848,
              -21.73950621094123
            ],
            [
              -43.38800115521737,
              -21.73931252960701
            ],
            [
              -43.38809872381568,
              -21.73919663776125
            ],
            [
              -43.3881917844565,
              -21.73910031456392
            ],
            [
              -43.38828607019495,
              -21.73909981726181
            ],
            [
              -43.38858735268037,
              -21.73919491004795
            ],
            [
              -43.38879543762849,
              -21.73939528727278
            ],
            [
              -43.38882142964308,
              -21.73942721905595
            ],
            [
              -43.38907807628118,
              -21.73957022884196
            ],
            [
              -43.38910365718431,
              -21.73958606202768
            ],
            [
              -43.38927412870847,
              -21.73969459227045
            ],
            [
              -43.38929122623722,
              -21.73971017216905
            ],
            [
              -43.38931693447191,
              -21.73974147157295
            ],
            [
              -43.38940269986253,
              -21.7398589873534
            ],
            [
              -43.38941984839351,
              -21.73988248359608
            ],
            [
              -43.38957505732359,
              -21.74010905198117
            ],
            [
              -43.38957525581786,
              -21.74013270304062
            ],
            [
              -43.38960273873555,
              -21.74036101836336
            ],
            [
              -43.38961139755795,
              -21.7403924625614
            ],
            [
              -43.38963723563798,
              -21.74043164472356
            ],
            [
              -43.38963730245894,
              -21.74046312003893
            ],
            [
              -43.38965451686797,
              -21.74048661328941
            ],
            [
              -43.38968299159501,
              -21.74084835444513
            ],
            [
              -43.38968328267612,
              -21.74087983284456
            ],
            [
              -43.38968364846035,
              -21.74091918086251
            ],
            [
              -43.38966936631103,
              -21.74121044561484
            ],
            [
              -43.3896612376603,
              -21.74124982569803
            ],
            [
              -43.38966158756751,
              -21.74128140311967
            ],
            [
              -43.38965328494874,
              -21.74130499224268
            ],
            [
              -43.38960341423272,
              -21.74143853289637
            ],
            [
              -43.38959512259965,
              -21.74146208870267
            ],
            [
              -43.38952809596773,
              -21.74157935791411
            ],
            [
              -43.38952817914911,
              -21.74158724658198
            ],
            [
              -43.3893593347346,
              -21.7416497714071
            ]
          ]
        ]
      },
      "properties": {
        "LOCAL": "Avenida Santa Cândida",
        "DATA_SETOR": "Outubro de 2017",
        "NUM_SETOR": "MG_JUIZDEF_SR_71_CPRM",
        "TIPOLO_G1": "Deslizamento",
        "TIPOLO_E1": "Deslizamento planar",
        "COBRADE_01": "1.1.3.2.1",
        "TIPOLO_G2": "",
        "TIPOLO_E2": "",
        "COBRADE_02": "",
        "TIPOLO_G3": "",
        "TIPOLO_E3": "",
        "COBRADE_03": "",
        "TIPOLO_G4": "",
        "TIPOLO_E4": "",
        "COBRADE_04": "",
        "TIPOLO_G5": "",
        "TIPOLO_E5": "",
        "COBRADE_05": "",
        "SITUACAO": "Instalado",
        "DESCRICAO": "Ocupaçoes em encosta de alto aclive por meio de corte verticalizado e aterro com historicos de deslizamentos.",
        "NUM_EDIF": "35",
        "NUM_PESS": "140",
        "OBS_OCUP": "Casas de Alvenaria",
        "GRAU_VULNE": "Alto",
        "GRAU_RISCO": "Alto",
        "SUG_INTERV": "Monitoramento, estudo Geotecnico para avaliação de obras de contenção, implantação de sistemas de drenagem.",
        "ORGAO_EXEC": "CPRM",
        "PROJETO": "Setorização de Áreas em Alto e Muito Alto Risco a Movimentos de Massa, Enchentes e Inundações",
        "UTME": "666608.41",
        "UTMN": "7595142.35",
        "ZONA": "23",
        "Shape_Leng": "1239,888701"
      }
    },
    {
      "type": "Feature",
      "geometry": {
        "type": "Polygon",
        "coordinates": [
          [
            [
              -43.39253795105422,
              -21.75011187663573
            ],
            [
              -43.39230524886006,
              -21.74997326324176
            ],
            [
              -43.39225909867927,
              -21.74991954084811
            ],
            [
              -43.39210160304484,
              -21.74973620314687
            ],
            [
              -43.39206832865744,
              -21.74969747018789
            ],
            [
              -43.39203879321548,
              -21.74965463859569
            ],
            [
              -43.39200657367104,
              -21.74961720839046
            ],
            [
              -43.39186926005111,
              -21.74945767870992
            ],
            [
              -43.39181675016462,
              -21.74939668395895
            ],
            [
              -43.39161218523367,
              -21.74919654362503
            ],
            [
              -43.39155725995875,
              -21.74915442709708
            ],
            [
              -43.39150679812765,
              -21.74912441469388
            ],
            [
              -43.39127242777502,
              -21.74900082423776
            ],
            [
              -43.39124055429902,
              -21.74898278406691
            ],
            [
              -43.39120048669187,
              -21.74896129880963
            ],
            [
              -43.39116232874986,
              -21.74893450399099
            ],
            [
              -43.39108639376853,
              -21.74888005274409
            ],
            [
              -43.39105468673449,
              -21.74886026822579
            ],
            [
              -43.39084349490258,
              -21.74858560801793
            ],
            [
              -43.3908653266373,
              -21.7485648772625
            ],
            [
              -43.39089078894231,
              -21.74850135272674
            ],
            [
              -43.39088735105148,
              -21.74848155675194
            ],
            [
              -43.39090053183288,
              -21.74845100330378
            ],
            [
              -43.39092251563012,
              -21.74839319215026
            ],
            [
              -43.39093901930101,
              -21.74838234232855
            ],
            [
              -43.39094779802667,
              -21.74835509522531
            ],
            [
              -43.39097065701302,
              -21.74832936967653
            ],
            [
              -43.39103478198447,
              -21.74825529294068
            ],
            [
              -43.3910371571645,
              -21.74822216861014
            ],
            [
              -43.39105379684578,
              -21.74816960107459
            ],
            [
              -43.39104991578564,
              -21.7481515720154
            ],
            [
              -43.39109743971083,
              -21.74794528877092
            ],
            [
              -43.39108984668141,
              -21.74793137032415
            ],
            [
              -43.39107696904578,
              -21.74789314982767
            ],
            [
              -43.39107049210266,
              -21.74766648414432
            ],
            [
              -43.39106377022315,
              -21.74763694116114
            ],
            [
              -43.39105340228066,
              -21.7476101934323
            ],
            [
              -43.39133663463968,
              -21.74775891260744
            ],
            [
              -43.39134328779709,
              -21.74775296632634
            ],
            [
              -43.39143928486405,
              -21.74771270163636
            ],
            [
              -43.39144927599451,
              -21.74770375657672
            ],
            [
              -43.39148071784871,
              -21.74767806108532
            ],
            [
              -43.39154398474974,
              -21.74762707122601
            ],
            [
              -43.39155606179407,
              -21.74760861831962
            ],
            [
              -43.39156460110261,
              -21.74759304392484
            ],
            [
              -43.39156567291698,
              -21.74756625296389
            ],
            [
              -43.39157571094124,
              -21.74748173375522
            ],
            [
              -43.39158209553725,
              -21.74745987907014
            ],
            [
              -43.39158502556006,
              -21.7474409018999
            ],
            [
              -43.39162825829876,
              -21.74737920464419
            ],
            [
              -43.39164332464978,
              -21.74736440271358
            ],
            [
              -43.39167338790155,
              -21.74733487043066
            ],
            [
              -43.39167938980598,
              -21.74732897380436
            ],
            [
              -43.39180652037989,
              -21.74716458415289
            ],
            [
              -43.39180896111473,
              -21.74714265861238
            ],
            [
              -43.39181455405585,
              -21.74712747014776
            ],
            [
              -43.3918079768917,
              -21.74710497555095
            ],
            [
              -43.39186133760597,
              -21.74700543308494
            ],
            [
              -43.39193549286933,
              -21.74643128462806
            ],
            [
              -43.39196983302073,
              -21.74637135787189
            ],
            [
              -43.39200904642286,
              -21.74638154882493
            ],
            [
              -43.39219744997232,
              -21.74638600686001
            ],
            [
              -43.39224746305712,
              -21.74639121030092
            ],
            [
              -43.39227599477223,
              -21.74639648774409
            ],
            [
              -43.39247058626198,
              -21.7464616372632
            ],
            [
              -43.39251456198024,
              -21.74641156332648
            ],
            [
              -43.39252707344334,
              -21.7463973172601
            ],
            [
              -43.39253562385319,
              -21.74637421362923
            ],
            [
              -43.39254533344831,
              -21.74627127617769
            ],
            [
              -43.39264558653655,
              -21.74622367089864
            ],
            [
              -43.39268972171435,
              -21.74622050563685
            ],
            [
              -43.39271862110782,
              -21.74620664181787
            ],
            [
              -43.39276550148025,
              -21.74620465390635
            ],
            [
              -43.39290161074741,
              -21.74620489730208
            ],
            [
              -43.39292784612515,
              -21.74618273132351
            ],
            [
              -43.39298024075043,
              -21.74613846183896
            ],
            [
              -43.39303238303038,
              -21.74615997266984
            ],
            [
              -43.39311544760048,
              -21.74618366425624
            ],
            [
              -43.39336484064008,
              -21.74635808321366
            ],
            [
              -43.39343981426735,
              -21.7464087106555
            ],
            [
              -43.39377589282042,
              -21.74655091612844
            ],
            [
              -43.39356147680056,
              -21.74691268104525
            ],
            [
              -43.39355737258207,
              -21.74693242183424
            ],
            [
              -43.39353898790562,
              -21.74697994810225
            ],
            [
              -43.39342386942806,
              -21.74748050341456
            ],
            [
              -43.39339691289373,
              -21.74748795705202
            ],
            [
              -43.39337483236893,
              -21.74752136522901
            ],
            [
              -43.39335087529559,
              -21.74755363879686
            ],
            [
              -43.3930105806494,
              -21.74805451284716
            ],
            [
              -43.39284921667055,
              -21.74830054402661
            ],
            [
              -43.3928568973726,
              -21.74836863415948
            ],
            [
              -43.39286264309449,
              -21.74840973791672
            ],
            [
              -43.39286842206059,
              -21.74850397961308
            ],
            [
              -43.392961014875,
              -21.74876548722344
            ],
            [
              -43.3930952797064,
              -21.74899436312721
            ],
            [
              -43.39293812202833,
              -21.74926935371464
            ],
            [
              -43.39291912746635,
              -21.749296831396
            ],
            [
              -43.39289704708656,
              -21.74938683463979
            ],
            [
              -43.39273434488229,
              -21.74952039028278
            ],
            [
              -43.39271251783155,
              -21.74982867643418
            ],
            [
              -43.39253795105422,
              -21.75011187663573
            ]
          ]
        ]
      },
      "properties": {
        "LOCAL": "Doutor Alvino de Paula",
        "DATA_SETOR": "Outubro de 2017",
        "NUM_SETOR": "MG_JUIZDEF_SR_72_CPRM",
        "TIPOLO_G1": "Deslizamento",
        "TIPOLO_E1": "Deslizamento planar",
        "COBRADE_01": "1.1.3.2.1",
        "TIPOLO_G2": "",
        "TIPOLO_E2": "",
        "COBRADE_02": "",
        "TIPOLO_G3": "",
        "TIPOLO_E3": "",
        "COBRADE_03": "",
        "TIPOLO_G4": "",
        "TIPOLO_E4": "",
        "COBRADE_04": "",
        "TIPOLO_G5": "",
        "TIPOLO_E5": "",
        "COBRADE_05": "",
        "SITUACAO": "Instalado",
        "DESCRICAO": "Ocupaçoes em encosta de alto aclive por meio de corte verticalizado e aterro com historicos de deslizamentos.",
        "NUM_EDIF": "35",
        "NUM_PESS": "140",
        "OBS_OCUP": "Casas de Alvenaria",
        "GRAU_VULNE": "Alto",
        "GRAU_RISCO": "Alto",
        "SUG_INTERV": "Monitoramento, estudo Geotecnico para avaliação de obras de contenção, implantação de sistemas de drenagem.",
        "ORGAO_EXEC": "CPRM",
        "PROJETO": "Setorização de Áreas em Alto e Muito Alto Risco a Movimentos de Massa, Enchentes e Inundações",
        "UTME": "666240.69",
        "UTMN": "7594246.09",
        "ZONA": "23",
        "Shape_Leng": "1236,487477"
      }
    },
    {
      "type": "Feature",
      "geometry": {
        "type": "Polygon",
        "coordinates": [
          [
            [
              -43.37974649911183,
              -21.73985711303248
            ],
            [
              -43.38024782363111,
              -21.7394272835937
            ],
            [
              -43.38031378147905,
              -21.7394103080484
            ],
            [
              -43.38048597082584,
              -21.73956882099864
            ],
            [
              -43.3816237867884,
              -21.74036641909354
            ],
            [
              -43.38184489913819,
              -21.74055426702069
            ],
            [
              -43.38200026127455,
              -21.74074997038622
            ],
            [
              -43.38226353078333,
              -21.74100048718553
            ],
            [
              -43.38227415333223,
              -21.74100439989428
            ],
            [
              -43.38242253510178,
              -21.74116853300669
            ],
            [
              -43.38244325410606,
              -21.74117594500694
            ],
            [
              -43.38264234427091,
              -21.74119586736103
            ],
            [
              -43.38267076752209,
              -21.74118919931695
            ],
            [
              -43.3828518258454,
              -21.74119121677924
            ],
            [
              -43.38287876361066,
              -21.74118468141057
            ],
            [
              -43.3828923166964,
              -21.74118399640808
            ],
            [
              -43.38299931937586,
              -21.74120251913685
            ],
            [
              -43.38313811440154,
              -21.74190545474956
            ],
            [
              -43.38323903285236,
              -21.74237784672716
            ],
            [
              -43.38337771041144,
              -21.74306579114253
            ],
            [
              -43.38271703629545,
              -21.74312932994167
            ],
            [
              -43.38271200472712,
              -21.74313394501303
            ],
            [
              -43.38225184257274,
              -21.7431799965961
            ],
            [
              -43.38172508592398,
              -21.74233403964532
            ],
            [
              -43.3809778766589,
              -21.74133433281496
            ],
            [
              -43.37974649911183,
              -21.73985711303248
            ]
          ]
        ]
      },
      "properties": {
        "LOCAL": "Rua Professor Valquírio Seixas de Faria",
        "DATA_SETOR": "Outubro de 2017",
        "NUM_SETOR": "MG_JUIZDEF_SR_73_CPRM",
        "TIPOLO_G1": "Deslizamento",
        "TIPOLO_E1": "Deslizamento planar",
        "COBRADE_01": "1.1.3.2.1",
        "TIPOLO_G2": "",
        "TIPOLO_E2": "",
        "COBRADE_02": "",
        "TIPOLO_G3": "",
        "TIPOLO_E3": "",
        "COBRADE_03": "",
        "TIPOLO_G4": "",
        "TIPOLO_E4": "",
        "COBRADE_04": "",
        "TIPOLO_G5": "",
        "TIPOLO_E5": "",
        "COBRADE_05": "",
        "SITUACAO": "Instalado",
        "DESCRICAO": "Ocupaçoes em encosta de alto aclive por meio de corte verticalizado e aterro com historicos de deslizamentos.",
        "NUM_EDIF": "170",
        "NUM_PESS": "680",
        "OBS_OCUP": "Casas de Alvenaria",
        "GRAU_VULNE": "Alto",
        "GRAU_RISCO": "Alto",
        "SUG_INTERV": "Monitoramento, estudo Geotecnico para avaliação de obras de contenção, implantação de sistemas de drenagem.",
        "ORGAO_EXEC": "CPRM",
        "PROJETO": "Setorização de Áreas em Alto e Muito Alto Risco a Movimentos de Massa, Enchentes e Inundações",
        "UTME": "667407.65",
        "UTMN": "7594902.97",
        "ZONA": "23",
        "Shape_Leng": "1209,622961"
      }
    },
    {
      "type": "Feature",
      "geometry": {
        "type": "Polygon",
        "coordinates": [
          [
            [
              -43.38163231407022,
              -21.75813610491186
            ],
            [
              -43.38166238864649,
              -21.75804739131656
            ],
            [
              -43.38166190973317,
              -21.7580262892142
            ],
            [
              -43.38168344890843,
              -21.75791892189907
            ],
            [
              -43.38168568689824,
              -21.75788083241756
            ],
            [
              -43.38169087027802,
              -21.75784797971889
            ],
            [
              -43.3816954909301,
              -21.75783763698798
            ],
            [
              -43.3815910109567,
              -21.75763641515199
            ],
            [
              -43.38157970359205,
              -21.75762129661665
            ],
            [
              -43.38155540866946,
              -21.75759233200027
            ],
            [
              -43.3815472222154,
              -21.75758274912479
            ],
            [
              -43.38139335305332,
              -21.75746219286342
            ],
            [
              -43.38125969590893,
              -21.75743836681188
            ],
            [
              -43.38124389092342,
              -21.75743495242748
            ],
            [
              -43.3812007137937,
              -21.75742945199752
            ],
            [
              -43.38115816159001,
              -21.75743926996209
            ],
            [
              -43.38095295937784,
              -21.75750147880468
            ],
            [
              -43.38093822032997,
              -21.75749811185601
            ],
            [
              -43.38080996524728,
              -21.75748807358211
            ],
            [
              -43.38080001467625,
              -21.75748862830641
            ],
            [
              -43.38075973792257,
              -21.75747634226025
            ],
            [
              -43.38072675779841,
              -21.757473401893
            ],
            [
              -43.38052711474128,
              -21.75742436444117
            ],
            [
              -43.38049427474892,
              -21.75740781478016
            ],
            [
              -43.38043846941743,
              -21.75737403444653
            ],
            [
              -43.38038390532852,
              -21.75735501311839
            ],
            [
              -43.38035263376047,
              -21.75735327533423
            ],
            [
              -43.38033323065794,
              -21.75734067601793
            ],
            [
              -43.38025659621251,
              -21.75721208482744
            ],
            [
              -43.3802013109029,
              -21.75693033774065
            ],
            [
              -43.38039921029394,
              -21.75660798877818
            ],
            [
              -43.3804933325236,
              -21.75650705956762
            ],
            [
              -43.38068016371731,
              -21.75628514106217
            ],
            [
              -43.38133301780267,
              -21.75638614543315
            ],
            [
              -43.38171639065851,
              -21.75654937514049
            ],
            [
              -43.38172723594265,
              -21.75656577442689
            ],
            [
              -43.38204049640144,
              -21.75674802580157
            ],
            [
              -43.38205527124715,
              -21.75675086913183
            ],
            [
              -43.3820729645277,
              -21.75677921182097
            ],
            [
              -43.38237696006245,
              -21.75689737790641
            ],
            [
              -43.38253541751756,
              -21.75717471399756
            ],
            [
              -43.38257841495029,
              -21.75720669384424
            ],
            [
              -43.38260699287672,
              -21.75725140178193
            ],
            [
              -43.3827057560112,
              -21.75754176560105
            ],
            [
              -43.38270961541689,
              -21.75757985782318
            ],
            [
              -43.38277171463518,
              -21.75789310391378
            ],
            [
              -43.38277335919889,
              -21.75794644793997
            ],
            [
              -43.38277282353464,
              -21.75796232854596
            ],
            [
              -43.38288598687513,
              -21.75843482929471
            ],
            [
              -43.38295658294651,
              -21.75884636465687
            ],
            [
              -43.38293965873034,
              -21.75903725834276
            ],
            [
              -43.38163231407022,
              -21.75813610491186
            ]
          ]
        ]
      },
      "properties": {
        "LOCAL": "Rua Margarida de Lima",
        "DATA_SETOR": "Outubro de 2017",
        "NUM_SETOR": "MG_JUIZDEF_SR_74_CPRM",
        "TIPOLO_G1": "Deslizamento",
        "TIPOLO_E1": "Deslizamento planar",
        "COBRADE_01": "1.1.3.2.1",
        "TIPOLO_G2": "",
        "TIPOLO_E2": "",
        "COBRADE_02": "",
        "TIPOLO_G3": "",
        "TIPOLO_E3": "",
        "COBRADE_03": "",
        "TIPOLO_G4": "",
        "TIPOLO_E4": "",
        "COBRADE_04": "",
        "TIPOLO_G5": "",
        "TIPOLO_E5": "",
        "COBRADE_05": "",
        "SITUACAO": "Instalado",
        "DESCRICAO": "Ocupaçoes em encosta de alto aclive por meio de corte verticalizado e aterro com historicos de deslizamentos.",
        "NUM_EDIF": "70",
        "NUM_PESS": "280",
        "OBS_OCUP": "Casas de Alvenaria",
        "GRAU_VULNE": "Alto",
        "GRAU_RISCO": "Alto",
        "SUG_INTERV": "Monitoramento, estudo Geotecnico para avaliação de obras de contenção, implantação de sistemas de drenagem.",
        "ORGAO_EXEC": "CPRM",
        "PROJETO": "Setorização de Áreas em Alto e Muito Alto Risco a Movimentos de Massa, Enchentes e Inundações",
        "UTME": "667299.33",
        "UTMN": "7593118.89",
        "ZONA": "23",
        "Shape_Leng": "944,498946"
      }
    },
    {
      "type": "Feature",
      "geometry": {
        "type": "Polygon",
        "coordinates": [
          [
            [
              -43.37061066715534,
              -21.76707097864669
            ],
            [
              -43.37017301756595,
              -21.76716096316975
            ],
            [
              -43.37013945829915,
              -21.76716239005565
            ],
            [
              -43.37012156554261,
              -21.76716842601202
            ],
            [
              -43.37009198266772,
              -21.76716528658584
            ],
            [
              -43.37004627290945,
              -21.76713469482725
            ],
            [
              -43.37005589287755,
              -21.76711476175085
            ],
            [
              -43.3700551691826,
              -21.7670916033982
            ],
            [
              -43.37005377279155,
              -21.7669201701723
            ],
            [
              -43.37005302239687,
              -21.76689569466781
            ],
            [
              -43.37004843183025,
              -21.76687605325562
            ],
            [
              -43.370043819183,
              -21.76685631227196
            ],
            [
              -43.3700048374798,
              -21.76661473516682
            ],
            [
              -43.37000638432606,
              -21.76658411515024
            ],
            [
              -43.37000206404178,
              -21.76655193344719
            ],
            [
              -43.37000566245363,
              -21.76652758571062
            ],
            [
              -43.37005379425367,
              -21.76637054567071
            ],
            [
              -43.37004760504581,
              -21.76634939096954
            ],
            [
              -43.37002339994146,
              -21.76634415489365
            ],
            [
              -43.3700192269691,
              -21.76633000372796
            ],
            [
              -43.36987474285854,
              -21.76624766404001
            ],
            [
              -43.36987277113295,
              -21.76624023101039
            ],
            [
              -43.36984719594534,
              -21.76621718986503
            ],
            [
              -43.3698431937076,
              -21.76620222116241
            ],
            [
              -43.36980866229977,
              -21.7661824760705
            ],
            [
              -43.36978155068405,
              -21.76617227162283
            ],
            [
              -43.36977612797058,
              -21.76617023109022
            ],
            [
              -43.36963391824965,
              -21.76609637585277
            ],
            [
              -43.3696208308555,
              -21.76608464863266
            ],
            [
              -43.36959358353254,
              -21.76607439133444
            ],
            [
              -43.36958044718265,
              -21.76606263291939
            ],
            [
              -43.36955090522842,
              -21.76604468378855
            ],
            [
              -43.369473700207,
              -21.76598130624922
            ],
            [
              -43.36946822433878,
              -21.76595564790657
            ],
            [
              -43.36945613968356,
              -21.76591790802265
            ],
            [
              -43.36944931945811,
              -21.76588218183005
            ],
            [
              -43.36947239027467,
              -21.76576702173389
            ],
            [
              -43.36948953004865,
              -21.76572329897669
            ],
            [
              -43.36949753756161,
              -21.76568356238635
            ],
            [
              -43.36950633118977,
              -21.76541851741729
            ],
            [
              -43.36950996175587,
              -21.76541152258409
            ],
            [
              -43.36952384214212,
              -21.76518996339049
            ],
            [
              -43.36952594419475,
              -21.765142902201
            ],
            [
              -43.36952405626241,
              -21.76513224912771
            ],
            [
              -43.36953572414045,
              -21.76498146936866
            ],
            [
              -43.36915345901878,
              -21.76476159312649
            ],
            [
              -43.36916037099627,
              -21.76462620787729
            ],
            [
              -43.36918447542677,
              -21.76458300001383
            ],
            [
              -43.36931850567251,
              -21.76445822014118
            ],
            [
              -43.36948385670542,
              -21.76443385775329
            ],
            [
              -43.36970231216178,
              -21.76453948293244
            ],
            [
              -43.36972462430848,
              -21.76456152728641
            ],
            [
              -43.36973655676459,
              -21.76458817416579
            ],
            [
              -43.36975509713227,
              -21.76462689262976
            ],
            [
              -43.3698398565213,
              -21.76470710093875
            ],
            [
              -43.36985750380375,
              -21.76473466490831
            ],
            [
              -43.36987369267121,
              -21.76474274026758
            ],
            [
              -43.36997001038397,
              -21.76488744095214
            ],
            [
              -43.3699841319835,
              -21.76491871398758
            ],
            [
              -43.36997868256289,
              -21.76492614612642
            ],
            [
              -43.37004459623723,
              -21.76502558501467
            ],
            [
              -43.37005172243045,
              -21.76504527761284
            ],
            [
              -43.37006587910395,
              -21.76508440535181
            ],
            [
              -43.37018498194664,
              -21.76523098428844
            ],
            [
              -43.37019720118609,
              -21.76524303890355
            ],
            [
              -43.37021495489466,
              -21.76524826465474
            ],
            [
              -43.37033354584047,
              -21.76528317569483
            ],
            [
              -43.3703454256415,
              -21.76528667440474
            ],
            [
              -43.37045872131652,
              -21.76529396883599
            ],
            [
              -43.37047101394004,
              -21.76529721599487
            ],
            [
              -43.37064423229846,
              -21.76569685075087
            ],
            [
              -43.37065558054045,
              -21.76571411734113
            ],
            [
              -43.37067986245319,
              -21.76572401918693
            ],
            [
              -43.37071590064412,
              -21.76588041020851
            ],
            [
              -43.37072148842032,
              -21.76590465518805
            ],
            [
              -43.37073621355717,
              -21.76593739100287
            ],
            [
              -43.37071905915104,
              -21.76609341961607
            ],
            [
              -43.37071079794515,
              -21.76611463243759
            ],
            [
              -43.37070915361558,
              -21.76615749640645
            ],
            [
              -43.37071504356002,
              -21.7661798150942
            ],
            [
              -43.37071811895716,
              -21.76621573196462
            ],
            [
              -43.37072589209161,
              -21.76624510796699
            ],
            [
              -43.37073169085324,
              -21.76626702472807
            ],
            [
              -43.37073968257623,
              -21.76639213291795
            ],
            [
              -43.37073416546527,
              -21.76641823117312
            ],
            [
              -43.37072490147601,
              -21.76643011473341
            ],
            [
              -43.37068951074208,
              -21.76661386940696
            ],
            [
              -43.37068504317933,
              -21.76661946326101
            ],
            [
              -43.37061066715534,
              -21.76707097864669
            ]
          ]
        ]
      },
      "properties": {
        "LOCAL": "Rua Artur de Oliveira",
        "DATA_SETOR": "Outubro de 2017",
        "NUM_SETOR": "MG_JUIZDEF_SR_75_CPRM",
        "TIPOLO_G1": "Deslizamento",
        "TIPOLO_E1": "Deslizamento planar",
        "COBRADE_01": "1.1.3.2.1",
        "TIPOLO_G2": "",
        "TIPOLO_E2": "",
        "COBRADE_02": "",
        "TIPOLO_G3": "",
        "TIPOLO_E3": "",
        "COBRADE_03": "",
        "TIPOLO_G4": "",
        "TIPOLO_E4": "",
        "COBRADE_04": "",
        "TIPOLO_G5": "",
        "TIPOLO_E5": "",
        "COBRADE_05": "",
        "SITUACAO": "Instalado",
        "DESCRICAO": "Ocupaçoes em encosta de alto aclive por meio de corte verticalizado e aterro com historicos de deslizamentos.",
        "NUM_EDIF": "70",
        "NUM_PESS": "280",
        "OBS_OCUP": "Casas de Alvenaria",
        "GRAU_VULNE": "Alto",
        "GRAU_RISCO": "Alto",
        "SUG_INTERV": "Monitoramento, estudo Geotecnico para avaliação de obras de contenção, implantação de sistemas de drenagem.",
        "ORGAO_EXEC": "CPRM",
        "PROJETO": "Setorização de Áreas em Alto e Muito Alto Risco a Movimentos de Massa, Enchentes e Inundações",
        "UTME": "668543.54",
        "UTMN": "7592154.65",
        "ZONA": "23",
        "Shape_Leng": "792,297641"
      }
    },
    {
      "type": "Feature",
      "geometry": {
        "type": "Polygon",
        "coordinates": [
          [
            [
              -43.37257808588232,
              -21.76942202638714
            ],
            [
              -43.3724956048087,
              -21.76932428862554
            ],
            [
              -43.37246842666298,
              -21.76929479755451
            ],
            [
              -43.37245789468935,
              -21.76928553166312
            ],
            [
              -43.37244536129541,
              -21.76927265036756
            ],
            [
              -43.37243284511337,
              -21.76925978640168
            ],
            [
              -43.37230465999451,
              -21.76912495429182
            ],
            [
              -43.37229433945479,
              -21.76911589098635
            ],
            [
              -43.37227174459332,
              -21.76909421266234
            ],
            [
              -43.37224891979167,
              -21.76908151636151
            ],
            [
              -43.37213970395047,
              -21.76896003163676
            ],
            [
              -43.37211752993214,
              -21.7689387665938
            ],
            [
              -43.3721076558808,
              -21.76892098622009
            ],
            [
              -43.37208555925,
              -21.76889980503107
            ],
            [
              -43.37208161492174,
              -21.76889270395233
            ],
            [
              -43.37206763703076,
              -21.76887681786151
            ],
            [
              -43.37200458927486,
              -21.76876332673868
            ],
            [
              -43.37199006989901,
              -21.76873887282363
            ],
            [
              -43.37197629516577,
              -21.76871406856566
            ],
            [
              -43.37197483461429,
              -21.76870125561522
            ],
            [
              -43.37196427556429,
              -21.76867931459967
            ],
            [
              -43.3719568644333,
              -21.76866487056097
            ],
            [
              -43.3718634336341,
              -21.7684841781311
            ],
            [
              -43.37185594086039,
              -21.76846968722071
            ],
            [
              -43.37185242036749,
              -21.76845304964074
            ],
            [
              -43.37184491814193,
              -21.76843853966932
            ],
            [
              -43.37183178262288,
              -21.76841313473424
            ],
            [
              -43.37181676213204,
              -21.76838408030943
            ],
            [
              -43.37181300632587,
              -21.76837681308345
            ],
            [
              -43.3717729729124,
              -21.76822008755761
            ],
            [
              -43.37176935102263,
              -21.76820309672356
            ],
            [
              -43.37176778541757,
              -21.76818005923618
            ],
            [
              -43.37178491872467,
              -21.76810217834678
            ],
            [
              -43.37179139066114,
              -21.76807388922272
            ],
            [
              -43.37178984023474,
              -21.76805036324474
            ],
            [
              -43.37179264662217,
              -21.76801417824118
            ],
            [
              -43.37178909333786,
              -21.76799659196033
            ],
            [
              -43.37179150118591,
              -21.76798021326794
            ],
            [
              -43.37180185996058,
              -21.76783773359423
            ],
            [
              -43.37180711162976,
              -21.767813725438
            ],
            [
              -43.37180142996719,
              -21.76780206316755
            ],
            [
              -43.3718066960687,
              -21.76777788986476
            ],
            [
              -43.37181008646687,
              -21.76774967426521
            ],
            [
              -43.37184037374756,
              -21.76751106823893
            ],
            [
              -43.37184340434378,
              -21.76749262821443
            ],
            [
              -43.37184308278801,
              -21.76745471616831
            ],
            [
              -43.37184919362704,
              -21.76741737777377
            ],
            [
              -43.37190779017269,
              -21.76731387803227
            ],
            [
              -43.37192068169185,
              -21.76728720563491
            ],
            [
              -43.37193742826293,
              -21.7672622593024
            ],
            [
              -43.37195757764118,
              -21.76722864488626
            ],
            [
              -43.37210670456806,
              -21.76699369802102
            ],
            [
              -43.37211750357486,
              -21.76697345216128
            ],
            [
              -43.37213314981475,
              -21.76694952373552
            ],
            [
              -43.3721585545639,
              -21.76691821003264
            ],
            [
              -43.37229175189142,
              -21.76676028326497
            ],
            [
              -43.3723016323374,
              -21.76674560209627
            ],
            [
              -43.37233460194921,
              -21.76671200813925
            ],
            [
              -43.37237538847766,
              -21.76667865279047
            ],
            [
              -43.37238564039091,
              -21.76666352727684
            ],
            [
              -43.37242468781515,
              -21.76662798978749
            ],
            [
              -43.37263813975285,
              -21.76639346500104
            ],
            [
              -43.37269582499014,
              -21.76633321188657
            ],
            [
              -43.37273148808894,
              -21.7663052948668
            ],
            [
              -43.37275378481175,
              -21.76628075891866
            ],
            [
              -43.37278063230352,
              -21.7662454716009
            ],
            [
              -43.37280500034524,
              -21.76622632293904
            ],
            [
              -43.37310830743459,
              -21.76590601707594
            ],
            [
              -43.37312834789779,
              -21.76587636021468
            ],
            [
              -43.37314851911925,
              -21.76584651134846
            ],
            [
              -43.37335416933595,
              -21.76562580382949
            ],
            [
              -43.37337595472688,
              -21.76558510782055
            ],
            [
              -43.37339291963179,
              -21.76555593459918
            ],
            [
              -43.37355196367145,
              -21.76539359306011
            ],
            [
              -43.37366620172342,
              -21.76538817186028
            ],
            [
              -43.37369775307253,
              -21.76538667390765
            ],
            [
              -43.37376254333657,
              -21.76544165129607
            ],
            [
              -43.37379988372951,
              -21.76551934198645
            ],
            [
              -43.37381486514093,
              -21.76554029490907
            ],
            [
              -43.37383905357154,
              -21.76555379199078
            ],
            [
              -43.37392880277296,
              -21.76567935096069
            ],
            [
              -43.37396107818545,
              -21.76567864587939
            ],
            [
              -43.3740018008815,
              -21.76572031427254
            ],
            [
              -43.37408735828009,
              -21.76588864172302
            ],
            [
              -43.37410193779404,
              -21.76590965660624
            ],
            [
              -43.37411362468444,
              -21.76597199412552
            ],
            [
              -43.37412211839364,
              -21.76600458802511
            ],
            [
              -43.37412371773642,
              -21.76604946472775
            ],
            [
              -43.37414221001804,
              -21.76614414561178
            ],
            [
              -43.37412525186463,
              -21.76619469360696
            ],
            [
              -43.37402339145829,
              -21.76631238562143
            ],
            [
              -43.37400755973128,
              -21.76633041261157
            ],
            [
              -43.37397699345109,
              -21.76637301305211
            ],
            [
              -43.37372459614667,
              -21.76663732411777
            ],
            [
              -43.37369791936836,
              -21.76666253969852
            ],
            [
              -43.37367041799973,
              -21.76669416993862
            ],
            [
              -43.37350043969669,
              -21.76693145041485
            ],
            [
              -43.37346898953259,
              -21.76695859523962
            ],
            [
              -43.37343256005588,
              -21.76700191194592
            ],
            [
              -43.37328329073055,
              -21.76722926176523
            ],
            [
              -43.37327272713512,
              -21.76724802242642
            ],
            [
              -43.37308735826013,
              -21.76750102411342
            ],
            [
              -43.3730790484215,
              -21.76751739624872
            ],
            [
              -43.37306664839807,
              -21.76754182999208
            ],
            [
              -43.37305023241923,
              -21.76757417342907
            ],
            [
              -43.3730163011411,
              -21.76767272009505
            ],
            [
              -43.37294194086719,
              -21.76780839397302
            ],
            [
              -43.37287664877164,
              -21.76790365772404
            ],
            [
              -43.37289005483189,
              -21.76796064620562
            ],
            [
              -43.37290018992207,
              -21.76797123137379
            ],
            [
              -43.37299832139929,
              -21.76806812756994
            ],
            [
              -43.37300787315267,
              -21.76807376459259
            ],
            [
              -43.37301897808499,
              -21.76809429828963
            ],
            [
              -43.37302205239432,
              -21.76812401816352
            ],
            [
              -43.37302870453628,
              -21.76813632039124
            ],
            [
              -43.37303923420069,
              -21.76820366664647
            ],
            [
              -43.37303274600536,
              -21.76822741610618
            ],
            [
              -43.37303289261435,
              -21.76826329059216
            ],
            [
              -43.37302691604398,
              -21.76839326874509
            ],
            [
              -43.37302405556583,
              -21.76839963537121
            ],
            [
              -43.37301746462183,
              -21.76842280575976
            ],
            [
              -43.37295999394522,
              -21.7685384742699
            ],
            [
              -43.37294141698886,
              -21.76856153032574
            ],
            [
              -43.37293075371256,
              -21.7685760836958
            ],
            [
              -43.37291236997482,
              -21.76859889687746
            ],
            [
              -43.37285047404799,
              -21.76873705613549
            ],
            [
              -43.37283744320458,
              -21.76875233496602
            ],
            [
              -43.37281993441545,
              -21.7687694989987
            ],
            [
              -43.37276649673038,
              -21.76890650133445
            ],
            [
              -43.37278948193036,
              -21.76895856040188
            ],
            [
              -43.37280643932564,
              -21.76896593855775
            ],
            [
              -43.37299485942355,
              -21.76907340576008
            ],
            [
              -43.37300774110072,
              -21.76909244766807
            ],
            [
              -43.37306706245493,
              -21.76917093105968
            ],
            [
              -43.37306965993582,
              -21.76917476819007
            ],
            [
              -43.37307261533506,
              -21.76919754206137
            ],
            [
              -43.37307798591431,
              -21.76921468104669
            ],
            [
              -43.37308612878972,
              -21.76924510742742
            ],
            [
              -43.37310449869558,
              -21.76928149088879
            ],
            [
              -43.37309963387653,
              -21.76929264380733
            ],
            [
              -43.37308993398495,
              -21.76931488400168
            ],
            [
              -43.37308027182849,
              -21.76933703605137
            ],
            [
              -43.37307821252169,
              -21.76936127437088
            ],
            [
              -43.37299982413872,
              -21.76943905667108
            ],
            [
              -43.37297127205598,
              -21.76944855574248
            ],
            [
              -43.37282318053917,
              -21.76950704398906
            ],
            [
              -43.37280041641076,
              -21.76951459123629
            ],
            [
              -43.37257808588232,
              -21.76942202638714
            ]
          ]
        ]
      },
      "properties": {
        "LOCAL": "Rua Hélio de Castro Surerus",
        "DATA_SETOR": "Outubro de 2017",
        "NUM_SETOR": "MG_JUIZDEF_SR_76_CPRM",
        "TIPOLO_G1": "Deslizamento",
        "TIPOLO_E1": "Deslizamento planar",
        "COBRADE_01": "1.1.3.2.1",
        "TIPOLO_G2": "",
        "TIPOLO_E2": "",
        "COBRADE_02": "",
        "TIPOLO_G3": "",
        "TIPOLO_E3": "",
        "COBRADE_03": "",
        "TIPOLO_G4": "",
        "TIPOLO_E4": "",
        "COBRADE_04": "",
        "TIPOLO_G5": "",
        "TIPOLO_E5": "",
        "COBRADE_05": "",
        "SITUACAO": "Instalado",
        "DESCRICAO": "Ocupaçoes em encosta de alto aclive por meio de corte verticalizado e aterro com historicos de deslizamentos.",
        "NUM_EDIF": "70",
        "NUM_PESS": "280",
        "OBS_OCUP": "Casas de Alvenaria",
        "GRAU_VULNE": "Alto",
        "GRAU_RISCO": "Alto",
        "SUG_INTERV": "Monitoramento, estudo Geotecnico para avaliação de obras de contenção, implantação de sistemas de drenagem.",
        "ORGAO_EXEC": "CPRM",
        "PROJETO": "Setorização de Áreas em Alto e Muito Alto Risco a Movimentos de Massa, Enchentes e Inundações",
        "UTME": "668308.63",
        "UTMN": "7591975.82",
        "ZONA": "23",
        "Shape_Leng": "1136,730304"
      }
    },
    {
      "type": "Feature",
      "geometry": {
        "type": "Polygon",
        "coordinates": [
          [
            [
              -43.38684993467098,
              -21.78149252996904
            ],
            [
              -43.385050686284,
              -21.78177170223596
            ],
            [
              -43.38460633204951,
              -21.78122991196625
            ],
            [
              -43.38458282978661,
              -21.78121863227604
            ],
            [
              -43.38456576899698,
              -21.78094384455293
            ],
            [
              -43.38457862190124,
              -21.78090578027937
            ],
            [
              -43.38458890121125,
              -21.78087533840409
            ],
            [
              -43.38460174612384,
              -21.78083729572693
            ],
            [
              -43.38468890216626,
              -21.78055322896109
            ],
            [
              -43.38469144084314,
              -21.78051134531818
            ],
            [
              -43.38468855260403,
              -21.78048456013404
            ],
            [
              -43.38469668392622,
              -21.78046207267821
            ],
            [
              -43.38475675159826,
              -21.78014558018832
            ],
            [
              -43.38476950194163,
              -21.78011648656197
            ],
            [
              -43.38479218637773,
              -21.78006565830857
            ],
            [
              -43.38480191622299,
              -21.78004385575109
            ],
            [
              -43.38482138879787,
              -21.78000022185672
            ],
            [
              -43.38508023586385,
              -21.77966202981839
            ],
            [
              -43.38511480573646,
              -21.77963003594817
            ],
            [
              -43.38514167903821,
              -21.77958741908041
            ],
            [
              -43.3851604283365,
              -21.77956751015211
            ],
            [
              -43.38516588141306,
              -21.77955231257311
            ],
            [
              -43.38519804729516,
              -21.77952756430373
            ],
            [
              -43.38525203465878,
              -21.77947496528854
            ],
            [
              -43.38527376372876,
              -21.77944716332051
            ],
            [
              -43.38558017242527,
              -21.77913318966926
            ],
            [
              -43.38562652772428,
              -21.77909242491694
            ],
            [
              -43.385673175018,
              -21.77905140287471
            ],
            [
              -43.38572571686088,
              -21.77901983277107
            ],
            [
              -43.38578751164317,
              -21.77896437886088
            ],
            [
              -43.38581293527938,
              -21.77893538993285
            ],
            [
              -43.38589395554084,
              -21.77886575531452
            ],
            [
              -43.38631310453514,
              -21.77854532380234
            ],
            [
              -43.3863598915264,
              -21.77852548702175
            ],
            [
              -43.38644924157072,
              -21.77848494483624
            ],
            [
              -43.38652803988629,
              -21.77844211471271
            ],
            [
              -43.38660202058791,
              -21.77841552167365
            ],
            [
              -43.38697586991257,
              -21.77832286090917
            ],
            [
              -43.38714344964953,
              -21.77830367874811
            ],
            [
              -43.3872275333135,
              -21.77830279209049
            ],
            [
              -43.38737252374586,
              -21.77830779158274
            ],
            [
              -43.38739254402534,
              -21.77830977618124
            ],
            [
              -43.38813570945556,
              -21.7783803559494
            ],
            [
              -43.38826136622676,
              -21.77840215389915
            ],
            [
              -43.38831950242162,
              -21.77842838667145
            ],
            [
              -43.38837645564913,
              -21.77843370917875
            ],
            [
              -43.38879842153312,
              -21.7785604142585
            ],
            [
              -43.38876136237816,
              -21.7785891412297
            ],
            [
              -43.38875739419321,
              -21.77864301577484
            ],
            [
              -43.38869084065413,
              -21.77875543935823
            ],
            [
              -43.38872659799755,
              -21.77880332532095
            ],
            [
              -43.3884191489343,
              -21.77944326544667
            ],
            [
              -43.38838387453288,
              -21.77949112004953
            ],
            [
              -43.38833564946764,
              -21.77954712366838
            ],
            [
              -43.38832684385599,
              -21.77957790987239
            ],
            [
              -43.38828270543461,
              -21.78011190309268
            ],
            [
              -43.38796104242937,
              -21.78045396870175
            ],
            [
              -43.38792319285297,
              -21.78045429772604
            ],
            [
              -43.38742692525281,
              -21.78053406841642
            ],
            [
              -43.3873817355802,
              -21.78053096391673
            ],
            [
              -43.38714146019968,
              -21.78073635992951
            ],
            [
              -43.38712003306019,
              -21.78079155884358
            ],
            [
              -43.38711289168716,
              -21.78080995457661
            ],
            [
              -43.38684993467098,
              -21.78149252996904
            ]
          ]
        ]
      },
      "properties": {
        "LOCAL": "Rua José Timóteo de Oliveira",
        "DATA_SETOR": "Outubro de 2017",
        "NUM_SETOR": "MG_JUIZDEF_SR_77_CPRM",
        "TIPOLO_G1": "Deslizamento",
        "TIPOLO_E1": "Deslizamento planar",
        "COBRADE_01": "1.1.3.2.1",
        "TIPOLO_G2": "",
        "TIPOLO_E2": "",
        "COBRADE_02": "",
        "TIPOLO_G3": "",
        "TIPOLO_E3": "",
        "COBRADE_03": "",
        "TIPOLO_G4": "",
        "TIPOLO_E4": "",
        "COBRADE_04": "",
        "TIPOLO_G5": "",
        "TIPOLO_E5": "",
        "COBRADE_05": "",
        "SITUACAO": "Instalado",
        "DESCRICAO": "Ocupaçoes em encosta de alto aclive por meio de corte verticalizado e aterro com historicos de deslizamentos.",
        "NUM_EDIF": "130",
        "NUM_PESS": "520",
        "OBS_OCUP": "Casas de Alvenaria",
        "GRAU_VULNE": "Alto",
        "GRAU_RISCO": "Alto",
        "SUG_INTERV": "Monitoramento, estudo Geotecnico para avaliação de obras de contenção, implantação de sistemas de drenagem.",
        "ORGAO_EXEC": "CPRM",
        "PROJETO": "Setorização de Áreas em Alto e Muito Alto Risco a Movimentos de Massa, Enchentes e Inundações",
        "UTME": "666789.24",
        "UTMN": "7590701.01",
        "ZONA": "23",
        "Shape_Leng": "1315,947834"
      }
    },
    {
      "type": "Feature",
      "geometry": {
        "type": "Polygon",
        "coordinates": [
          [
            [
              -43.36652462728118,
              -21.77858099072498
            ],
            [
              -43.36654925040891,
              -21.77880362501342
            ],
            [
              -43.36655996388804,
              -21.77881481692609
            ],
            [
              -43.36659202887023,
              -21.77884831062553
            ],
            [
              -43.36662410391859,
              -21.77889321019485
            ],
            [
              -43.3666666965547,
              -21.77896036680068
            ],
            [
              -43.36668804944392,
              -21.77901652734355
            ],
            [
              -43.36677193144926,
              -21.77929861680175
            ],
            [
              -43.3667822287632,
              -21.77933187099131
            ],
            [
              -43.36683334748209,
              -21.77939675171301
            ],
            [
              -43.36688403245758,
              -21.77947218398789
            ],
            [
              -43.36690430378599,
              -21.7794823747207
            ],
            [
              -43.36700413519648,
              -21.77963112133804
            ],
            [
              -43.36703377970915,
              -21.77967309389881
            ],
            [
              -43.36706326376608,
              -21.77971497635484
            ],
            [
              -43.36711229139341,
              -21.77976736116056
            ],
            [
              -43.36718736573712,
              -21.7799572420067
            ],
            [
              -43.36721500192598,
              -21.78002995091741
            ],
            [
              -43.36721414261142,
              -21.78006142934566
            ],
            [
              -43.36721536886655,
              -21.7803692745951
            ],
            [
              -43.36719477057336,
              -21.780411597996
            ],
            [
              -43.36660187224695,
              -21.7803921399807
            ],
            [
              -43.36657744021769,
              -21.78039231761692
            ],
            [
              -43.36645852832853,
              -21.780345832715
            ],
            [
              -43.36643867383518,
              -21.78034228827173
            ],
            [
              -43.36641377778719,
              -21.78033784407333
            ],
            [
              -43.36631625526021,
              -21.78028089721195
            ],
            [
              -43.36629488171048,
              -21.78025950379785
            ],
            [
              -43.36626819526512,
              -21.78023709142769
            ],
            [
              -43.36624682883864,
              -21.78022147141539
            ],
            [
              -43.36620368168873,
              -21.78018992742112
            ],
            [
              -43.36613638353707,
              -21.78012284260086
            ],
            [
              -43.36611889470208,
              -21.78010101157476
            ],
            [
              -43.36611303425775,
              -21.78009369632595
            ],
            [
              -43.36549024853512,
              -21.77917870338433
            ],
            [
              -43.36526563308961,
              -21.77883726784502
            ],
            [
              -43.36526555390454,
              -21.77882403680171
            ],
            [
              -43.36526060077562,
              -21.7788094569279
            ],
            [
              -43.36513127273157,
              -21.7784869014255
            ],
            [
              -43.36512322755118,
              -21.77847381829806
            ],
            [
              -43.36511095547674,
              -21.77844044242982
            ],
            [
              -43.36509682598884,
              -21.77841745319968
            ],
            [
              -43.36500841046007,
              -21.77826619735349
            ],
            [
              -43.36500218500318,
              -21.77825688597286
            ],
            [
              -43.36498143574535,
              -21.77822584775733
            ],
            [
              -43.36496600192501,
              -21.77817837035782
            ],
            [
              -43.36514377897952,
              -21.77813362507019
            ],
            [
              -43.36516480022002,
              -21.77812617464134
            ],
            [
              -43.36518431744692,
              -21.77810928340582
            ],
            [
              -43.36518785321224,
              -21.7780846850536
            ],
            [
              -43.3652285027251,
              -21.77806027041194
            ],
            [
              -43.36524301561008,
              -21.77805848106983
            ],
            [
              -43.36549604065952,
              -21.77804118577437
            ],
            [
              -43.36552647771894,
              -21.77805531493725
            ],
            [
              -43.36557060554589,
              -21.77806638932217
            ],
            [
              -43.3657978172762,
              -21.77816035621875
            ],
            [
              -43.36584695367867,
              -21.77817464129613
            ],
            [
              -43.36587489919048,
              -21.77818276378567
            ],
            [
              -43.36591663333347,
              -21.77819489736923
            ],
            [
              -43.36593741945909,
              -21.77820093942183
            ],
            [
              -43.36614013344286,
              -21.77822354830037
            ],
            [
              -43.36617391701985,
              -21.77823344726224
            ],
            [
              -43.36626858716377,
              -21.77827923385087
            ],
            [
              -43.36630252913527,
              -21.77830707668189
            ],
            [
              -43.3663558758448,
              -21.77834075366457
            ],
            [
              -43.36642249353162,
              -21.77840877640636
            ],
            [
              -43.36652462728118,
              -21.77858099072498
            ]
          ]
        ]
      },
      "properties": {
        "LOCAL": "Rua José Claro Dia",
        "DATA_SETOR": "Outubro de 2017",
        "NUM_SETOR": "MG_JUIZDEF_SR_78_CPRM",
        "TIPOLO_G1": "Deslizamento",
        "TIPOLO_E1": "Deslizamento planar",
        "COBRADE_01": "1.1.3.2.1",
        "TIPOLO_G2": "",
        "TIPOLO_E2": "",
        "COBRADE_02": "",
        "TIPOLO_G3": "",
        "TIPOLO_E3": "",
        "COBRADE_03": "",
        "TIPOLO_G4": "",
        "TIPOLO_E4": "",
        "COBRADE_04": "",
        "TIPOLO_G5": "",
        "TIPOLO_E5": "",
        "COBRADE_05": "",
        "SITUACAO": "Instalado",
        "DESCRICAO": "Ocupaçoes em encosta de alto aclive por meio de corte verticalizado e aterro com historicos de deslizamentos.",
        "NUM_EDIF": "130",
        "NUM_PESS": "520",
        "OBS_OCUP": "Casas de Alvenaria",
        "GRAU_VULNE": "Alto",
        "GRAU_RISCO": "Alto",
        "SUG_INTERV": "Monitoramento, estudo Geotecnico para avaliação de obras de contenção, implantação de sistemas de drenagem.",
        "ORGAO_EXEC": "CPRM",
        "PROJETO": "Setorização de Áreas em Alto e Muito Alto Risco a Movimentos de Massa, Enchentes e Inundações",
        "UTME": "668941.39",
        "UTMN": "7590713.57",
        "ZONA": "23",
        "Shape_Leng": "777,306835"
      }
    },
    {
      "type": "Feature",
      "geometry": {
        "type": "Polygon",
        "coordinates": [
          [
            [
              -43.35246392076588,
              -21.78414333995945
            ],
            [
              -43.35255821369029,
              -21.7841190570073
            ],
            [
              -43.35261172605072,
              -21.7841038412254
            ],
            [
              -43.3535531801033,
              -21.78371094091414
            ],
            [
              -43.35380726609529,
              -21.78359774313077
            ],
            [
              -43.35378424155461,
              -21.78335335484391
            ],
            [
              -43.35372913331112,
              -21.7832098451413
            ],
            [
              -43.35401750412455,
              -21.78292721508712
            ],
            [
              -43.35401836904565,
              -21.78291879586185
            ],
            [
              -43.35331915876522,
              -21.78199312474603
            ],
            [
              -43.35312987352879,
              -21.7812990910619
            ],
            [
              -43.35313880968928,
              -21.78128141038228
            ],
            [
              -43.35309812716626,
              -21.78074006258269
            ],
            [
              -43.35309628990235,
              -21.78070771482883
            ],
            [
              -43.35288176609955,
              -21.77974911808383
            ],
            [
              -43.35321212984169,
              -21.77868383276631
            ],
            [
              -43.35351737901976,
              -21.77782586992511
            ],
            [
              -43.35362743325688,
              -21.77761604514669
            ],
            [
              -43.35364646623979,
              -21.77757603107676
            ],
            [
              -43.35406096341105,
              -21.77752354310286
            ],
            [
              -43.35408168682979,
              -21.77755204880526
            ],
            [
              -43.35410245594593,
              -21.77758061818509
            ],
            [
              -43.35414367537044,
              -21.77764705230217
            ],
            [
              -43.35415981096445,
              -21.77768787724873
            ],
            [
              -43.35433935361044,
              -21.77864827419968
            ],
            [
              -43.3543474489566,
              -21.77868991958084
            ],
            [
              -43.35435554155018,
              -21.77873155228933
            ],
            [
              -43.35436494984555,
              -21.77875542655345
            ],
            [
              -43.35449309891522,
              -21.77912687091085
            ],
            [
              -43.35448988940167,
              -21.7791622908212
            ],
            [
              -43.35449743533609,
              -21.77920412401353
            ],
            [
              -43.35450256290559,
              -21.77927238360957
            ],
            [
              -43.35450176033467,
              -21.77928119184409
            ],
            [
              -43.35499452396012,
              -21.78091306204161
            ],
            [
              -43.35499408658701,
              -21.78092995311868
            ],
            [
              -43.35500574278947,
              -21.78096295407545
            ],
            [
              -43.35527987064477,
              -21.78138394940932
            ],
            [
              -43.35513723154771,
              -21.78180379744428
            ],
            [
              -43.3552497910507,
              -21.7820606631315
            ],
            [
              -43.35569703417055,
              -21.7824320268752
            ],
            [
              -43.35547928928339,
              -21.78308980269199
            ],
            [
              -43.35546622343751,
              -21.78311923199753
            ],
            [
              -43.35516604116702,
              -21.78368192797984
            ],
            [
              -43.35516416133526,
              -21.78369115722594
            ],
            [
              -43.35505455730276,
              -21.78378142045148
            ],
            [
              -43.35470234553224,
              -21.78412348280914
            ],
            [
              -43.35406212392391,
              -21.78439102896502
            ],
            [
              -43.35401748536538,
              -21.78439573084063
            ],
            [
              -43.35397319244581,
              -21.78440039730879
            ],
            [
              -43.35320931536077,
              -21.78449262935112
            ],
            [
              -43.35316026507221,
              -21.78449580757287
            ],
            [
              -43.35309991461679,
              -21.78449790131232
            ],
            [
              -43.35274766135519,
              -21.78446611188606
            ],
            [
              -43.35270234628026,
              -21.78445435562783
            ],
            [
              -43.35246392076588,
              -21.78414333995945
            ]
          ]
        ]
      },
      "properties": {
        "LOCAL": "Rua João Francisco Monteiro",
        "DATA_SETOR": "Outubro de 2017",
        "NUM_SETOR": "MG_JUIZDEF_SR_79_CPRM",
        "TIPOLO_G1": "Deslizamento",
        "TIPOLO_E1": "Deslizamento planar",
        "COBRADE_01": "1.1.3.2.1",
        "TIPOLO_G2": "",
        "TIPOLO_E2": "",
        "COBRADE_02": "",
        "TIPOLO_G3": "",
        "TIPOLO_E3": "",
        "COBRADE_03": "",
        "TIPOLO_G4": "",
        "TIPOLO_E4": "",
        "COBRADE_04": "",
        "TIPOLO_G5": "",
        "TIPOLO_E5": "",
        "COBRADE_05": "",
        "SITUACAO": "Instalado",
        "DESCRICAO": "Ocupaçoes em encosta de alto aclive por meio de corte verticalizado e aterro com historicos de deslizamentos.",
        "NUM_EDIF": "100",
        "NUM_PESS": "400",
        "OBS_OCUP": "Casas de Alvenaria",
        "GRAU_VULNE": "Alto",
        "GRAU_RISCO": "Alto",
        "SUG_INTERV": "Monitoramento, estudo Geotecnico para avaliação de obras de contenção, implantação de sistemas de drenagem.",
        "ORGAO_EXEC": "CPRM",
        "PROJETO": "Setorização de Áreas em Alto e Muito Alto Risco a Movimentos de Massa, Enchentes e Inundações",
        "UTME": "670183.70",
        "UTMN": "7590442.79",
        "ZONA": "23",
        "Shape_Leng": "1981,279559"
      }
    },
    {
      "type": "Feature",
      "geometry": {
        "type": "Polygon",
        "coordinates": [
          [
            [
              -43.35577713612459,
              -21.76461427330692
            ],
            [
              -43.35566825198015,
              -21.76457443572212
            ],
            [
              -43.35560110165545,
              -21.7644876197649
            ],
            [
              -43.35560908766419,
              -21.7644600220785
            ],
            [
              -43.35560478364275,
              -21.76436280732646
            ],
            [
              -43.35559467155655,
              -21.76434177125013
            ],
            [
              -43.35557960570176,
              -21.76431923084265
            ],
            [
              -43.35551465534749,
              -21.76424564438651
            ],
            [
              -43.35549483315941,
              -21.76423957279189
            ],
            [
              -43.35548987761266,
              -21.76423805489288
            ],
            [
              -43.35539315415173,
              -21.76420446093667
            ],
            [
              -43.35537701786603,
              -21.76419881255746
            ],
            [
              -43.35527000212569,
              -21.76416135972392
            ],
            [
              -43.35524871532604,
              -21.76415390968636
            ],
            [
              -43.35523983724887,
              -21.76414490579485
            ],
            [
              -43.35514280538965,
              -21.76408162912139
            ],
            [
              -43.3551164929528,
              -21.76405489159394
            ],
            [
              -43.35510598446742,
              -21.76403369077769
            ],
            [
              -43.35511992407579,
              -21.76397426086006
            ],
            [
              -43.35512515323183,
              -21.76395855996892
            ],
            [
              -43.35513560461812,
              -21.76392717166513
            ],
            [
              -43.3551568166685,
              -21.76381893681586
            ],
            [
              -43.35515716886372,
              -21.76380178021462
            ],
            [
              -43.35515787306819,
              -21.76376748326796
            ],
            [
              -43.35515328087179,
              -21.7636510408031
            ],
            [
              -43.35515548259532,
              -21.76362880939019
            ],
            [
              -43.35515063693038,
              -21.76361001866601
            ],
            [
              -43.355117357577,
              -21.76347303908408
            ],
            [
              -43.35510885985435,
              -21.76346460167092
            ],
            [
              -43.35503783844464,
              -21.76337349470019
            ],
            [
              -43.35502777290106,
              -21.76335322317425
            ],
            [
              -43.35502279217369,
              -21.7633345774239
            ],
            [
              -43.35504515218099,
              -21.76326771383486
            ],
            [
              -43.35503853735455,
              -21.76323727938024
            ],
            [
              -43.35503184271877,
              -21.76322385610949
            ],
            [
              -43.35503879847698,
              -21.76318637881567
            ],
            [
              -43.35504625381201,
              -21.76304756080257
            ],
            [
              -43.35504975988678,
              -21.76302049483016
            ],
            [
              -43.35504821657831,
              -21.76299191904636
            ],
            [
              -43.35505334629966,
              -21.76297662541665
            ],
            [
              -43.35509525635835,
              -21.76278758381749
            ],
            [
              -43.35511398196294,
              -21.7626869283565
            ],
            [
              -43.35511247142387,
              -21.76267532694225
            ],
            [
              -43.35512251253966,
              -21.76258346999101
            ],
            [
              -43.35510237529211,
              -21.76251123772995
            ],
            [
              -43.35509705269534,
              -21.76249323528007
            ],
            [
              -43.35511129912185,
              -21.7624149285766
            ],
            [
              -43.35511943739822,
              -21.76238983070257
            ],
            [
              -43.35514705206234,
              -21.76230466338469
            ],
            [
              -43.35515515827601,
              -21.76227966273586
            ],
            [
              -43.35517914216052,
              -21.76220484713078
            ],
            [
              -43.35518537129125,
              -21.76218496437316
            ],
            [
              -43.35520941882915,
              -21.76207325502718
            ],
            [
              -43.35520706204424,
              -21.76204589138898
            ],
            [
              -43.35520813813228,
              -21.76195562884968
            ],
            [
              -43.35520116543695,
              -21.76194319093387
            ],
            [
              -43.35518878752502,
              -21.76191346780146
            ],
            [
              -43.3551708592376,
              -21.76183457194589
            ],
            [
              -43.35516264223451,
              -21.76181101306055
            ],
            [
              -43.35515448164166,
              -21.76177147602804
            ],
            [
              -43.35517446998217,
              -21.76171262919284
            ],
            [
              -43.35528043439184,
              -21.76155455523097
            ],
            [
              -43.35528405906142,
              -21.76154413931596
            ],
            [
              -43.35528803486376,
              -21.76146557960848
            ],
            [
              -43.35531164952175,
              -21.76138097490475
            ],
            [
              -43.35531526912352,
              -21.76137057880876
            ],
            [
              -43.35531181422891,
              -21.76134700676905
            ],
            [
              -43.35535173619388,
              -21.76119887698527
            ],
            [
              -43.35535193052873,
              -21.76116502294753
            ],
            [
              -43.35535566145575,
              -21.76115461440879
            ],
            [
              -43.35536950632268,
              -21.7610673112928
            ],
            [
              -43.35537744092623,
              -21.76104632911083
            ],
            [
              -43.35544385691996,
              -21.76104471160814
            ],
            [
              -43.35545483253866,
              -21.76104730637722
            ],
            [
              -43.35547916868575,
              -21.76112262417712
            ],
            [
              -43.3554783819264,
              -21.76113982433586
            ],
            [
              -43.35548080463558,
              -21.76118066905875
            ],
            [
              -43.35547355623015,
              -21.76120150813557
            ],
            [
              -43.35547528180548,
              -21.76123030341071
            ],
            [
              -43.35546259027387,
              -21.76126679701598
            ],
            [
              -43.35541843086071,
              -21.76158010099734
            ],
            [
              -43.35541473484908,
              -21.76160772418649
            ],
            [
              -43.35541825999805,
              -21.7616315814347
            ],
            [
              -43.35540915596491,
              -21.76165777616124
            ],
            [
              -43.35540551414493,
              -21.76166825513344
            ],
            [
              -43.35539114360518,
              -21.76181347685462
            ],
            [
              -43.35538416791592,
              -21.76183447669748
            ],
            [
              -43.35537631952463,
              -21.7618780102065
            ],
            [
              -43.35537932680204,
              -21.76190734840989
            ],
            [
              -43.3553714789192,
              -21.76193369742737
            ],
            [
              -43.35535179084225,
              -21.76219884792551
            ],
            [
              -43.35535091478644,
              -21.7622218449048
            ],
            [
              -43.3553632964014,
              -21.76226041140427
            ],
            [
              -43.35539972092607,
              -21.76244135983666
            ],
            [
              -43.35539153958484,
              -21.76246845881439
            ],
            [
              -43.35539040634033,
              -21.76249179464977
            ],
            [
              -43.35538537202036,
              -21.7625080547749
            ],
            [
              -43.35540468997706,
              -21.76275222767693
            ],
            [
              -43.35539881098745,
              -21.76278626904798
            ],
            [
              -43.35539483326023,
              -21.76281493625142
            ],
            [
              -43.35532633804959,
              -21.76300893593726
            ],
            [
              -43.35532253225653,
              -21.76301971494578
            ],
            [
              -43.35531747829554,
              -21.76321713371479
            ],
            [
              -43.35530853263798,
              -21.76324452133528
            ],
            [
              -43.35530674330442,
              -21.76324999957985
            ],
            [
              -43.35529420995304,
              -21.76328837159793
            ],
            [
              -43.3552888359211,
              -21.76330482614149
            ],
            [
              -43.35527987619143,
              -21.76333225968338
            ],
            [
              -43.3552727980893,
              -21.76337250140504
            ],
            [
              -43.35527298814974,
              -21.76340910321106
            ],
            [
              -43.35531279457769,
              -21.76366126824297
            ],
            [
              -43.35531481641696,
              -21.7636927408658
            ],
            [
              -43.35531683878083,
              -21.76372425233181
            ],
            [
              -43.35532239769749,
              -21.76376309600975
            ],
            [
              -43.35532407139119,
              -21.76377590934743
            ],
            [
              -43.35569128954674,
              -21.76423588206884
            ],
            [
              -43.35572339023605,
              -21.76437826639918
            ],
            [
              -43.35572843405655,
              -21.76439715572401
            ],
            [
              -43.35573018160062,
              -21.76440926167577
            ],
            [
              -43.35579300953884,
              -21.76453870500889
            ],
            [
              -43.35581468792856,
              -21.76459190380398
            ],
            [
              -43.35577713612459,
              -21.76461427330692
            ]
          ]
        ]
      },
      "properties": {
        "LOCAL": "Rua Halfeld",
        "DATA_SETOR": "Outubro de 2017",
        "NUM_SETOR": "MG_JUIZDEF_SR_80_CPRM",
        "TIPOLO_G1": "Queda",
        "TIPOLO_E1": "Blocos",
        "COBRADE_01": "1.1.3.1.1",
        "TIPOLO_G2": "",
        "TIPOLO_E2": "",
        "COBRADE_02": "",
        "TIPOLO_G3": "",
        "TIPOLO_E3": "",
        "COBRADE_03": "",
        "TIPOLO_G4": "",
        "TIPOLO_E4": "",
        "COBRADE_04": "",
        "TIPOLO_G5": "",
        "TIPOLO_E5": "",
        "COBRADE_05": "",
        "SITUACAO": "Instalado",
        "DESCRICAO": "Ocupações muito próximas a paredão rochoso instavel, apresentando blocos soltos",
        "NUM_EDIF": "15",
        "NUM_PESS": "60",
        "OBS_OCUP": "Casas de Alvenaria",
        "GRAU_VULNE": "Alto",
        "GRAU_RISCO": "Alto",
        "SUG_INTERV": "Estudo Geotecnico para avaliação de obras de contenção de blocos, implantação de sistemas de drenagem, monitoramento.",
        "ORGAO_EXEC": "CPRM",
        "PROJETO": "Setorização de Áreas em Alto e Muito Alto Risco a Movimentos de Massa, Enchentes e Inundações",
        "UTME": "670077.35",
        "UTMN": "7592540.62",
        "ZONA": "23",
        "Shape_Leng": "871,973202"
      }
    }
  ]
}